Disaster Subgroup,Disaster Type,Disaster Subtype,Location,Magnitude,Magnitude Scale,Start Year,Start Month,Start Day,End Year,End Month,End Day,Total Deaths,Total Affected,Total Damage ('000 US$),Start_Date,End_Date,Duration,Season,Primary_State,Deaths_log,Affected_log,Damage_log,Disaster Type_encoded,Disaster Subtype_encoded,Disaster Subgroup_encoded,Season_encoded,Primary_State_encoded,Magnitude Scale_encoded
Climatological,Drought,Drought,"Bihar, Orissa, Andhra Pradesh, Maharashtra, Gujarat, Madhya Prasdesh, Uttar Pradesh, Karnataka",,Km2,1993,3.0,1.0,1993,10.0,1.0,49.0,1175000.0,160000.0,1993-03-01,1993-10-01,214.0,Summer,Odisha,3.912023005428146,13.976779556623864,11.982935344196433,0,6,1,2,19,0
Climatological,Drought,Drought,Rajasthan,72000.0,Km2,1996,3.0,1.0,1996,4.0,1.0,49.0,30000.0,542400.0,1996-03-01,1996-04-01,31.0,Summer,Rajasthan,3.912023005428146,10.308985993422082,13.20376085926444,0,6,1,2,21,0
Climatological,Drought,Drought,"New Delhi city (Delhi province), Gujarat, Rajasthan, Madhya Prasdesh, Andhra Pradesh, Orissa, Maharashtra provinces",,Km2,2000,4.0,1.0,2001,4.0,1.0,20.0,50000000.0,588000.0,2000-04-01,2001-04-01,365.0,Summer,Odisha,3.044522437723423,17.72753358339242,13.28448392755959,0,6,1,2,19,0
Climatological,Drought,Drought,"Uttar Pradesh, Madhya Pradesh, Rajasthan, Punjab, Haryana, Delhi, Karnataka, Kerala, Nagaland, Orissa, Chhattisgarh, Himachal Pradesh, Gujarat, Maharashtra, Andhra Pradesh, Tamil Nadu provinces",560000.0,Km2,2002,7.0,1.0,2002,7.0,1.0,49.0,300000000.0,910722.0,2002-07-01,2002-07-01,1.0,Monsoon,Odisha,3.912023005428146,19.519293035953808,13.721994068535123,0,6,1,0,19,0
Climatological,Drought,Drought,"Bongaigaon, Cachar, Dhuburi, Goalpara, Golaghat, Hailakandi, Jorhat, Kamrup, Karbi Anglong, Kokrajhar, Lakhimpur, Marigaon, Nagaon, Sibsagar, Barpeta, Darrang, Dhemaji, Dibrugarh, Karimganj, Nalbari, North Cachar Hills, Sonitpur, Tinsukia districts (Assam province), Bilaspur, Chamba, Hamirpur, Kangra, Kinnaur, Kullu, Lahaul and Spiti, Mandi, Shimla, Sirmaur, Solan, Una districts (Himachal Pradesh province), Chatra, Garhwa, Latehar, Palamu, Dumka, Deoghar, Giridih, Godda, Jamtara, Pakur, Sahibganj, Bokaro, Dhanbad, Purba Singhbhum, Gumla, Hazaribag, Koderma, Lohardaga, Ranchi, Simdega, Saraikela Kharsawan, Pashchim Singhbhum districts (Jharkhand province), Bishnupur, Chandel, Churachandpur, East Imphal, West Imphal, Senapati, Tamenglong, Thoubal, Ukhrul districts (Manipur province), Dimapur, Kohima, Phek, Mokokchung, Mon, Tuensang, Wokha, Zunheboto districts (Nagaland province), Ambedkar Nagar, Ballia, Bareilly, Basti, Deoria, Farrukkhabad, Fatehpur, Ghazipur, Hardoi, Hathras, Jaunpur, Kannauj, Kanpur Dehat, Mainpuri, Mau, Rae Bareli, Sultanpur, Sant Kabir Nagar, Unnao, Agra, Shahjahanpur, Faizabad, Meerut, Mahoba, Aligarh, Jyotiba Phule Nagar, Balrampur, Etah, Rampur, Ghaziabad, Gautam Buddha Nagar, Banda, Mathura, Allahabad, Auraiya, Jalaun, Varanasi, Chandauli, Moradabad, Azamgarh, Siddharth Nagar, Badaun, Sitapur, Firozabad, Saharanpur, Chitrakoot, Etawah, Bulandshahr, Kaushambi, Pilibhit, Muzaffarnagar, Kushinagar, Jhansi, Lucknow, Bijnor, Mirzapur districts (Uttar Pradesh province), Patna, Nalanda, Gaya, Buxar, Bhojpur, Rohtas, Bhabua, Siwan, Nawada, Munger, Aurangabad, Sheikhpura, Lakhisarai, Jamui, Bhagalpur, Banka, Saran, Jehanabad, Muzaffarpur, Sitamarhi, Begusarai, Madhepura, Kishanganj, Katihar, Vaishali districts (Bihar province), Bangalore Urban, Bangalore Rural, Kolar, Tumkur, Chitradurga, Davanagere, Chamrajnagar, Mysore, Mandya, Bellary, Koppal, Raichur, Gulbarga, Bidar, Belgaum, Bagalkot, Bijapur, Gadag districts (Karnataka province), Nanded, Latur, Aurangabad, Jalna, Bid, Parbhani, Osmanabad, Hingoli, Chandrapur, Yavatmal, Wardha, Thane, Raigarh, Nandurbar, Jalgaon, Amravati, Buldana, Washim, Garhchiroli, Pune, Satara, Sangli, Solapur, Kolhapur, Nashik, Dhule, Ahmednagar, Akola districts (Maharasthra province), Rewa, Satna, Sidhi, Shahdol, Anuppur, Umaria, Dindori, Jabalpur, Katni, Balaghat, Narsinghpur, Mandla, Sagar, Panna, Tikamgarh, Chhatarpur, Raisen, Vidisha, Damoh, Sehore, Gwalior, Guna, Ashoknagar, Shivpuri, Datia, Bhind, Morena, Sheopur, Shajapur, Dewas, Ratlam, East Nimar, Burhanpur, Barwani, Jhabua districts (Madhya Pradesh province), Ajmer, Alwar, Banswara, Barmer, Bhilwara, Bikaner, Bundi, Chittaurgarh, Churu, Dausa, Dungarpur, Ganganagar, Hanumangarh, Jaipur, Jaisalmer, Jalor, Jhunjhunu, Jodhpur, Nagaur, Pali, Rajsamand, Sawai Madhopur, Sikar, Sirohi, Tonk, Udaipur districts (Rajasthan province)",,Km2,2009,7.0,1.0,2009,8.0,1.0,49.0,30000.0,160000.0,2009-07-01,2009-08-01,31.0,Monsoon,Karnataka,3.912023005428146,10.308985993422082,11.982935344196433,0,6,1,0,10,0
Climatological,Drought,Drought,"Tamil Nadu, Rajasthan, Jharkhand, Assam, Andhra Pradesh, Himachal Pradesh, Nagaland; Maharashtra, Bihar, Madhya Pradesh, Chhattisgarh, Telangana, Jharkand, Odisha states",,Km2,2015,1.0,1.0,2016,12.0,1.0,49.0,330000000.0,3000000.0,2015-01-01,2016-12-01,700.0,Winter,Andhra Pradesh,3.912023005428146,19.6146032154551,14.914123179965662,0,6,1,3,0,0
Climatological,Drought,Drought,"Karnataka, Maharashtra states",,Km2,2018,9.0,1.0,2019,6.0,1.0,49.0,8200000.0,1100000.0,2018-09-01,2019-06-01,273.0,Monsoon,Karnataka,3.912023005428146,15.919644834185693,13.910821646859095,0,6,1,0,10,0
Geophysical,Earthquake,Ground movement,"Harsil (near Gangotri, Uttarkashi's Bhagirathi valley, Uttar Pradesh)",6.1,Moment Magnitude,1991,10.0,20.0,1991,10.0,20.0,1500.0,54383.0,60000.0,1991-10-20,1991-10-20,1.0,Post-Monsoon,Uttar Pradesh,7.313886831633462,10.903825271935897,11.002116507732017,1,11,2,1,26,2
Geophysical,Earthquake,Ground movement,"Killari, Haegoan, Sostour, Holi (Latur and Osmanabad districts, Maharastra state)",6.4,Moment Magnitude,1993,9.0,29.0,1993,9.0,29.0,9748.0,30000.0,280000.0,1993-09-29,1993-09-29,1.0,Monsoon,Goa,9.184919994629272,10.308985993422082,12.54254845357358,1,11,2,0,5,2
Geophysical,Earthquake,Ground movement,Latur area,4.6,Moment Magnitude,1993,11.0,12.0,1993,11.0,12.0,49.0,525.0,160000.0,1993-11-12,1993-11-12,1.0,Post-Monsoon,Unknown,3.912023005428146,6.26530121273771,11.982935344196433,1,11,2,1,25,2
Geophysical,Earthquake,Ground movement,Jabalpur (Madhya Pradesh),6.0,Moment Magnitude,1997,5.0,22.0,1997,5.0,22.0,43.0,156500.0,37000.0,1997-05-22,1997-05-22,1.0,Summer,Madhya Pradesh,3.784189633918261,11.960817678718287,10.518700218288165,1,11,2,2,13,2
Geophysical,Earthquake,Ground movement,"Chamoli, Rudraprayag, Bageshwar (new district), Tehri Garhwal, Pauri Garhwal district",6.6,Moment Magnitude,1999,3.0,28.0,1999,3.0,28.0,100.0,477894.0,2000.0,1999-03-28,1999-03-28,1.0,Summer,Unknown,4.61512051684126,13.077146322071677,7.601402334583733,1,11,2,2,25,2
Geophysical,Earthquake,Ground movement,"Ahmadabad, Amreli, Anand, Banas Kantha, Bharuch, Bhavnagar, Dahdod, Gandhinagar, Jamnagar, Junagadh, Kachchh, Kheda, Mahesana, Navsari, Patan, Porbandar, Rajkot, Sabar Kantha, Surat, Surendranagar, Vadodara districts (Gurajat province)",7.7,Moment Magnitude,2001,1.0,26.0,2001,1.0,26.0,20005.0,6321812.0,2623000.0,2001-01-26,2001-01-26,1.0,Winter,Unknown,9.903787507545125,15.659516592073151,14.77982964009179,1,11,2,3,25,2
Geophysical,Earthquake,Ground movement,Andaman Islands district (Andaman and Nicobar province),6.5,Moment Magnitude,2002,9.0,13.0,2002,9.0,13.0,2.0,200.0,160000.0,2002-09-13,2002-09-13,1.0,Monsoon,Unknown,1.0986122886681098,5.303304908059076,11.982935344196433,1,11,2,0,25,2
Geophysical,Earthquake,Tsunami,"Kancheepuram, Villupuram, Nagapattinam, Thoothukudi, Tirunelveli Kattabo, Kanniyakumari, Chennai, Thiruvallur, Cuddalore, Pudukkottai, Ramanathapuram, Sivaganga, Thanjavur districts (Tamil Nadu province), Vishakhapatnam, East Godavari, West Godavari, Krishna, Guntur, Prakasam, Nellore districts (Andhra Pradesh province), Kollam, Alappuzha, Ernakulam districts (Kerala province), Puducherry, Karaikal district (Puducherry province), Andaman and Nicobar province",9.1,Moment Magnitude,2004,12.0,26.0,2004,12.0,26.0,16389.0,654512.0,1022800.0,2004-12-26,2004-12-26,1.0,Winter,Andhra Pradesh,9.704426671737876,13.391646726625286,13.838055500106943,1,27,2,3,0,2
Geophysical,Earthquake,Ground movement,Administrative unit not available districts (Jammu and Kashmir province),7.6,Moment Magnitude,2005,10.0,8.0,2005,10.0,8.0,1309.0,156622.0,1000000.0,2005-10-08,2005-10-08,1.0,Post-Monsoon,Jammu,7.177782416195197,11.96159692276329,13.815511557963774,1,11,2,1,9,2
Geophysical,Earthquake,Ground movement,"Sikkim, West Bengal, Bihar, Assam, Meghalaya provinces",6.9,Moment Magnitude,2011,9.0,18.0,2011,9.0,18.0,112.0,575200.0,160000.0,2011-09-18,2011-09-18,1.0,Monsoon,West Bengal,4.727387818712341,13.262474823913193,11.982935344196433,1,11,2,0,28,2
Geophysical,Earthquake,Ground movement,Administrive unit not available district (Jammu and Kashmir province),5.7,Moment Magnitude,2013,5.0,1.0,2013,5.0,1.0,3.0,59350.0,120000.0,2013-05-01,2013-05-01,1.0,Summer,Jammu,1.3862943611198906,10.99122424909553,11.695255355062795,1,11,2,2,9,2
Geophysical,Earthquake,Ground movement,"Bihar, Uttar Pradesh, West Bengal, Sikkim provinces",7.8,Moment Magnitude,2015,4.0,25.0,2015,4.0,25.0,78.0,560.0,160000.0,2015-04-25,2015-04-25,1.0,Summer,West Bengal,4.3694478524670215,6.329720905522696,11.982935344196433,1,11,2,2,28,2
Geophysical,Earthquake,Ground movement,Bihar province,7.3,Moment Magnitude,2015,5.0,12.0,2015,5.0,12.0,20.0,30000.0,160000.0,2015-05-12,2015-05-12,1.0,Summer,Bihar,3.044522437723423,10.308985993422082,11.982935344196433,1,11,2,2,3,2
Geophysical,Earthquake,Ground movement,"Administrative unit not available districts (Jammu and Kashmir province), Delhi, Punjab provinces",7.5,Moment Magnitude,2015,10.0,26.0,2015,10.0,26.0,49.0,10.0,160000.0,2015-10-26,2015-10-26,1.0,Post-Monsoon,Punjab,3.912023005428146,2.3978952727983707,11.982935344196433,1,11,2,1,20,2
Geophysical,Earthquake,Ground movement,"Guwahati city (Kamrup district, Assam province), East Imphal, West Imphal, Senapati, Thoubal, Bishnupur, Tamenglong districts (Manipur province)",6.7,Moment Magnitude,2016,1.0,3.0,2016,1.0,3.0,8.0,10808.0,75000.0,2016-01-03,2016-01-03,1.0,Winter,Assam,2.1972245773362196,9.288134399416203,11.225256725762893,1,11,2,3,2,2
Geophysical,Earthquake,Ground movement,"Kamrup and Nagaon (Sonitpur District, northern Assam State)",6.4,Moment Magnitude,2021,4.0,28.0,2021,4.0,28.0,2.0,3010.0,160000.0,2021-04-28,2021-04-28,1.0,Summer,Assam,1.0986122886681098,8.010027528481734,11.982935344196433,1,11,2,2,2,2
Biological,Epidemic,Infectious disease (General),Bihar,,Vaccinated,1990,8.0,1.0,1990,8.0,1.0,90.0,18000.0,160000.0,1990-08-01,1990-08-01,1.0,Monsoon,Bihar,4.51085950651685,9.798182590890704,11.982935344196433,2,14,0,0,3,3
Biological,Epidemic,Parasitic disease,Gujarat,,Vaccinated,1990,9.0,1.0,1990,9.0,1.0,58.0,30000.0,160000.0,1990-09-01,1990-09-01,1.0,Monsoon,Gujarat,4.07753744390572,10.308985993422082,11.982935344196433,2,19,0,0,6,3
Biological,Epidemic,Bacterial disease,"Nagaon, Morigon districts (Assam)",,,1991,10.0,1.0,1991,10.0,1.0,185.0,30000.0,160000.0,1991-10-01,1991-10-01,1.0,Post-Monsoon,Assam,5.225746673713202,10.308985993422082,11.982935344196433,2,2,0,1,2,4
Biological,Epidemic,Bacterial disease,"Surat (Gujarat state), Beed (Maharashtra state)",,,1994,9.0,28.0,1994,9.0,28.0,53.0,5150.0,160000.0,1994-09-28,1994-09-28,1.0,Monsoon,Gujarat,3.9889840465642745,8.546946149565585,11.982935344196433,2,2,0,0,6,4
Biological,Epidemic,Viral disease,New Delhi,56000.0,Vaccinated,1996,10.0,4.0,1996,11.0,28.0,354.0,8423.0,160000.0,1996-10-04,1996-11-28,55.0,Post-Monsoon,Delhi,5.872117789475416,9.03884005381381,11.982935344196433,2,28,0,1,4,3
Biological,Epidemic,Bacterial disease,"Valsad, Chikali and Gandevi (Valsad district) and Vyara and Mahuva taluks (Surat district)",,,1997,7.0,15.0,1997,9.0,11.0,48.0,413.0,160000.0,1997-07-15,1997-09-11,58.0,Monsoon,Unknown,3.8918202981106265,6.025865973825314,11.982935344196433,2,2,0,0,25,4
Biological,Epidemic,Viral disease,Lucknow (city) Level 1 = Uttar Pradesh,,Vaccinated,1997,12.0,10.0,1997,12.0,10.0,49.0,210.0,160000.0,1997-12-10,1997-12-10,1.0,Winter,Uttar Pradesh,3.912023005428146,5.351858133476067,11.982935344196433,2,28,0,3,26,3
Biological,Epidemic,Viral disease,Kahool,,Vaccinated,1997,8.0,1.0,1997,,1.0,32.0,267.0,160000.0,,,1.0,Summer,Unknown,3.4965075614664802,5.5909869805108565,11.982935344196433,2,28,0,2,25,3
Biological,Epidemic,Bacterial disease,"Assam, Adilabad, Karimnaga - Level 1 = Andhra Pradesh, West Bangal",,,1998,7.0,1.0,1998,7.0,1.0,679.0,14632.0,160000.0,1998-07-01,1998-07-01,1.0,Monsoon,Andhra Pradesh,6.522092798170152,9.591034531092426,11.982935344196433,2,2,0,0,0,4
Biological,Epidemic,Viral disease,Level 1 = Uttar Pradesh,,Vaccinated,1998,8.0,1.0,1998,8.0,1.0,128.0,606.0,160000.0,1998-08-01,1998-08-01,1.0,Monsoon,Uttar Pradesh,4.859812404361672,6.408528791059498,11.982935344196433,2,28,0,0,26,3
Biological,Epidemic,Viral disease,"Khanpur, Jhalawar district, Level 1 = Delhi & Rajahastan",,Vaccinated,1999,3.0,6.0,1999,3.0,6.0,49.0,285.0,160000.0,1999-03-06,1999-03-06,1.0,Summer,Delhi,3.912023005428146,5.655991810819852,11.982935344196433,2,28,0,2,4,3
Biological,Epidemic,Viral disease,Andhra Pradesh,,Vaccinated,1999,9.0,1.0,1999,12.0,6.0,200.0,765.0,160000.0,1999-09-01,1999-12-06,96.0,Monsoon,Andhra Pradesh,5.303304908059076,6.641182169740591,11.982935344196433,2,28,0,0,0,3
Biological,Epidemic,Parasitic disease,Masarkal,,Vaccinated,1999,10.0,1.0,1999,10.0,1.0,1.0,499.0,160000.0,1999-10-01,1999-10-01,1.0,Post-Monsoon,Unknown,0.6931471805599453,6.214608098422191,11.982935344196433,2,19,0,1,25,3
Biological,Epidemic,Infectious disease (General),Orissa,,Vaccinated,1999,11.0,1.0,1999,11.0,1.0,69.0,77880.0,160000.0,1999-11-01,1999-11-01,1.0,Post-Monsoon,Odisha,4.248495242049359,11.262937299670778,11.982935344196433,2,14,0,1,19,3
Biological,Epidemic,Bacterial disease,Delhi,,,2000,5.0,1.0,2000,5.0,1.0,49.0,192.0,160000.0,2000-05-01,2000-05-01,1.0,Summer,Delhi,3.912023005428146,5.262690188904886,11.982935344196433,2,2,0,2,4,4
Biological,Epidemic,Bacterial disease,"Mumbai, Thane districts",,,2000,7.0,1.0,2000,7.0,1.0,27.0,79.0,160000.0,2000-07-01,2000-07-01,1.0,Monsoon,Unknown,3.332204510175204,4.382026634673881,11.982935344196433,2,2,0,0,25,4
Biological,Epidemic,Viral disease,Nawadah district (Bihar),,Vaccinated,2000,8.0,31.0,2000,8.0,31.0,19.0,58.0,160000.0,2000-08-31,2000-08-31,1.0,Monsoon,Bihar,2.995732273553991,4.07753744390572,11.982935344196433,2,28,0,0,3,3
Biological,Epidemic,Viral disease,Andhra Pradesh state,,Vaccinated,2000,10.0,12.0,2000,10.0,12.0,14.0,64.0,160000.0,2000-10-12,2000-10-12,1.0,Post-Monsoon,Andhra Pradesh,2.70805020110221,4.174387269895637,11.982935344196433,2,28,0,1,0,3
Biological,Epidemic,Infectious disease (General),Siliguri (West Bengal),,Vaccinated,2001,2.0,1.0,2001,2.0,1.0,28.0,42.0,160000.0,2001-02-01,2001-02-01,1.0,Winter,West Bengal,3.367295829986474,3.7612001156935624,11.982935344196433,2,14,0,3,28,3
Biological,Epidemic,Bacterial disease,"Mumbai, Thane",,,2001,6.0,18.0,2001,6.0,18.0,16.0,83.0,160000.0,2001-06-18,2001-06-18,1.0,Monsoon,Unknown,2.833213344056216,4.430816798843313,11.982935344196433,2,2,0,0,25,4
Biological,Epidemic,Bacterial disease,Orissa State,,,2001,7.0,7.0,2001,8.0,1.0,33.0,34078.0,160000.0,2001-07-07,2001-08-01,25.0,Monsoon,Odisha,3.5263605246161616,10.436436637789742,11.982935344196433,2,2,0,0,19,4
Biological,Epidemic,Parasitic disease,Orissa state,,Vaccinated,2001,8.0,1.0,2001,8.0,1.0,12.0,24686.0,160000.0,2001-08-01,2001-08-01,1.0,Monsoon,Odisha,2.5649493574615367,10.114032068273822,11.982935344196433,2,19,0,0,19,3
Biological,Epidemic,Viral disease,Mandi district,,Vaccinated,2002,3.0,12.0,2002,3.0,12.0,49.0,200.0,160000.0,2002-03-12,2002-03-12,1.0,Summer,Unknown,3.912023005428146,5.303304908059076,11.982935344196433,2,28,0,2,25,3
Biological,Epidemic,Parasitic disease,Assam,,Vaccinated,2002,5.0,1.0,2002,5.0,1.0,50.0,4950.0,160000.0,2002-05-01,2002-05-01,1.0,Summer,Assam,3.9318256327243257,8.507344855361422,11.982935344196433,2,19,0,2,2,3
Biological,Epidemic,Viral disease,Assam,,Vaccinated,2002,8.0,13.0,2002,8.0,13.0,86.0,30000.0,160000.0,2002-08-13,2002-08-13,1.0,Monsoon,Assam,4.465908118654584,10.308985993422082,11.982935344196433,2,28,0,0,2,3
Biological,Epidemic,Infectious disease (General),Saharanpur (Uttar Pradesh),,Vaccinated,2002,9.0,1.0,2002,9.0,1.0,44.0,30000.0,160000.0,2002-09-01,2002-09-01,1.0,Monsoon,Uttar Pradesh,3.8066624897703196,10.308985993422082,11.982935344196433,2,14,0,0,26,3
Biological,Epidemic,Viral disease,Delhi,,Vaccinated,2003,6.0,1.0,2003,11.0,9.0,49.0,2185.0,160000.0,2003-06-01,2003-11-09,161.0,Monsoon,Delhi,3.912023005428146,7.689828668736484,11.982935344196433,2,28,0,0,4,3
Biological,Epidemic,Bacterial disease,"Delhi, Haryana, Chandigarh, Uttar Pradesh, Uttaranchal",,,2005,5.0,18.0,2005,6.0,21.0,48.0,405.0,160000.0,2005-05-18,2005-06-21,34.0,Summer,Haryana,3.8918202981106265,6.0063531596017325,11.982935344196433,2,2,0,2,7,4
Biological,Epidemic,Viral disease,Uttar Pradesh and Bihar states,,Vaccinated,2005,7.0,1.0,2005,11.0,10.0,296.0,1145.0,160000.0,2005-07-01,2005-11-10,132.0,Monsoon,Bihar,5.6937321388027,7.044032897274685,11.982935344196433,2,28,0,0,3,3
Biological,Epidemic,Bacterial disease,Maharashtra state,,,2005,8.0,28.0,2005,8.0,30.0,110.0,1743.0,160000.0,2005-08-28,2005-08-30,2.0,Monsoon,Maharashtra,4.709530201312334,7.463936604468925,11.982935344196433,2,2,0,0,14,4
Biological,Epidemic,Viral disease,"Andhra Prasdesh, Maharashtra, Karnataka states",,Vaccinated,2005,12.0,1.0,2006,4.0,1.0,49.0,153324.0,160000.0,2005-12-01,2006-04-01,121.0,Winter,Karnataka,3.912023005428146,11.940315130494184,11.982935344196433,2,28,0,3,10,3
Biological,Epidemic,Viral disease,Uttar Pradesh,,Vaccinated,2009,1.0,1.0,2009,10.0,1.0,311.0,1521.0,160000.0,2009-01-01,2009-10-01,273.0,Winter,Uttar Pradesh,5.7430031878094825,7.3277805384216315,11.982935344196433,2,28,0,3,26,3
Biological,Epidemic,Viral disease,"Muzaffarpur, Vaishali, Sheohar, East Champaran districts (Bihar)",,Vaccinated,2019,1.0,1.0,2019,6.0,17.0,121.0,418.0,160000.0,2019-01-01,2019-06-17,167.0,Winter,Bihar,4.804021044733257,6.037870919922137,11.982935344196433,2,28,0,3,3,3
Biological,Epidemic,Viral disease,Rajendranagar area (Bihar),,Vaccinated,2019,10.0,1.0,2019,10.0,1.0,49.0,900.0,160000.0,2019-10-01,2019-10-01,1.0,Post-Monsoon,Bihar,3.912023005428146,6.803505257608338,11.982935344196433,2,28,0,1,3,3
Meteorological,Extreme temperature,Cold wave,"Haryana, Punjab, Jammu, Himachal Pradesh, Rajasthan states",,°C,1990,1.0,1.0,1990,1.0,1.0,178.0,30000.0,160000.0,1990-01-01,1990-01-01,1.0,Winter,Haryana,5.187385805840755,10.308985993422082,11.982935344196433,3,5,4,3,7,5
Meteorological,Extreme temperature,Cold wave,"North, West",,°C,1990,12.0,29.0,1990,12.0,29.0,86.0,30000.0,160000.0,1990-12-29,1990-12-29,1.0,Winter,Unknown,4.465908118654584,10.308985993422082,11.982935344196433,3,5,4,3,25,5
Meteorological,Extreme temperature,Cold wave,Bihar state,,°C,1992,1.0,1.0,1992,1.0,1.0,275.0,30000.0,160000.0,1992-01-01,1992-01-01,1.0,Winter,Bihar,5.62040086571715,10.308985993422082,11.982935344196433,3,5,4,3,3,5
Meteorological,Extreme temperature,Heat wave,"New Delhi, Rajasthan, Madhya Pradesh",49.0,°C,1994,5.0,1.0,1994,5.0,1.0,161.0,30000.0,160000.0,1994-05-01,1994-05-01,1.0,Summer,Madhya Pradesh,5.087596335232384,10.308985993422082,11.982935344196433,3,13,4,2,13,5
Meteorological,Extreme temperature,Heat wave,"Bihar, Punjab, Haryana and Jammu, Kashmir, Tamil Nadu, Maharashtra, Orissa, Uttar Pradesh, New Delhi, Rajasthan, Madhya Pradesh",50.0,°C,1995,5.0,8.0,1995,6.0,21.0,558.0,30000.0,160000.0,1995-05-08,1995-06-21,44.0,Summer,Odisha,6.326149473155099,10.308985993422082,11.982935344196433,3,13,4,2,19,5
Meteorological,Extreme temperature,Heat wave,"Orissa, Andhra Pradesh, Rajasthan, Madhya Pradesh, Uttar Pradesh, Gujarat states",49.8,°C,1998,5.0,26.0,1998,5.0,26.0,2541.0,30000.0,160000.0,1998-05-26,1998-05-26,1.0,Summer,Odisha,7.8407064517494,10.308985993422082,11.982935344196433,3,13,4,2,19,5
Meteorological,Extreme temperature,Cold wave,"Uttar Pradesh, Bihar, Rajasthan, Jammu and Cachemire states",,°C,1998,12.0,15.0,1998,12.0,15.0,100.0,30000.0,160000.0,1998-12-15,1998-12-15,1.0,Winter,Bihar,4.61512051684126,10.308985993422082,11.982935344196433,3,5,4,3,3,5
Meteorological,Extreme temperature,Heat wave,"Orissa, Andhra Pradesh, Gujurat, Uttar Pradesh",47.0,°C,1999,4.0,1.0,1999,4.0,1.0,140.0,30000.0,160000.0,1999-04-01,1999-04-01,1.0,Summer,Odisha,4.948759890378168,10.308985993422082,11.982935344196433,3,13,4,2,19,5
Meteorological,Extreme temperature,Cold wave,"Bihar, Uttar Pradesh, West Bengal provinces",,°C,2000,1.0,1.0,2000,1.0,1.0,275.0,30000.0,160000.0,2000-01-01,2000-01-01,1.0,Winter,West Bengal,5.62040086571715,10.308985993422082,11.982935344196433,3,5,4,3,28,5
Meteorological,Extreme temperature,Cold wave,"Uttar Pradesh, Bihar, Punjab provinces",-22.0,°C,2001,1.0,1.0,2001,1.0,1.0,125.0,30000.0,160000.0,2001-01-01,2001-01-01,1.0,Winter,Punjab,4.836281906951478,10.308985993422082,11.982935344196433,3,5,4,3,20,5
Meteorological,Extreme temperature,Cold wave,"Uttar Pradesh, Rajasthan provinces",,°C,2001,12.0,1.0,2001,12.0,1.0,48.0,30000.0,160000.0,2001-12-01,2001-12-01,1.0,Winter,Rajasthan,3.8918202981106265,10.308985993422082,11.982935344196433,3,5,4,3,21,5
Meteorological,Extreme temperature,Heat wave,"Madhya Pradesh, Andhra Pradesh, Uttar Pradesh, Delhi, Rajasthan, Punjab, Haryana, Orissa, West Bengal provinces",50.0,°C,2002,5.0,10.0,2002,5.0,22.0,1030.0,30000.0,160000.0,2002-05-10,2002-05-22,12.0,Summer,West Bengal,6.93828448401696,10.308985993422082,11.982935344196433,3,13,4,2,28,5
Meteorological,Extreme temperature,Cold wave,"Bihar, Uttar Pradesh, Himachal Pradesh, Rajasthan, Jharkhand, Jammu and Kashmir, Punjab, Haryana, Delhi provinces",5.0,°C,2002,12.0,1.0,2002,12.0,1.0,900.0,30000.0,160000.0,2002-12-01,2002-12-01,1.0,Winter,Bihar,6.803505257608338,10.308985993422082,11.982935344196433,3,5,4,3,3,5
Meteorological,Extreme temperature,Heat wave,"Andhra Pradesh, Orissa, Tamil Nadu, Vidarbha (=part of Maharashtra), Chhattisgarh, Jharkland, Uttar Pradesh, Rajasthan, Madhya Pradesh, Bihar provinces",49.0,°C,2003,5.0,14.0,2003,6.0,6.0,1210.0,30000.0,400000.0,2003-05-14,2003-06-06,23.0,Summer,Odisha,7.099201743553092,10.308985993422082,12.899222326086994,3,13,4,2,19,5
Meteorological,Extreme temperature,Cold wave,"Uttar Pradesh, Himachal Pradesh, Haryana, Jammu and Kashmir provinces",,°C,2003,12.0,15.0,2004,1.0,1.0,400.0,30000.0,160000.0,2003-12-15,2004-01-01,17.0,Winter,Haryana,5.993961427306569,10.308985993422082,11.982935344196433,3,5,4,3,7,5
Meteorological,Extreme temperature,Heat wave,"Uttar Pradesh, Bihar, West Bengal, Orissa, Maharashtra, Andhra Pradesh provinces",49.0,°C,2005,6.0,1.0,2005,6.0,1.0,329.0,30000.0,160000.0,2005-06-01,2005-06-01,1.0,Monsoon,West Bengal,5.799092654460526,10.308985993422082,11.982935344196433,3,13,4,0,28,5
Meteorological,Extreme temperature,Severe winter conditions,"Uttar Pradesh, Punjab, Haryana, Himachal Pradesh, Delhi, Bihar, Rajasthan, Jammu and Kashmir provinces",2.0,°C,2005,12.0,1.0,2006,1.0,1.0,180.0,30000.0,160000.0,2005-12-01,2006-01-01,31.0,Winter,Bihar,5.198497031265826,10.308985993422082,11.982935344196433,3,23,4,3,3,5
Meteorological,Extreme temperature,Heat wave,"Uttar Pradesh, Orissa, Punjab, Delhi provinces",,°C,2006,5.0,1.0,2006,5.0,1.0,47.0,30000.0,160000.0,2006-05-01,2006-05-01,1.0,Summer,Odisha,3.871201010907891,10.308985993422082,11.982935344196433,3,13,4,2,19,5
Meteorological,Extreme temperature,Cold wave,Jammu and Kashmir province,,°C,2007,3.0,11.0,2007,3.0,14.0,66.0,25.0,160000.0,2007-03-11,2007-03-14,3.0,Summer,Jammu,4.204692619390966,3.258096538021482,11.982935344196433,3,5,4,2,9,5
Meteorological,Extreme temperature,Heat wave,"Uttar Pradesh, Rajasthan, Punjab, Delhi provinces",44.9,°C,2007,4.0,1.0,2007,6.0,1.0,72.0,30000.0,160000.0,2007-04-01,2007-06-01,61.0,Summer,Punjab,4.290459441148391,10.308985993422082,11.982935344196433,3,13,4,2,20,5
Meteorological,Extreme temperature,Cold wave,"Uttar Pradesh, Jammu and Kashmir, Gujarat provinces",1.9,°C,2007,12.0,1.0,2008,1.0,1.0,47.0,30000.0,160000.0,2007-12-01,2008-01-01,31.0,Winter,Gujarat,3.871201010907891,10.308985993422082,11.982935344196433,3,5,4,3,6,5
Meteorological,Extreme temperature,Cold wave,"Uttar Pradesh, Bihar, Haryana, Punjab, Himachal Pradesh, Uttarakhand, Jammu and Kashmir provinces",4.0,°C,2008,12.0,1.0,2009,1.0,1.0,70.0,30000.0,160000.0,2008-12-01,2009-01-01,31.0,Winter,Bihar,4.2626798770413155,10.308985993422082,11.982935344196433,3,5,4,3,3,5
Meteorological,Extreme temperature,Heat wave,"Orissa, West Bengal, Bihar, Uttar Pradesh, Jharkhand, Andhra Pradesh provinces",48.0,°C,2009,4.0,14.0,2009,6.0,26.0,120.0,25.0,160000.0,2009-04-14,2009-06-26,73.0,Summer,West Bengal,4.795790545596741,3.258096538021482,11.982935344196433,3,13,4,2,28,5
Meteorological,Extreme temperature,Cold wave,"Srinagar city ('72808' district, '40424' Jammu and Kashmir province), Uttar Pradesh, Himachal Pradesh, Delhi, Bihar provinces",-9.0,°C,2010,1.0,2.0,2010,1.0,13.0,100.0,30000.0,160000.0,2010-01-02,2010-01-13,11.0,Winter,Bihar,4.61512051684126,10.308985993422082,11.982935344196433,3,5,4,3,3,5
Meteorological,Extreme temperature,Heat wave,"Delhi, Haryana, Madhya Pradesh, Orissa, Rajasthan, Uttar Pradesh provinces",49.0,°C,2010,3.0,1.0,2010,5.0,1.0,250.0,30000.0,160000.0,2010-03-01,2010-05-01,61.0,Summer,Odisha,5.5254529391317835,10.308985993422082,11.982935344196433,3,13,4,2,19,5
Meteorological,Extreme temperature,Cold wave,"Delhi province, Allahabad, Pratapgarh, Jaunpur, Bara Banki districts (Uttar Pradesh province), Sundernagar city (Mandi district, Himachal Pradesh province), Bhuntar city (Kullu district, Himachal Pradesh province), Shimla, Solan districts (Himachal Pradesh province), Leh city ('40422' Jammu and Kashmir province), Qazigund city ('40425' Jammu and Kashmir province), Bihar province",-20.2,°C,2011,1.0,1.0,2011,1.0,18.0,80.0,30000.0,160000.0,2011-01-01,2011-01-18,17.0,Winter,Bihar,4.394449154672439,10.308985993422082,11.982935344196433,3,5,4,3,3,5
Meteorological,Extreme temperature,Cold wave,"Uttar Pradesh, Punjab, Haryana provinces",0.0,°C,2011,12.0,16.0,2011,12.0,31.0,132.0,30000.0,160000.0,2011-12-16,2011-12-31,15.0,Winter,Haryana,4.890349128221754,10.308985993422082,11.982935344196433,3,5,4,3,7,5
Meteorological,Extreme temperature,Cold wave,"Karimnagar, Vishakhapatnam, Guntur districts (Andhra Pradesh province)",,°C,2012,1.0,15.0,2012,1.0,17.0,15.0,30000.0,160000.0,2012-01-15,2012-01-17,2.0,Winter,Andhra Pradesh,2.772588722239781,10.308985993422082,11.982935344196433,3,5,4,3,0,5
Meteorological,Extreme temperature,Cold wave,"Bihar, Haryana, Himachal Pradesh, Jammu and Kashmir, Punjab, Rajasthan, Uttar Pradesh provinces",,°C,2012,12.0,22.0,2013,1.0,20.0,249.0,30000.0,160000.0,2012-12-22,2013-01-20,29.0,Winter,Bihar,5.521460917862246,10.308985993422082,11.982935344196433,3,5,4,3,3,5
Meteorological,Extreme temperature,Heat wave,"Adilabad, East Godavari, Guntur, Karimnagar, Khammam, Krishna, Nalgonda, Nizamabad, Prakasam, Vishakhapatnam, Warangal, West Godavari districts (Andhra Pradesh province)",46.0,°C,2013,4.0,1.0,2013,5.0,30.0,557.0,30000.0,160000.0,2013-04-01,2013-05-30,59.0,Summer,Andhra Pradesh,6.324358962381311,10.308985993422082,11.982935344196433,3,13,4,2,0,5
Meteorological,Extreme temperature,Cold wave,"Uttar Pradesh, Jammu and Kashmir, Uttarakhand, Delhi provinces",-9.0,°C,2014,1.0,20.0,2014,1.0,24.0,24.0,30000.0,160000.0,2014-01-20,2014-01-24,4.0,Winter,Uttar Pradesh,3.2188758248682006,10.308985993422082,11.982935344196433,3,5,4,3,26,5
Meteorological,Extreme temperature,Severe winter conditions,"Himachal Pradesh, Uttarakhand, Uttar Pradesh provinces",,°C,2014,12.0,17.0,2014,12.0,18.0,140.0,30000.0,160000.0,2014-12-17,2014-12-18,1.0,Winter,Himachal Pradesh,4.948759890378168,10.308985993422082,11.982935344196433,3,23,4,3,8,5
Meteorological,Extreme temperature,Heat wave,"Delhi, Andhra Pradesh, Orissa provinces",48.0,°C,2015,5.0,20.0,2015,5.0,31.0,2248.0,30000.0,160000.0,2015-05-20,2015-05-31,11.0,Summer,Odisha,7.718240951959316,10.308985993422082,11.982935344196433,3,13,4,2,19,5
Meteorological,Extreme temperature,Heat wave,"Andhra Pradesh, Rajasthan, Orissa, Bihar, Jharkhand, Tamil Nadu, Uttar Pradesh provinces",51.0,°C,2016,4.0,1.0,2016,5.0,20.0,300.0,30000.0,160000.0,2016-04-01,2016-05-20,49.0,Summer,Odisha,5.707110264748875,10.308985993422082,11.982935344196433,3,13,4,2,19,5
Meteorological,Extreme temperature,Heat wave,"Andhra Pradesh, Telangana, Maharashtra, Odisha (Orissa)",48.0,°C,2017,4.0,12.0,2017,6.0,15.0,264.0,30000.0,160000.0,2017-04-12,2017-06-15,64.0,Summer,Odisha,5.579729825986222,10.308985993422082,11.982935344196433,3,13,4,2,19,5
Meteorological,Extreme temperature,Cold wave,New Delhi,4.2,°C,2018,1.0,1.0,2018,2.0,7.0,44.0,30000.0,160000.0,2018-01-01,2018-02-07,37.0,Winter,Delhi,3.8066624897703196,10.308985993422082,11.982935344196433,3,5,4,3,4,5
Meteorological,Extreme temperature,Heat wave,"Karnataka, Maharashtra, Madhya Pradesh, Rajasthan, Uttar Pradesh states",,°C,2019,6.0,1.0,2019,6.0,1.0,22.0,450.0,160000.0,2019-06-01,2019-06-01,1.0,Monsoon,Karnataka,3.1354942159291497,6.111467339502679,11.982935344196433,3,13,4,0,10,5
Meteorological,Extreme temperature,Heat wave,"Maharashtra State, West Rajasthan",45.0,°C,2022,3.0,1.0,2022,4.0,1.0,25.0,30000.0,160000.0,2022-03-01,2022-04-01,31.0,Summer,Maharashtra,3.258096538021482,10.308985993422082,11.982935344196433,3,13,4,2,14,5
Meteorological,Extreme temperature,Heat wave,Maharashtra state,38.0,°C,2023,4.0,1.0,2023,4.0,1.0,11.0,330.0,160000.0,2023-04-01,2023-04-01,1.0,Summer,Maharashtra,2.4849066497880004,5.802118375377063,11.982935344196433,3,13,4,2,14,5
Meteorological,Extreme temperature,Heat wave,"New Delhi; Rajasthan, Bihar, Gujarat, West Rajasthan, Punjab, Haryana, Chandigarh",50.5,°C,2024,3.0,1.0,2024,6.0,1.0,733.0,25000.0,160000.0,2024-03-01,2024-06-01,92.0,Summer,Bihar,6.598509028614515,10.12667110305036,11.982935344196433,3,13,4,2,3,5
Hydrological,Flood,Flash flood,"Jammu, Kargil district (Kashmir)",,Km2,1990,3.0,21.0,1990,3.0,22.0,69.0,30000.0,160000.0,1990-03-21,1990-03-22,1.0,Summer,Jammu,4.248495242049359,10.308985993422082,11.982935344196433,4,7,3,2,9,0
Hydrological,Flood,Riverine flood,Bombay (Assam state),17800.0,Km2,1990,6.0,13.0,1990,6.0,18.0,21.0,30000.0,160000.0,1990-06-13,1990-06-18,5.0,Monsoon,Maharashtra,3.091042453358316,10.308985993422082,11.982935344196433,4,20,3,0,14,0
Hydrological,Flood,Flood (General),,,Km2,1990,8.0,1.0,1990,8.0,1.0,74.0,2000.0,160000.0,1990-08-01,1990-08-01,1.0,Monsoon,Unknown,4.31748811353631,7.601402334583733,11.982935344196433,4,8,3,0,25,0
Hydrological,Flood,Riverine flood,Tami Nadu state,,Km2,1990,10.0,24.0,1990,10.0,28.0,60.0,30000.0,160000.0,1990-10-24,1990-10-28,4.0,Post-Monsoon,Unknown,4.110873864173311,10.308985993422082,11.982935344196433,4,20,3,1,25,0
Hydrological,Flood,Coastal flood,"Assam, Tripura, Arunachal, Mizorem",,Km2,1991,5.0,7.0,1991,5.0,8.0,30.0,2000000.0,160000.0,1991-05-07,1991-05-08,1.0,Summer,Assam,3.4339872044851463,14.508658238524095,11.982935344196433,4,4,3,2,2,0
Hydrological,Flood,Riverine flood,"Bombay, Kerala, Gujarat",491400.0,Km2,1991,6.0,10.0,1991,6.0,12.0,72.0,300000.0,100000.0,1991-06-10,1991-06-12,2.0,Monsoon,Maharashtra,4.290459441148391,12.611541086966115,11.51293546492023,4,20,3,0,14,0
Hydrological,Flood,Riverine flood,"Andhra Pradesh, Maharashtra, Orissa, Gujarat, Madhya Pradesh",,Km2,1991,7.0,30.0,1991,7.0,30.0,524.0,100000.0,160000.0,1991-07-30,1991-07-30,1.0,Monsoon,Odisha,6.263398262591624,11.51293546492023,11.982935344196433,4,20,3,0,19,0
Hydrological,Flood,Riverine flood,"Haryana, Uttar Pradesh, Himachal Pradesh, Bihar states",,Km2,1991,8.0,15.0,1991,8.0,29.0,88.0,30000.0,160000.0,1991-08-15,1991-08-29,14.0,Monsoon,Bihar,4.48863636973214,10.308985993422082,11.982935344196433,4,20,3,0,3,0
Hydrological,Flood,Riverine flood,West Bengal state,91960.0,Km2,1991,9.0,14.0,1991,9.0,15.0,84.0,4000000.0,40000.0,1991-09-14,1991-09-15,1.0,Monsoon,West Bengal,4.442651256490317,15.201805169084134,10.596659732783579,4,20,3,0,28,0
Hydrological,Flood,Riverine flood,Near Thondebhavi (Karnataka),,Km2,1991,10.0,30.0,1991,10.0,30.0,60.0,30000.0,160000.0,1991-10-30,1991-10-30,1.0,Post-Monsoon,Karnataka,4.110873864173311,10.308985993422082,11.982935344196433,4,20,3,1,10,0
Hydrological,Flood,Riverine flood,Orissa state,,Km2,1992,7.0,26.0,1992,7.0,31.0,16.0,3000000.0,160000.0,1992-07-26,1992-07-31,5.0,Monsoon,Odisha,2.833213344056216,14.914123179965662,11.982935344196433,4,20,3,0,19,0
Hydrological,Flood,Riverine flood,"Uttar Pradesh, Jammu, Madhya Pradesh",,Km2,1992,9.0,8.0,1992,9.0,30.0,500.0,70000.0,57850.0,1992-09-08,1992-09-30,22.0,Monsoon,Madhya Pradesh,6.2166061010848646,11.156264806643742,10.965626018557122,4,20,3,0,13,0
Hydrological,Flood,Riverine flood,"Vamanapuram, Amravilla (Trivadrum district, Kerala state)",,Km2,1992,10.0,8.0,1992,10.0,8.0,51.0,500.0,182100.0,1992-10-08,1992-10-08,1.0,Post-Monsoon,Kerala,3.9512437185814275,6.2166061010848646,12.112316757188815,4,20,3,1,12,0
Hydrological,Flood,Flood (General),"Tamil Nadu, Kerala, Karnataka, Andhra Pradesh states",,Km2,1992,11.0,10.0,1992,11.0,10.0,179.0,500.0,69000.0,1992-11-10,1992-11-10,1.0,Post-Monsoon,Andhra Pradesh,5.19295685089021,6.2166061010848646,11.141876276228,4,8,3,1,0,0
Hydrological,Flood,Riverine flood,"Tripura, Karamganj (Assam)",,Km2,1993,5.0,1.0,1993,5.0,1.0,49.0,50000.0,160000.0,1993-05-01,1993-05-01,1.0,Summer,Assam,3.912023005428146,10.819798284210286,11.982935344196433,4,20,3,2,2,0
Hydrological,Flood,Riverine flood,Himachal Pradesh,,Km2,1993,7.0,1.0,1993,7.0,1.0,175.0,30000.0,160000.0,1993-07-01,1993-07-01,1.0,Monsoon,Himachal Pradesh,5.170483995038151,10.308985993422082,11.982935344196433,4,20,3,0,8,0
Hydrological,Flood,Riverine flood,Uttar Pradesh,,Km2,1993,9.0,9.0,1993,9.0,17.0,227.0,3000.0,500000.0,1993-09-09,1993-09-17,8.0,Monsoon,Uttar Pradesh,5.429345628954441,8.006700845440367,13.122365377402328,4,20,3,0,26,0
Hydrological,Flood,Flash flood,Karnataka state,,Km2,1993,10.0,11.0,1993,10.0,21.0,35.0,10000.0,160000.0,1993-10-11,1993-10-21,10.0,Post-Monsoon,Karnataka,3.58351893845611,9.210440366976517,11.982935344196433,4,7,3,1,10,0
Hydrological,Flood,Flood (General),"Assam, Arunachal Pradesh, Jammu and Kashmir, Himachal, Punjab, Uttar Pradesh, Goa, Kerala, Gujarat states",,Km2,1994,5.0,1.0,1994,10.0,1.0,2001.0,12060050.0,175000.0,1994-05-01,1994-10-01,153.0,Summer,Arunachal Pradesh,7.601901959875166,16.305408978110094,12.07254696717504,4,8,3,2,1,0
Hydrological,Flood,Riverine flood,New Delhi,,Km2,1994,8.0,17.0,1994,8.0,17.0,14.0,2550.0,160000.0,1994-08-17,1994-08-17,1.0,Monsoon,Delhi,2.70805020110221,7.844240718141811,11.982935344196433,4,20,3,0,4,0
Hydrological,Flood,Riverine flood,"Bihar, Haryana, Punjab, Rajasthan, Himachal Pradesh, Jammu and Kasmir, Uttar Pradesh, West Bengal, Maharashtra states",762900.0,Km2,1995,9.0,1.0,1995,9.0,20.0,1479.0,32704000.0,258000.0,1995-09-01,1995-09-20,19.0,Monsoon,West Bengal,7.299797366758161,17.30300798312281,12.460718739865236,4,20,3,0,28,0
Hydrological,Flood,Riverine flood,Andhra Pradesh,,Km2,1995,10.0,23.0,1995,10.0,23.0,49.0,3000.0,2000.0,1995-10-23,1995-10-23,1.0,Post-Monsoon,Andhra Pradesh,3.912023005428146,8.006700845440367,7.601402334583733,4,20,3,1,0,0
Hydrological,Flood,Riverine flood,"Kishanganj, Darbhanga, Sitamarhi, Saharsa districts (Bihar state)",171900.0,Km2,1996,7.0,17.0,1996,8.0,10.0,74.0,4000000.0,980.0,1996-07-17,1996-08-10,24.0,Monsoon,Bihar,4.31748811353631,15.201805169084134,6.8885724595653635,4,20,3,0,3,0
Hydrological,Flood,Flood (General),"Bihar, Assam, Gujarat, Haryana, Kerala, Rajasthan, Uttar Pradesh",,Km2,1996,8.0,25.0,1996,9.0,1.0,500.0,100000.0,17600.0,1996-08-25,1996-09-01,7.0,Monsoon,Assam,6.2166061010848646,11.51293546492023,9.77571099759397,4,8,3,0,2,0
Hydrological,Flood,Riverine flood,"Tamil Nadu, Andhra Pradesh, Kerala, Karnataka states",177500.0,Km2,1996,10.0,21.0,1996,10.0,25.0,388.0,100000.0,90400.0,1996-10-21,1996-10-25,4.0,Post-Monsoon,Andhra Pradesh,5.963579343618446,11.51293546492023,11.412010608265987,4,20,3,1,0,0
Hydrological,Flood,Riverine flood,"Mehsana, Gandhi Nagar, Ahmedabad, Kheda, Sabarkanda, Vadodra, Banaskanda, Surender Nagar districts (Gujarat state)",,Km2,1997,6.0,22.0,1997,6.0,28.0,111.0,1000000.0,153800.0,1997-06-22,1997-06-28,6.0,Monsoon,Gujarat,4.718498871295094,13.815511557963774,11.943414837983129,4,20,3,0,6,0
Hydrological,Flood,Riverine flood,"Chandigarh, Chirgaon, Himalayan state of Himachal Pradesh.",,Km2,1997,8.0,8.0,1997,8.0,14.0,135.0,20.0,71000.0,1997-08-08,1997-08-14,6.0,Monsoon,Himachal Pradesh,4.912654885736052,3.044522437723423,11.170449240431308,4,20,3,0,8,0
Hydrological,Flood,Flood (General),"Andhra Pradesh, Arunachal Pradesh, Assam, Bihar, Gujarat, Himachal Pradesh, Jammu and Kashmir, Karnataka, Kerala, Maharashtra, Madyha Pradesh, Orissa, Punjab, Rajasthan, Sikkim, Uttar Pradesh, West Bengal states",21840.0,Km2,1997,9.0,1.0,1997,9.0,1.0,1442.0,29259000.0,160000.0,1997-09-01,1997-09-01,1.0,Monsoon,West Bengal,7.274479558773871,17.19169781079978,11.982935344196433,4,8,3,0,28,0
Hydrological,Flood,Flood (General),"Assam, Arunachal, Bihar, Kerala, Meghalaya, Punjab, Sikkim, Uttar Pradesh, West Bengal states",67610.0,Km2,1998,8.0,1.0,1998,8.0,1.0,1811.0,29227200.0,160000.0,1998-08-01,1998-08-01,1.0,Monsoon,West Bengal,7.502186486602924,17.19061037471926,11.982935344196433,4,8,3,0,28,0
Hydrological,Flood,Flood (General),"Andhra Pradesh, Hyderabad",8000.0,Km2,1998,9.0,20.0,1998,9.0,20.0,230.0,375000.0,528600.0,1998-09-20,1998-09-20,1.0,Monsoon,Andhra Pradesh,5.442417710521793,12.834683971615659,13.177989172940169,4,8,3,0,0,0
Hydrological,Flood,Riverine flood,"Assam, Bihar, Gujarat, Karnataka, Kerala, Tripura, West Bengal, Arunachal Pradesh, Punjab",,Km2,1999,7.0,11.0,1999,8.0,3.0,325.0,5500000.0,160000.0,1999-07-11,1999-08-03,23.0,Monsoon,West Bengal,5.786897381366708,15.520258832020865,11.982935344196433,4,20,3,0,28,0
Hydrological,Flood,Flood (General),"Uttar Pradesh, Bihar, West Bengal, Madhya Prasdeh, Delhi",,Km2,1999,9.0,1.0,1999,9.0,1.0,229.0,22120000.0,2400.0,1999-09-01,1999-09-01,1.0,Monsoon,West Bengal,5.438079308923196,16.911992779826363,7.783640596221253,4,8,3,0,28,0
Hydrological,Flood,Flash flood,"Yingkiang,Tuting villages (Upper Siang (70051) district, Arunachal Pradesh province), Along, Boleng villages (70054 district, Arunachal Pradesh province), Pasighat, Sika-bamin, Komlighat, Raneghat (70041 district, Arunachal Pradesh province), Tezu, Mahadevpur villages (Lohit district, Arunachal Pradesh province), Golaghat, Nagaon districts (Assam province),",55000.0,Km2,2000,6.0,10.0,2000,6.0,10.0,20.0,3000000.0,160000.0,2000-06-10,2000-06-10,1.0,Monsoon,Arunachal Pradesh,3.044522437723423,14.914123179965662,11.982935344196433,4,7,3,0,1,0
Hydrological,Flood,Flash flood,"East Siang, 70041, West Siang, 70054, Upper Siang (70051), 70045, 70050, Lower Dibang Valley districts (Arunachal Pradesh province)",,Km2,2000,7.0,1.0,2000,7.0,1.0,130.0,30000.0,160000.0,2000-07-01,2000-07-01,1.0,Monsoon,Arunachal Pradesh,4.875197323201151,10.308985993422082,11.982935344196433,4,7,3,0,1,0
Hydrological,Flood,Flash flood,"Adilabad, Cuddapah, East Godavari, Guntur, Hyderabad, Karimnagar, Khammam, Krishna, Kurnool, Mahbubnagar, Medak, Nalgonda, Nellore, Nizamabad, Prakasam, Rangareddi, Vishakhapatnam, Warangal, West Godavari districts (Andhra Pradesh province)",129500.0,Km2,2000,8.0,23.0,2000,8.0,31.0,179.0,252016.0,173000.0,2000-08-23,2000-08-31,8.0,Monsoon,Andhra Pradesh,5.19295685089021,12.437251824535675,12.06105265381003,4,7,3,0,0,0
Hydrological,Flood,Riverine flood,"Birbhum, Bardhaman, Murshidabad, Maldah districts (West Bengal province), Dumka, Sahibganj, Deoghar districts (Jharkhand province), Banka, Bhagalpur, Munger, Sheikhpura districts (Bihar province)",12680.0,Km2,2000,9.0,18.0,2000,10.0,21.0,884.0,24600000.0,691500.0,2000-09-18,2000-10-21,33.0,Monsoon,West Bengal,6.785587645007929,17.018257041552996,13.446619876217502,4,20,3,0,28,0
Hydrological,Flood,Flood (General),North 24 Parganas district (West Bengal province),309.0,Km2,2000,10.0,19.0,2000,10.0,19.0,6.0,534035.0,160000.0,2000-10-19,2000-10-19,1.0,Post-Monsoon,West Bengal,1.9459101490553132,13.18821853140033,11.982935344196433,4,8,3,1,28,0
Hydrological,Flood,Flood (General),"Hosdurg borough (Kanhangad city, Kasaragod district, Kerala province), Vertak Nagar area (Thane district, Maharashtra province), Bhandup area (Mumbai Suburban district, Maharashtra province)",,Km2,2001,6.0,1.0,2001,6.0,1.0,28.0,4.0,160000.0,2001-06-01,2001-06-01,1.0,Monsoon,Kerala,3.367295829986474,1.6094379124341003,11.982935344196433,4,8,3,0,12,0
Hydrological,Flood,Riverine flood,"Idukki, Kottayam, Pattanamtitta, Kollam, Alappuzha districts (Kerala province)",4470.0,Km2,2001,7.0,4.0,2001,7.0,16.0,86.0,40000.0,116924.0,2001-07-04,2001-07-16,12.0,Monsoon,Kerala,4.465908118654584,10.596659732783579,11.669287982594087,4,20,3,0,12,0
Hydrological,Flood,Riverine flood,"Aurangabad, Bhojpur, Gopalganj, Jehanabad, Muzaffarpur, Nalanda, Pashchim Champaran, Patna, Purba Champaran, Rohtas, Saran, Sitamarhi, Siwan, Vaishali districts (Bihar province)",,Km2,2001,8.0,1.0,2001,8.0,1.0,49.0,400000.0,160000.0,2001-08-01,2001-08-01,1.0,Monsoon,Bihar,3.912023005428146,12.899222326086994,11.982935344196433,4,20,3,0,3,0
Hydrological,Flood,Flood (General),"Saran, Gopalganj districts (Bihar province)",,Km2,2001,9.0,7.0,2001,9.0,24.0,146.0,30000.0,103000.0,2001-09-07,2001-09-24,17.0,Monsoon,Bihar,4.990432586778736,10.308985993422082,11.542493975902508,4,8,3,0,3,0
Hydrological,Flood,Riverine flood,"Barpeta, Bongaigaon, Cachar, Darrang, Dhemaji, Dhuburi, Dibrugarh, Goalpara, Golaghat, Jorhat, Kamrup, Karimganj, Kokrajhar, Lakhimpur, Marigaon, Nagaon, Nalbari, Sibsagar, Sonitpur, Tinsukia districts (Assam province), Araria, Begusarai, Bhagalpur, Darbhanga, Gopalganj, Katihar, Khagaria, Kishanganj, Madhepura, Madhubani, Muzaffarpur, Nalanda, Pashchim Champaran, Patna, Pruba Champaran, Purnia, Saharsa, Samastipur, Saran, Sheikhpura, Sheohar, Sitamarhi, Siwan, Supaul districts (Bihar province), Lahul and Spiti district (Himachal Pradesh province), Balaghat district (Madhya Pradesh province), Tehri Garhwal district (Uttarakhand province), Adilabad, Khammam, Karimnagar districts (Andhra Pradesh province), Jalpaiguri, Kochbihar, Darjiling districts (West Bengal province), Meghalaya, Tripura, Arunachal Pradesh, Gujarat, Kerala, Manipur, Maharashrta provinces",276600.0,Km2,2002,6.0,21.0,2002,8.0,28.0,549.0,42000000.0,30772.0,2002-06-21,2002-08-28,68.0,Monsoon,West Bengal,6.309918278226516,17.553180200057167,10.33439296112607,4,20,3,0,28,0
Hydrological,Flood,Riverine flood,Balaghat district (Madhya Pradesh province),,Km2,2002,8.0,20.0,2002,8.0,20.0,100.0,3000.0,160000.0,2002-08-20,2002-08-20,1.0,Monsoon,Madhya Pradesh,4.61512051684126,8.006700845440367,11.982935344196433,4,20,3,0,13,0
Hydrological,Flood,Riverine flood,"Bharuch district (Gujarat province), Jalgaon, Nasik districts (Maharashtra province)",79000.0,Km2,2002,9.0,3.0,2002,9.0,6.0,22.0,5000.0,160000.0,2002-09-03,2002-09-06,3.0,Monsoon,Gujarat,3.1354942159291497,8.517393171418904,11.982935344196433,4,20,3,0,6,0
Hydrological,Flood,Flood (General),"Chennai, Coimbatore, Cuddalore districts (Tamil Nadu province",,Km2,2002,10.0,1.0,2002,10.0,1.0,20.0,200.0,160000.0,2002-10-01,2002-10-01,1.0,Post-Monsoon,Tamil Nadu,3.044522437723423,5.303304908059076,11.982935344196433,4,8,3,1,23,0
Hydrological,Flood,Riverine flood,"Assam, Bihar, Tripura, West Bengal provinces",,Km2,2003,6.0,11.0,2003,10.0,10.0,142.0,4550000.0,160000.0,2003-06-11,2003-10-10,121.0,Monsoon,West Bengal,4.962844630259907,15.330638010707329,11.982935344196433,4,20,3,0,28,0
Hydrological,Flood,Riverine flood,"Khavda, Banni, Natkharana, Lakhpat villages (Kachchh district, Gujarat province)",,Km2,2003,7.0,15.0,2003,9.0,1.0,13.0,14500.0,160000.0,2003-07-15,2003-09-01,48.0,Monsoon,Gujarat,2.6390573296152584,9.581972891547895,11.982935344196433,4,20,3,0,6,0
Hydrological,Flood,Riverine flood,"Cuttack, Jagatsinghpur, Kendrapara, Jajpur, Puri, Bolangir, Sonepur, Kalahandi, Rayagada, Gajapati, Baragarh, Koraput, Nayagarh, Ganjam, Angul districts (Orissa province)",117900.0,Km2,2003,8.0,27.0,2003,10.0,20.0,67.0,3000000.0,169000.0,2003-08-27,2003-10-20,54.0,Monsoon,Odisha,4.219507705176107,14.914123179965662,12.037659911047468,4,20,3,0,19,0
Hydrological,Flood,Riverine flood,Uttar Pradesh province,,Km2,2003,9.0,10.0,2003,9.0,10.0,37.0,30000.0,160000.0,2003-09-10,2003-09-10,1.0,Monsoon,Uttar Pradesh,3.6375861597263857,10.308985993422082,11.982935344196433,4,20,3,0,26,0
Hydrological,Flood,Riverine flood,"Leimapokpam, Thiyam, Lourembam, Nambol Laitonjam villages (Bishnupur district, Manipur province), Na-Orem, Pukhrambam, Sanjenbam villages (West Imphal district, Manipur province), Oinam, Khangabok villages (Thoubal district, Manipur province)",,Km2,2004,4.0,10.0,2004,4.0,14.0,49.0,5000.0,160000.0,2004-04-10,2004-04-14,4.0,Summer,Manipur,3.912023005428146,8.517393171418904,11.982935344196433,4,20,3,2,15,0
Hydrological,Flood,Riverine flood,"Darbhanga, Madhubani, Sitamarhi, Banka, Bhagalpur, Muzaffarpur, Sheohar districts (Bihar province), West Tripura, South Tripura districts (Tripura province), Kamrup, Nalbari, Darrang, Sonitpur, Dhemaji, Lakhimpur districts (Assam province), Gujarat, Jammu and Kashmir provinces",,Km2,2004,6.0,20.0,2004,8.0,1.0,900.0,33000000.0,2500000.0,2004-06-20,2004-08-01,42.0,Monsoon,Assam,6.803505257608338,17.312018149733785,14.731801689838349,4,20,3,0,2,0
Hydrological,Flood,Riverine flood,"Uttarakhand, Gujarat, Maharashtra, Punjab, Haryana, Rajasthan provinces",,Km2,2004,8.0,1.0,2004,9.0,8.0,210.0,100000.0,276000.0,2004-08-01,2004-09-08,38.0,Monsoon,Gujarat,5.351858133476067,11.51293546492023,12.52815976788113,4,20,3,0,6,0
Hydrological,Flood,Flash flood,"Uttar Pradesh, Himachal Pradesh provinces",,Km2,2004,9.0,20.0,2004,9.0,22.0,33.0,30000.0,160000.0,2004-09-20,2004-09-22,2.0,Monsoon,Himachal Pradesh,3.5263605246161616,10.308985993422082,11.982935344196433,4,7,3,0,8,0
Hydrological,Flood,Flash flood,"Goalpara district (Assam province), Meghalaya, Arunachal Pradesh, West Bengal provinces",,Km2,2004,10.0,7.0,2004,10.0,18.0,160.0,100000.0,160000.0,2004-10-07,2004-10-18,11.0,Post-Monsoon,West Bengal,5.081404364984463,11.51293546492023,11.982935344196433,4,7,3,1,28,0
Hydrological,Flood,Riverine flood,Mokokchung district (Nagaland province),,Km2,2005,5.0,27.0,2005,5.0,27.0,14.0,12.0,160000.0,2005-05-27,2005-05-27,1.0,Summer,Nagaland,2.70805020110221,2.5649493574615367,11.982935344196433,4,20,3,2,18,0
Hydrological,Flood,Riverine flood,"Sangla, Kalpa, Yangthang, Sumdo, Khab, Karcham, Leo, Akpa, Kharo villages (Kinnaur district, Himachal Pradesh province), Rampur Bushahr village (Shimla district, Himachal Pradesh province), Kullu, Bilaspur, Mandi districts (Himachal Pradesh)",6530.0,Km2,2005,6.0,26.0,2005,6.0,29.0,6.0,5000.0,23000.0,2005-06-26,2005-06-29,3.0,Monsoon,Himachal Pradesh,1.9459101490553132,8.517393171418904,10.043292972227004,4,20,3,0,8,0
Hydrological,Flood,Riverine flood,"Adilabad, Hyderabad, Karimnagar, Khammam, Mahbubnagar, Medak, Nalgonda, Nizamabad, Rangareddi, Warangal, East Godavari, Guntur, Krishna, Nellore, Prakasam, Srikakulam, Vishakhapatnam, Vizianagaram, West Godavari districts (Andhra Pradesh province)",,Km2,2005,7.0,10.0,2005,7.0,10.0,12.0,10000.0,160000.0,2005-07-10,2005-07-10,1.0,Monsoon,Andhra Pradesh,2.5649493574615367,9.210440366976517,11.982935344196433,4,20,3,0,0,0
Hydrological,Flood,Flash flood,Azamgarh district (Uttar Pradesh province),12680.0,Km2,2005,8.0,26.0,2005,8.0,28.0,27.0,800000.0,160000.0,2005-08-26,2005-08-28,2.0,Monsoon,Uttar Pradesh,3.332204510175204,13.592368256649284,11.982935344196433,4,7,3,0,26,0
Hydrological,Flood,Riverine flood,"Himachal Pradesh, Uttar Pradesh, Uttarakhand provinces",308700.0,Km2,2005,9.0,16.0,2005,9.0,19.0,23.0,2504.0,160000.0,2005-09-16,2005-09-19,3.0,Monsoon,Himachal Pradesh,3.1780538303479458,7.826044013518965,11.982935344196433,4,20,3,0,8,0
Hydrological,Flood,Riverine flood,"East Midnapore, South 24 Parganas, Barddhaman, Nadia districts (West Bengal province), Baleshwar district (Orissa province)",29110.0,Km2,2005,10.0,21.0,2005,10.0,24.0,19.0,2250000.0,117000.0,2005-10-21,2005-10-24,3.0,Post-Monsoon,West Bengal,2.995732273553991,14.626441218624949,11.669937760751914,4,20,3,1,28,0
Hydrological,Flood,Riverine flood,Tamil Nadu province,,Km2,2005,12.0,2.0,2005,12.0,3.0,30.0,200000.0,160000.0,2005-12-02,2005-12-03,1.0,Winter,Tamil Nadu,3.4339872044851463,12.206077645517674,11.982935344196433,4,20,3,3,23,0
Hydrological,Flood,Riverine flood,"Madhya Pradesh, Maharashtra, Rajasthan provinces",,Km2,2006,3.0,9.0,2006,3.0,10.0,61.0,113.0,160000.0,2006-03-09,2006-03-10,1.0,Summer,Madhya Pradesh,4.127134385045092,4.736198448394496,11.982935344196433,4,20,3,2,13,0
Hydrological,Flood,Flash flood,"Adilabad, Hyderabad, Karimnagar, Khammam, Mahbubnagar, Medak, Nalgonda, Nizamabad, Rangareddi, Warangal, Srikakulam, Krishna districts (Andhra Pradesh province)",190900.0,Km2,2006,4.0,15.0,2006,4.0,18.0,20.0,30000.0,160000.0,2006-04-15,2006-04-18,3.0,Summer,Andhra Pradesh,3.044522437723423,10.308985993422082,11.982935344196433,4,7,3,2,0,0
Hydrological,Flood,Riverine flood,"Assam, Tripura provinces",47020.0,Km2,2006,5.0,31.0,2006,7.0,24.0,21.0,504000.0,160000.0,2006-05-31,2006-07-24,54.0,Summer,Assam,3.091042453358316,13.130333531178522,11.982935344196433,4,20,3,2,2,0
Hydrological,Flood,Riverine flood,"Ballia, Chandauli districts (Uttar Pradesh province)",13110.0,Km2,2006,6.0,24.0,2006,6.0,27.0,130.0,300000.0,160000.0,2006-06-24,2006-06-27,3.0,Monsoon,Uttar Pradesh,4.875197323201151,12.611541086966115,11.982935344196433,4,20,3,0,26,0
Hydrological,Flood,Riverine flood,"Andhra Pradesh, Gujarat, Maharashtra, Chhattisgarh, Rajasthan, Madhya Pradesh, Orissa, Karnataka provinces",165400.0,Km2,2006,7.0,28.0,2006,9.0,12.0,350.0,4000065.0,3390000.0,2006-07-28,2006-09-12,46.0,Monsoon,Odisha,5.860786223465865,15.201821418948041,15.03634077434184,4,20,3,0,19,0
Hydrological,Flood,Riverine flood,"Balrampur, Bahraich, Lakhimpur Kheri, Shravasti, Gonda, Bara Banki districts (Uttar Pradesh province)",32700.0,Km2,2006,8.0,29.0,2006,9.0,4.0,42.0,100000.0,160000.0,2006-08-29,2006-09-04,6.0,Monsoon,Uttar Pradesh,3.7612001156935624,11.51293546492023,11.982935344196433,4,20,3,0,26,0
Hydrological,Flood,Flash flood,Madhya Pradesh province,,Km2,2006,10.0,1.0,2006,10.0,1.0,39.0,30000.0,160000.0,2006-10-01,2006-10-01,1.0,Post-Monsoon,Madhya Pradesh,3.6888794541139363,10.308985993422082,11.982935344196433,4,7,3,1,13,0
Hydrological,Flood,Flood (General),"Rajasthan, Uttar Pradesh, Madhya Pradesh, Jammu and Kashmir provinces",,Km2,2007,2.0,11.0,2007,2.0,16.0,40.0,8.0,160000.0,2007-02-11,2007-02-16,5.0,Winter,Madhya Pradesh,3.713572066704308,2.1972245773362196,11.982935344196433,4,8,3,3,13,0
Hydrological,Flood,Flash flood,"Kurnool, Mahbubnagar, Guntur, Prakasam, East Godavari, West Godavari, Anantapur, Cuddapah districts (Andhra Pradesh province), Thrissur district (Kerala province), Belgaum, Bijapur, Bagalkot, Kodagu, Hassan, Mysore districts (Karnataka province), Mumbai City, Pune districts (Maharashtra province)",449300.0,Km2,2007,6.0,22.0,2007,7.0,4.0,127.0,200000.0,160000.0,2007-06-22,2007-07-04,12.0,Monsoon,Karnataka,4.852030263919617,12.206077645517674,11.982935344196433,4,7,3,0,10,0
Hydrological,Flood,Riverine flood,"Amravati, Mumbai City, Mumbai Suburban, Raigarh, Ratnagiri, Sindhudurg, Thane districts (Maharashtra province)",106600.0,Km2,2007,7.0,1.0,2007,7.0,6.0,62.0,10000.0,160000.0,2007-07-01,2007-07-06,5.0,Monsoon,Maharashtra,4.143134726391533,9.210440366976517,11.982935344196433,4,20,3,0,14,0
Hydrological,Flood,Riverine flood,"Cuttack, Puri, Khordha, Jajpur, Jagatsinghpur districts (Orissa province)",15360.0,Km2,2007,8.0,3.0,2007,8.0,27.0,15.0,500000.0,160000.0,2007-08-03,2007-08-27,24.0,Monsoon,Odisha,2.772588722239781,13.122365377402328,11.982935344196433,4,20,3,0,19,0
Hydrological,Flood,Coastal flood,"Baleshwar, Kendrapara, Bhadrak, Jagatsinghpur, Jajpur, Mayurbhanj, Khordha, Cuttack, Puri, Kandhamal districts (Orissa province), Kolkata, South 24 Parganas, East Midnapore, West Midnapore, Hughli districts (West Bengal province)",72010.0,Km2,2007,9.0,22.0,2007,10.0,3.0,80.0,7200000.0,275000.0,2007-09-22,2007-10-03,11.0,Monsoon,West Bengal,4.394449154672439,15.789591722875162,12.524530013005734,4,4,3,0,28,0
Hydrological,Flood,Riverine flood,"Andhra Pradesh, Tamil Nadu province",76740.0,Km2,2007,10.0,27.0,2007,11.0,1.0,29.0,50000.0,160000.0,2007-10-27,2007-11-01,5.0,Post-Monsoon,Andhra Pradesh,3.4011973816621555,10.819798284210286,11.982935344196433,4,20,3,1,0,0
Hydrological,Flood,Flood (General),"Tamil Nadu, Karnataka provinces",144300.0,Km2,2008,3.0,20.0,2008,3.0,28.0,37.0,10278.0,2000.0,2008-03-20,2008-03-28,8.0,Summer,Karnataka,3.6375861597263857,9.237858258012922,7.601402334583733,4,8,3,2,10,0
Hydrological,Flood,Flash flood,"Lakhimpu, Dhemaji, Sonitpur districts (Assam province), West Bengal, Orissa, Bihar, Gujarat, Goa, Haryana, Kerala, Karnataka, Maharastra, Madhya Pradesh, Punjab, Rajasthan, Uttar Pradesh, Tamil Nadu, Arunachal Pradesh, Uttarakhand, Jharkhand provinces",350600.0,Km2,2008,6.0,11.0,2008,7.0,21.0,1063.0,7900000.0,123000.0,2008-06-11,2008-07-21,40.0,Monsoon,West Bengal,6.96979066990159,15.882373444019521,11.719947764402807,4,7,3,0,28,0
Hydrological,Flood,Riverine flood,"Assam, Bihar, Gujarat, Goa, Haryana, Jharkhand, Kerala, Karnataka, Maharashtra, Madhya Pradesh, Punjab, Orissa, Rajasthan, Uttarakhand, Uttar Pradesh, Tamil Nadu, West Bengal provinces",,Km2,2008,7.0,5.0,2008,7.0,14.0,49.0,50000.0,160000.0,2008-07-05,2008-07-14,9.0,Monsoon,West Bengal,3.912023005428146,10.819798284210286,11.982935344196433,4,20,3,0,28,0
Hydrological,Flood,Riverine flood,"Muzaffarpur, Supaul, Patna, Katihar, Nalanda, Araria, Pashchim Champaran, Sheikhpura, Saharsa, Purnia, Saran, Begusarai, Bhagalpur, Madhepura, Vaishali, Khagaria districts (Bihar province), Assam province",80590.0,Km2,2008,8.0,30.0,2008,9.0,8.0,47.0,2600000.0,20000.0,2008-08-30,2008-09-08,9.0,Monsoon,Assam,3.871201010907891,14.77102238760702,9.90353755128617,4,20,3,0,2,0
Hydrological,Flood,Riverine flood,"Khammam, West Godavari, Krishna, Guntur districts (Andhra Pradesh province)",75490.0,Km2,2008,9.0,5.0,2008,9.0,11.0,74.0,30000.0,160000.0,2008-09-05,2008-09-11,6.0,Monsoon,Andhra Pradesh,4.31748811353631,10.308985993422082,11.982935344196433,4,20,3,0,0,0
Hydrological,Flood,Flash flood,"Thiruvallur, Thoothukudi, Villupuram, Ramanathapuram, Tirunelveli Kattabo, Pudukkottai, Kanniyakumari, Nagapattinam, Cuddalore, Chennai districts (Tamil Nadu province), Puducherry, Karaikal districts (Puducherry province)",,Km2,2008,11.0,27.0,2008,12.0,4.0,54.0,803740.0,160000.0,2008-11-27,2008-12-04,7.0,Post-Monsoon,Tamil Nadu,4.007333185232471,13.597032356959609,11.982935344196433,4,7,3,1,23,0
Hydrological,Flood,Riverine flood,"Bihar, Orissa, West Bengal, Assam, Kerala, Gujarat, Karnataka provinces",,Km2,2009,7.0,1.0,2009,9.0,1.0,992.0,1886000.0,220000.0,2009-07-01,2009-09-01,62.0,Monsoon,West Bengal,6.900730664045173,14.449969272398093,12.301387370778713,4,20,3,0,28,0
Hydrological,Flood,Riverine flood,"Darbhanga, Purnia, Sitamarhi, Saharsa, Madhubani districts (Bihar province)",,Km2,2009,8.0,26.0,2009,8.0,28.0,52.0,30000.0,160000.0,2009-08-26,2009-08-28,2.0,Monsoon,Bihar,3.970291913552122,10.308985993422082,11.982935344196433,4,20,3,0,3,0
Hydrological,Flood,Riverine flood,"Belgaum, Gulbarga, Bijapur, Raichur, Dharwad, Bagalkot, Bellary, Koppal, Haveri, Bidar, Gadag, Davanegere, Uttar Kannand, Dakshin Kannad districts (Karnataka province), Kurnool, Mahbubnagar, Karimnagar, Anantapur, Krishna, Cuddapah, Guntur, Khammam, Nalgonda districts (Andhra Pradesh province), Maharashtra province",309700.0,Km2,2009,9.0,25.0,2009,10.0,12.0,355.0,4100000.0,2150000.0,2009-09-25,2009-10-12,17.0,Monsoon,Andhra Pradesh,5.87493073085203,15.226497775576945,14.580978865220017,4,20,3,0,0,0
Hydrological,Flood,Riverine flood,Jainta Hills district (Meghalaya province),,Km2,2009,10.0,9.0,2009,10.0,9.0,20.0,30000.0,160000.0,2009-10-09,2009-10-09,1.0,Post-Monsoon,Meghalaya,3.044522437723423,10.308985993422082,11.982935344196433,4,20,3,1,16,0
Hydrological,Flood,Riverine flood,"Ooty, Coonoor cities (Nilgiris district, Tamil Nadu)",35730.0,Km2,2009,11.0,3.0,2009,11.0,8.0,70.0,8.0,64000.0,2009-11-03,2009-11-08,5.0,Post-Monsoon,Tamil Nadu,4.2626798770413155,2.1972245773362196,11.06665398721974,4,20,3,1,23,0
Hydrological,Flood,Riverine flood,Andhra Pradesh province,63170.0,Km2,2010,5.0,18.0,2010,5.0,24.0,27.0,50000.0,160000.0,2010-05-18,2010-05-24,6.0,Summer,Andhra Pradesh,3.332204510175204,10.819798284210286,11.982935344196433,4,20,3,2,0,0
Hydrological,Flood,Riverine flood,"Ambala, Kurukshetra districts (Haryana province), Punjab, Kerala provinces",147437.0,Km2,2010,7.0,5.0,2010,7.0,15.0,53.0,400000.0,447000.0,2010-07-05,2010-07-15,10.0,Monsoon,Haryana,3.9889840465642745,12.899222326086994,13.010316110729669,4,20,3,0,7,0
Hydrological,Flood,Flash flood,"Leh, Cholglamsar villages (72785 district, Jammu and Kashmir province)",145000.0,Km2,2010,8.0,6.0,2010,8.0,8.0,196.0,12725.0,160000.0,2010-08-06,2010-08-08,2.0,Monsoon,Jammu,5.2832037287379885,9.451402423792738,11.982935344196433,4,7,3,0,9,0
Hydrological,Flood,Riverine flood,"Almora, Naini Tal districts (Uttarakhand province), Bihar, Uttar Pradesh provinces",38537.0,Km2,2010,9.0,18.0,2010,9.0,30.0,200.0,3267183.0,1680000.0,2010-09-18,2010-09-30,12.0,Monsoon,Bihar,5.303304908059076,14.999439009780845,14.33430494661736,4,20,3,0,3,0
Hydrological,Flood,Riverine flood,"Chennai, Cuddalore, Nagapattinam, Pudukottai, Ramanthapuram, Thanjavur, Thiruvallur, Villupuram, Thoothukudi, Tirunelveli Kattabo districts (Tamil Nadu province)",57474.0,Km2,2010,11.0,15.0,2010,12.0,7.0,203.0,30000.0,22000.0,2010-11-15,2010-12-07,22.0,Post-Monsoon,Tamil Nadu,5.318119993844216,10.308985993422082,9.99884318585288,4,20,3,1,23,0
Hydrological,Flood,Riverine flood,"Uttar Pradesh, Uttarakhand province",,Km2,2011,6.0,15.0,2011,7.0,16.0,50.0,30000.0,20000.0,2011-06-15,2011-07-16,31.0,Monsoon,Uttar Pradesh,3.9318256327243257,10.308985993422082,9.90353755128617,4,20,3,0,26,0
Hydrological,Flood,Riverine flood,"Gonda, Balrampur, Faizabad, Bara Banki districts (Uttar Pradesh province), Rajasthan province",85509.0,Km2,2011,7.0,23.0,2011,8.0,9.0,19.0,200000.0,160000.0,2011-07-23,2011-08-09,17.0,Monsoon,Rajasthan,2.995732273553991,12.206077645517674,11.982935344196433,4,20,3,0,21,0
Hydrological,Flood,Riverine flood,"Barpeta, Bongaigaon, Darrang, Dhemaji, Dhuburi, Golaghat, Jorhat, Karbi Anglong, Sibsagar, Lakhimpur, Nagaon, Sonitpur districts, (Assam province), Begusarai, Bhagalpur, Bhojpur, Buxar, Gopalganj, Katihar, Khagaria, Kishanganj, Lakhisarai, Madhubani, Madhepura, Muzaffarpur, Patna, Purnia, Samastipur, Saran, Saharsa, Sitamarhi, Supaul, Vaishali, Pashchim Champaran districts (Bihar province), Azamgarh, Aligarh, Ambedkar Nagar, Badaun, Ballia, Bara Banki, Bahraich, Bareilly, Bijnor, Faizabad, Farrukhabad, Ghazipur, Gonda, Gorakhpur, Hardoi, Jyotiba Phule Nagar, Kannauj, Kanpur, Kushinagar, Lakhimpur Kheri, Meerut, Muzaffarnagar, Moradabad, Pilibhit, Rampur, Shahjahanpur, Sitapur, Unnao districts (Uttar Pradesh province)",40941.0,Km2,2011,8.0,15.0,2011,10.0,2.0,204.0,5549080.0,160000.0,2011-08-15,2011-10-02,48.0,Monsoon,Assam,5.3230099791384085,15.529142886426225,11.982935344196433,4,20,3,0,2,0
Hydrological,Flood,Riverine flood,"Angul, Baleshwar, Baragarh, Bhadrak, Boudh, Cuttack, Deogarh, Dhenkanal, Jajpur, Jagatsinghpur, Jharsuguda, Kendrapara, Khordha, Mayurbhanj, Nayagarh, Nuapada, Puri, Sambalpur districts (Orissa province)",27751.0,Km2,2011,9.0,23.0,2011,10.0,23.0,239.0,3443989.0,930000.0,2011-09-23,2011-10-23,30.0,Monsoon,Odisha,5.480638923341991,15.052141240925078,13.742940940397677,4,20,3,0,19,0
Hydrological,Flood,Riverine flood,"Anjaw (70044), Lohit, Changlang, 70045, 70050, Lower Dibang Valley, East Siang, Upper Siang (70051) districts (Arunachal Pradesh province), Assam province",254935.0,Km2,2012,6.0,26.0,2012,7.0,13.0,120.0,2200000.0,160000.0,2012-06-26,2012-07-13,17.0,Monsoon,Arunachal Pradesh,4.795790545596741,14.603968372873895,11.982935344196433,4,20,3,0,1,0
Hydrological,Flood,Riverine flood,Himachel Pradesh province,,Km2,2012,8.0,21.0,2012,8.0,23.0,26.0,9460.0,16000.0,2012-08-21,2012-08-23,2.0,Monsoon,Unknown,3.295836866004329,9.154933364704444,9.680406499268875,4,20,3,0,25,0
Hydrological,Flood,Riverine flood,"Barpeta, Bongaigaon, Darrang, Dhemaji, Dhuburi, Dibrugarh, Goalpara, Golaghat, Jorhat, Kamrup, Lakhimpur, Marigaon, Nagaon, Nalbari, Papum Pare, Sibsagar, Sonitpur, Tinsukia districts (Assam province), Bhagalpur, Darbhanga, Katihar, Khagaria, Muzaffarpur, Patna, Siwan, Supaul districts (Bihar province), Sahibganj district (Jharkhand province), North Sikkim district (Sikkim province), Ballia, Bara Banki, Faizabad districts (Uttar Pradesh province), Murshidabad district (West Bengal province), West Siang, East Siang, Lohit, Papum Pare districts (Arunachal Pradesh province)",42597.0,Km2,2012,9.0,19.0,2012,9.0,23.0,21.0,2000000.0,98000.0,2012-09-19,2012-09-23,4.0,Monsoon,West Bengal,3.091042453358316,14.508658238524095,11.49273296168228,4,20,3,0,28,0
Hydrological,Flood,Flood (General),"Dhemaji, Tinsukia, Nagaon, Golaghat, Jorhat, Kamrup, Karimganj, Lakhimpur, Morigaon, Sibsaga, Bongaigaon, Kokrajhar districts (Assam province)",38019.26,Km2,2013,6.0,23.0,2013,7.0,15.0,80.0,2000000.0,160000.0,2013-06-23,2013-07-15,22.0,Monsoon,Assam,4.394449154672439,14.508658238524095,11.982935344196433,4,8,3,0,2,0
Hydrological,Flood,Riverine flood,"Sultanpur, Sitapur, Rae Bareli, Bara Banki, Faizabad, Gorakhpur, Basti, Kushinagar, Bahraich, Gonda, Shravasti districts (Uttar Pradesh province)",,Km2,2013,7.0,9.0,2013,7.0,10.0,174.0,500000.0,2000.0,2013-07-09,2013-07-10,1.0,Monsoon,Uttar Pradesh,5.1647859739235145,13.122365377402328,7.601402334583733,4,20,3,0,26,0
Hydrological,Flood,Riverine flood,"Bhopal, Hoshangabad, Seoni, Narsinghpur, Jabalpur districts (Madhya Pradesh province), Uttar Pradesh, Assam provinces",,Km2,2013,8.0,22.0,2013,8.0,27.0,73.0,40000.0,160000.0,2013-08-22,2013-08-27,5.0,Monsoon,Assam,4.30406509320417,10.596659732783579,11.982935344196433,4,20,3,0,2,0
Hydrological,Flood,Riverine flood,"Orissa, Andhra Pradesh, West Bengal provinces",,Km2,2013,10.0,21.0,2013,10.0,26.0,72.0,375000.0,260000.0,2013-10-21,2013-10-26,5.0,Post-Monsoon,West Bengal,4.290459441148391,12.834683971615659,12.468440756144114,4,20,3,1,28,0
Hydrological,Flood,Riverine flood,Assam province,49220.0,Km2,2014,6.0,26.0,2014,6.0,28.0,27.0,18500.0,2000.0,2014-06-26,2014-06-28,2.0,Monsoon,Assam,3.332204510175204,9.825580063659602,7.601402334583733,4,20,3,0,2,0
Hydrological,Flood,Riverine flood,"Uttarakhand, Himachal Pradesh provinces",,Km2,2014,7.0,16.0,2014,7.0,22.0,26.0,30000.0,160000.0,2014-07-16,2014-07-22,6.0,Monsoon,Himachal Pradesh,3.295836866004329,10.308985993422082,11.982935344196433,4,20,3,0,8,0
Hydrological,Flood,Riverine flood,Odisha province,,Km2,2014,8.0,9.0,2014,8.0,16.0,47.0,3600000.0,100000.0,2014-08-09,2014-08-16,7.0,Monsoon,Odisha,3.871201010907891,15.096444681204078,11.51293546492023,4,20,3,0,19,0
Hydrological,Flood,Riverine flood,Jammu and Kashmir provinces,,Km2,2014,9.0,1.0,2014,9.0,1.0,298.0,275000.0,16000000.0,2014-09-01,2014-09-01,1.0,Monsoon,Jammu,5.700443573390687,12.524530013005734,16.588099342704055,4,20,3,0,9,0
Hydrological,Flood,Flash flood,"Chadoora village (72811 district, Jammu and Kashmir province)",70287.98,Km2,2015,3.0,20.0,2015,3.0,31.0,44.0,2122.0,76000.0,2015-03-20,2015-03-31,11.0,Summer,Jammu,3.8066624897703196,7.660585461703256,11.23850177707664,4,7,3,2,9,0
Hydrological,Flood,Flash flood,"Bhadrairuppu village (Virudhunagar district, Tamil Nadu province)",14179.0,Km2,2015,5.0,17.0,2015,5.0,21.0,8.0,200.0,160000.0,2015-05-17,2015-05-21,4.0,Summer,Tamil Nadu,2.1972245773362196,5.303304908059076,11.982935344196433,4,7,3,2,23,0
Hydrological,Flood,Riverine flood,"Amreli, Rajkot, Surat districts (Gujarat province), Maharashtra province",43781.56,Km2,2015,6.0,19.0,2015,6.0,20.0,81.0,9000.0,604000.0,2015-06-19,2015-06-20,1.0,Monsoon,Gujarat,4.406719247264253,9.105090961257085,13.311331132544721,4,20,3,0,6,0
Hydrological,Flood,Riverine flood,"Kachchh, Patan, Banas Kantha districts (Gujarat province), Malda, Jalpaiguri districts (West Bengal province), Jorhat, Dhemaji, Lakhimpur, Dhuburi, Darrang, Goalpara, Karbi Anglong, Marigaon districts (Assam province), Manipur, Orissa, Rajasthan, Madhya Pradesh provinces",629961.6,Km2,2015,7.0,15.0,2015,8.0,19.0,293.0,13709887.0,160000.0,2015-07-15,2015-08-19,35.0,Monsoon,West Bengal,5.683579767338681,16.43362788228558,11.982935344196433,4,20,3,0,28,0
Hydrological,Flood,Flood (General),Assam province,69190.14,Km2,2015,8.0,13.0,2015,8.0,19.0,5.0,18000.0,160000.0,2015-08-13,2015-08-19,6.0,Monsoon,Assam,1.791759469228055,9.798182590890704,11.982935344196433,4,8,3,0,2,0
Hydrological,Flood,Flood (General),"Chittoor, Cuddapah, Prakasam, Nellore districts (Andhra Pradesh province), Chennai, Cuddalore, Nagapattinam, Kancheepuram, Thiruvallur, Villupuram districts (Tamil Nadu province), Puducherry province",93202.05,Km2,2015,11.0,8.0,2015,12.0,4.0,325.0,1801000.0,2200000.0,2015-11-08,2015-12-04,26.0,Post-Monsoon,Andhra Pradesh,5.786897381366708,14.403853179405024,14.603968372873895,4,8,3,1,0,0
Hydrological,Flood,Flood (General),"Arunachal Pradesh, Assam, Nagaland provinces",70517.68,Km2,2016,4.0,22.0,2016,4.0,25.0,18.0,100000.0,150000.0,2016-04-22,2016-04-25,3.0,Summer,Arunachal Pradesh,2.9444389791664403,11.51293546492023,11.918397239722838,4,8,3,2,1,0
Hydrological,Flood,Flash flood,"Chamoli, Pithoragahr districts (Uttarakhand province), Assam, Arunachal Pradesh provinces",135742.3,Km2,2016,6.0,25.0,2016,7.0,1.0,61.0,30000.0,100000.0,2016-06-25,2016-07-01,6.0,Monsoon,Arunachal Pradesh,4.127134385045092,10.308985993422082,11.51293546492023,4,7,3,0,1,0
Hydrological,Flood,Flood (General),"Bhopal, Hoshangabad, Rewa, Sagar, Shajapur, Jabalpur, Satna, Harda, Panna, Vidisha, Raisen, Mandla, Tikamgarh, Seoni, Damoh, Sehore, Agar-Malwa districts (Madhya Pradesh province)",,Km2,2016,7.0,9.0,2016,8.0,22.0,184.0,100000.0,160000.0,2016-07-09,2016-08-22,44.0,Monsoon,Madhya Pradesh,5.220355825078324,11.51293546492023,11.982935344196433,4,8,3,0,13,0
Hydrological,Flood,Flood (General),"Maharashtra (Nashik, Raigad (Mahad), Thane (Bhiwandi), Ratnagiri, Pune, Satara, Kolhapur), Gujarat (Valsad, Chhota Udepur (Vadodara), Navsari and Surat)",,Km2,2016,8.0,1.0,2016,8.0,3.0,37.0,3000.0,160000.0,2016-08-01,2016-08-03,2.0,Monsoon,Gujarat,3.6375861597263857,8.006700845440367,11.982935344196433,4,8,3,0,6,0
Hydrological,Flood,Flood (General),"Andhra Pradesh province, Telangana",137435.4,Km2,2016,9.0,21.0,2016,9.0,29.0,28.0,3000.0,589000.0,2016-09-21,2016-09-29,8.0,Monsoon,Andhra Pradesh,3.367295829986474,8.006700845440367,13.286183160425152,4,8,3,0,0,0
Hydrological,Flood,Flood (General),"Banaskantha, Valsad, Navsari, Surat, Sabarkantha, Patan (Gujarat), Barmer, Jalore, Udaipur, Sirohi, Pali (Rajasthan), Kolkata (West Bengal)",,Km2,2017,6.0,1.0,2017,8.0,1.0,284.0,520000.0,250000.0,2017-06-01,2017-08-01,61.0,Monsoon,West Bengal,5.652489180268651,13.161586013632684,12.429220196836383,4,8,3,0,28,0
Hydrological,Flood,Flood (General),"Imphal West, Imphal East, Thoubal, Bishnupur (Manipur)",,Km2,2017,7.0,1.0,2017,7.0,1.0,49.0,12831.0,160000.0,2017-07-01,2017-07-01,1.0,Monsoon,Manipur,3.912023005428146,9.459697330106296,11.982935344196433,4,8,3,0,15,0
Hydrological,Flood,Flood (General),"Araria, Jogbani (Bihar); Uttar Pradesh, West Bengal",,Km2,2017,8.0,11.0,2017,8.0,31.0,514.0,17200000.0,1567000.0,2017-08-11,2017-08-31,20.0,Monsoon,West Bengal,6.244166900663736,16.660419999923214,14.264674159500048,4,8,3,0,28,0
Hydrological,Flood,Flash flood,Chenai (Tamil Nadu),50536.26,Km2,2017,10.0,30.0,2017,11.0,8.0,21.0,4000.0,160000.0,2017-10-30,2017-11-08,9.0,Post-Monsoon,Tamil Nadu,3.091042453358316,8.294299608857235,11.982935344196433,4,7,3,1,23,0
Hydrological,Flood,Flood (General),Dakshina Kannada and Udupi districts,,Km2,2018,5.0,29.0,2018,5.0,31.0,12.0,4945.0,2500.0,2018-05-29,2018-05-31,2.0,Summer,Unknown,2.5649493574615367,8.506334448081361,7.824445930877619,4,8,3,2,25,0
Hydrological,Flood,Flood (General),"Assam, Maharashtra, Gujarat",,Km2,2018,6.0,22.0,2018,7.0,3.0,52.0,30000.0,160000.0,2018-06-22,2018-07-03,11.0,Monsoon,Assam,3.970291913552122,10.308985993422082,11.982935344196433,4,8,3,0,2,0
Hydrological,Flood,Flood (General),Odisha state,,Km2,2018,7.0,20.0,2018,7.0,23.0,20.0,41430.0,160000.0,2018-07-20,2018-07-23,3.0,Monsoon,Odisha,3.044522437723423,10.631784671878874,11.982935344196433,4,8,3,0,19,0
Hydrological,Flood,Flood (General),"Biswanath, Udalguri, Golaghat, Sivassagar/Charaideo, Barpeta, Lakhimpu, Dhemaji, Darrang (Assam, West Bengal)",,Km2,2018,8.0,2.0,2018,8.0,6.0,3.0,25000.0,160000.0,2018-08-02,2018-08-06,4.0,Monsoon,West Bengal,1.3862943611198906,10.12667110305036,11.982935344196433,4,8,3,0,28,0
Hydrological,Flood,Flood (General),"Punjab, Haryana states",,Km2,2018,9.0,23.0,2018,9.0,24.0,25.0,30000.0,160000.0,2018-09-23,2018-09-24,1.0,Monsoon,Haryana,3.258096538021482,10.308985993422082,11.982935344196433,4,8,3,0,7,0
Hydrological,Flood,Flood (General),"Mumbai, Pune, Ratnagiri Districts (Maharashtra State)",,Km2,2019,6.0,28.0,2019,7.0,4.0,52.0,60.0,160000.0,2019-06-28,2019-07-04,6.0,Monsoon,Maharashtra,3.970291913552122,4.110873864173311,11.982935344196433,4,8,3,0,14,0
Hydrological,Flood,Flood (General),"Sitamarhi, Sheohar, East Champaran, Muzaffarpur, Madhubani, Darbhanga, Supaul, Araria, Sahersa , Katihar, Purnia, Kishanganj districts (Bihar); Dhemaji, Lakhimpur, Biswanath, Barpeta, Chirang, Golaghat Jorhat, Sonitpur, Darrang, Nalbari, Bongaigaon, Morigaon, Nagaon, Majuli, Baksa, Kokrajhar, Dhubri, South Salmara, Goalpara, Kamrup, Hojai, Sivsagar, Tinsukia, Cachar, KarbiAnglrng, West Karbi-Anglong, Hailakandi, Dibrugarh districts (Assam); Maharashtra, Kerala, Rajasthan, West Bengal, Karnataka, Uttarakand, Himachal Pradesh, Punjab, Uttar Pradesh, Odisha",,Km2,2019,7.0,14.0,2019,9.0,30.0,1900.0,3000000.0,10000000.0,2019-07-14,2019-09-30,78.0,Monsoon,West Bengal,7.550135342488429,14.914123179965662,16.118095750958314,4,8,3,0,28,0
Hydrological,Flood,Flood (General),"West Bengal, Kerala, Odisha, Maharashtra",,Km2,2019,8.0,12.0,2019,8.0,15.0,32.0,17500.0,160000.0,2019-08-12,2019-08-15,3.0,Monsoon,West Bengal,3.4965075614664802,9.770013301136158,11.982935344196433,4,8,3,0,28,0
Hydrological,Flood,Flood (General),"Belagavi, Gadag, Koppal districts (Karnataka); Kerala, Tamil Nadu states",,Km2,2019,10.0,19.0,2019,10.0,23.0,12.0,27500.0,160000.0,2019-10-19,2019-10-23,4.0,Post-Monsoon,Karnataka,2.5649493574615367,10.221977646629885,11.982935344196433,4,8,3,1,10,0
Hydrological,Flood,Flood (General),"Coimbatore, Cuddalore, Nagapattinam, Thoothukkudi Districts (Tamil Nadu); Pudducherry",,Km2,2019,11.0,29.0,2019,12.0,4.0,27.0,25000.0,160000.0,2019-11-29,2019-12-04,5.0,Post-Monsoon,Tamil Nadu,3.332204510175204,10.12667110305036,11.982935344196433,4,8,3,1,23,0
Hydrological,Flood,Flood (General),"Lakhimpur, Sontipur, Darrang, Goalpara (Assam state); Sikkim state",,Km2,2020,5.0,24.0,2020,5.0,26.0,1.0,30002.0,160000.0,2020-05-24,2020-05-26,2.0,Summer,Assam,0.6931471805599453,10.309052655644626,11.982935344196433,4,8,3,2,2,0
Hydrological,Flood,Flood (General),"Assam, Bihar, Gujarat, Chhattisgarh, Kerala, Karnataka, Madhya Pradesh, Odisha, Uttar Pradesh, West Bengal, Arunachal Pradesh, Maharashtraa.",,Km2,2020,6.0,1.0,2020,8.0,16.0,1922.0,1300000.0,7500000.0,2020-06-01,2020-08-16,76.0,Monsoon,West Bengal,7.56164174558878,14.077875591662238,15.830413711839864,4,8,3,0,28,0
Hydrological,Flood,Flood (General),"Hyderabad, Telangana, Andhra Pradesh, Karnataka, South Odisha states",,Km2,2020,10.0,1.0,2020,10.0,26.0,152.0,150000.0,4000000.0,2020-10-01,2020-10-26,25.0,Post-Monsoon,Andhra Pradesh,5.030437921392435,11.918397239722838,15.201805169084134,4,8,3,1,0,0
Hydrological,Flood,Flood (General),"Bihar, Uttar Pradesh, Gujarat, Kerala, Karnataka, Uttarakhand, Maharashtra, Chhattisgarh, West Bengal, and Tripura states",,Km2,2021,6.0,1.0,2021,6.0,30.0,59.0,1000.0,100000.0,2021-06-01,2021-06-30,29.0,Monsoon,West Bengal,4.0943445622221,6.90875477931522,11.51293546492023,4,8,3,0,28,0
Hydrological,Flood,Flood (General),"Bongaigaon, Dhemaji and Dibrugarh districts (Assam state)",,Km2,2021,7.0,1.0,2021,7.0,1.0,49.0,7587.0,160000.0,2021-07-01,2021-07-01,1.0,Monsoon,Assam,3.912023005428146,8.934323331054905,11.982935344196433,4,8,3,0,2,0
Hydrological,Flood,Flood (General),"Rajkot, Jamnagar, Porbandar, Valsad, Junagadh districts (Gujarat state)",,Km2,2021,9.0,13.0,2021,9.0,15.0,7.0,850000.0,160000.0,2021-09-13,2021-09-15,2.0,Monsoon,Gujarat,2.0794415416798357,13.652992804936396,11.982935344196433,4,8,3,0,6,0
Hydrological,Flood,Flood (General),"Idukki, Kottayam, Pathanamthitta, Kollam, Achankovil, Thiruvananthapuram(Kerala state)",,Km2,2021,10.0,11.0,2021,10.0,20.0,39.0,3950.0,160000.0,2021-10-11,2021-10-20,9.0,Post-Monsoon,Kerala,3.6888794541139363,8.281723990411392,11.982935344196433,4,8,3,1,12,0
Hydrological,Flood,Flood (General),"Chittoor, Kadapa, Anantapur, Nellore districts (Andhra Pradesh)",,Km2,2021,11.0,18.0,2021,11.0,19.0,62.0,74500.0,160000.0,2021-11-18,2021-11-19,1.0,Post-Monsoon,Andhra Pradesh,4.143134726391533,11.218567827096358,11.982935344196433,4,8,3,1,0,0
Hydrological,Flood,Flood (General),"Itanagar distrci (Arunchal Pradesh); Dima Hasao, Cachar, Udalguri District (Assam); East Khasi Hills, Ri-Bhoi Districts (Meghalaya); Nagaland; Bihar; Himachal Pradesh; Madhya Pradesh; Gujarat; Maharasthra",,Km2,2022,5.0,17.0,2022,10.0,31.0,2035.0,1301260.0,4200000.0,2022-05-17,2022-10-31,167.0,Summer,Assam,7.618742377670413,14.078844352285769,15.250595321348806,4,8,3,2,2,0
Hydrological,Flood,Flood (General),"Himachal Pradesh, Uttarakhand and Jharkhand States",,Km2,2022,8.0,1.0,2022,8.0,22.0,63.0,800000.0,160000.0,2022-08-01,2022-08-22,21.0,Monsoon,Himachal Pradesh,4.1588830833596715,13.592368256649284,11.982935344196433,4,8,3,0,8,0
Hydrological,Flood,Flood (General),Uttar Pradesh,,Km2,2022,9.0,18.0,2022,9.0,24.0,49.0,30000.0,160000.0,2022-09-18,2022-09-24,6.0,Monsoon,Uttar Pradesh,3.912023005428146,10.308985993422082,11.982935344196433,4,8,3,0,26,0
Hydrological,Flood,Flood (General),"Himachal Pradesh, Uttarakhand, Delhi, Bihar, Madyah Pradesh, Maharashtra, Chhattisgarh, Gujarat, Punjab, Karnataka, Assam",,Km2,2023,6.0,25.0,2023,9.0,7.0,1529.0,10250000.0,160000.0,2023-06-25,2023-09-07,74.0,Monsoon,Assam,7.333023014386481,16.142788361109663,11.982935344196433,4,8,3,0,2,0
Hydrological,Flood,Flood (General),Mulugu District (western Telangana),,Km2,2023,7.0,27.0,2023,7.0,31.0,23.0,30000.0,160000.0,2023-07-27,2023-07-31,4.0,Monsoon,Telangana,3.1780538303479458,10.308985993422082,11.982935344196433,4,8,3,0,24,0
Hydrological,Flood,Flood (General),"Thoothukudi, Tirunelveli, Kanniyakumari and Tenkasi Districts (Tamil Nadu state)",,Km2,2023,12.0,18.0,2023,12.0,20.0,10.0,30000.0,160000.0,2023-12-18,2023-12-20,2.0,Winter,Tamil Nadu,2.3978952727983707,10.308985993422082,11.982935344196433,4,8,3,3,23,0
Hydrological,Flood,Flash flood,Assam and Meghalaya states,,Km2,2024,5.0,1.0,2024,7.0,8.0,48.0,2100000.0,160000.0,2024-05-01,2024-07-08,68.0,Summer,Assam,3.8918202981106265,14.557448378884015,11.982935344196433,4,7,3,2,2,0
Hydrological,Flood,Flood (General),"Mandi, Kullu, Shimla districts (Himachal Pradesh)",,Km2,2024,7.0,31.0,2024,8.0,23.0,46.0,30000.0,160000.0,2024-07-31,2024-08-23,23.0,Monsoon,Himachal Pradesh,3.8501476017100584,10.308985993422082,11.982935344196433,4,8,3,0,8,0
Hydrological,Flood,Flood (General),"Gujarat, Maharashtra, Tripura States",,Km2,2024,8.0,26.0,2024,8.0,27.0,25.0,8007173.0,160000.0,2024-08-26,2024-08-27,1.0,Monsoon,Gujarat,3.258096538021482,15.895848447804044,11.982935344196433,4,8,3,0,6,0
Hydrological,Flood,Flood (General),Meghalaya,,Km2,2024,10.0,4.0,2024,10.0,7.0,15.0,30000.0,160000.0,2024-10-04,2024-10-07,3.0,Post-Monsoon,Meghalaya,2.772588722239781,10.308985993422082,11.982935344196433,4,8,3,1,16,0
Hydrological,Flood,Flood (General),"Assam, Arunachal Pradesh, Mizoram, Manipur, Sikkim, Meghalaya Nagaland, Tripura, Meghalaya states",,Km2,2025,5.0,31.0,2025,6.0,1.0,50.0,1441247.0,160000.0,2025-05-31,2025-06-01,1.0,Summer,Arunachal Pradesh,3.9318256327243257,14.181019962880141,11.982935344196433,4,8,3,2,1,0
Hydrological,Flood,Flash flood,"Himachal Pradesh, Uttarakhand",,Km2,2025,6.0,20.0,2025,7.0,7.0,140.0,80074.0,160000.0,2025-06-20,2025-07-07,17.0,Monsoon,Himachal Pradesh,4.948759890378168,11.29071897447736,11.982935344196433,4,7,3,0,8,0
Hydrological,Flood,Flash flood,Kishtwar (Jammu and Kashmir state),,Km2,2025,8.0,14.0,2025,8.0,15.0,98.0,50.0,160000.0,2025-08-14,2025-08-15,1.0,Monsoon,Jammu,4.59511985013459,3.9318256327243257,11.982935344196433,4,7,3,0,9,0
Hydrological,Flood,Flash flood,"Dehradun, Champawat, Haridwar, Pauri Garhwal, Bageshwar, Pithoragarh, Nainital, and Udham Singh Nagar districts (Uttarakhand State)",,Km2,2025,9.0,15.0,2025,9.0,17.0,33.0,900.0,160000.0,2025-09-15,2025-09-17,2.0,Monsoon,Uttarakhand,3.5263605246161616,6.803505257608338,11.982935344196433,4,7,3,0,27,0
Hydrological,Flood,Flood (General),Darjeeling (West Bengal); Bihar states,,Km2,2025,10.0,3.0,2025,10.0,7.0,32.0,2513.0,2200.0,2025-10-03,2025-10-07,4.0,Post-Monsoon,West Bengal,3.4965075614664802,7.829630389150193,7.696667081526462,4,8,3,1,28,0
Climatological,Glacial lake outburst flood,Glacial lake outburst flood,Uttarakhand state,,,2021,2.0,7.0,2021,2.0,8.0,234.0,30000.0,210000.0,2021-02-07,2021-02-08,1.0,Winter,Uttarakhand,5.459585514144159,10.308985993422082,12.25486757159303,5,10,1,3,27,4
Climatological,Glacial lake outburst flood,Glacial lake outburst flood,Chamoli District (Uttarakhand State),,,2021,4.0,23.0,2021,4.0,23.0,16.0,24.0,160000.0,2021-04-23,2021-04-23,1.0,Summer,Uttarakhand,2.833213344056216,3.2188758248682006,11.982935344196433,5,10,1,2,27,4
Climatological,Glacial lake outburst flood,Glacial lake outburst flood,"Sikkim state Gangtok, Mangan and Pakyong (Bengal state)",,,2023,10.0,5.0,2023,10.0,5.0,178.0,88400.0,160000.0,2023-10-05,2023-10-05,1.0,Post-Monsoon,West Bengal,5.187385805840755,11.389638560778947,11.982935344196433,5,10,1,1,28,4
Biological,Infestation,Locust infestation,"Gujarat, Rajasthan states",,,1993,9.0,1.0,1993,9.0,1.0,49.0,30000.0,160000.0,1993-09-01,1993-09-01,1.0,Monsoon,Gujarat,3.912023005428146,10.308985993422082,11.982935344196433,6,17,0,0,6,4
Geophysical,Mass movement (dry),Avalanche (dry),Adminitrative unit not available districts (Jammu and Kashmir province),,,2012,2.0,23.0,2012,2.0,23.0,16.0,30000.0,160000.0,2012-02-23,2012-02-23,1.0,Winter,Jammu,2.833213344056216,10.308985993422082,11.982935344196433,7,0,2,3,9,4
Hydrological,Mass movement (wet),Landslide (wet),Sikkim,,,1990,9.0,16.0,1990,9.0,16.0,30.0,30000.0,160000.0,1990-09-16,1990-09-16,1.0,Monsoon,Sikkim,3.4339872044851463,10.308985993422082,11.982935344196433,8,15,3,0,22,4
Hydrological,Mass movement (wet),Landslide (wet),Aizawl (Mizoram state),,,1992,8.0,9.0,1992,8.0,9.0,60.0,30000.0,160000.0,1992-08-09,1992-08-09,1.0,Monsoon,Mizoram,4.110873864173311,10.308985993422082,11.982935344196433,8,15,3,0,17,4
Hydrological,Mass movement (wet),Landslide (wet),Bombay,,,1993,9.0,23.0,1993,9.0,23.0,20.0,25.0,160000.0,1993-09-23,1993-09-23,1.0,Monsoon,Maharashtra,3.044522437723423,3.258096538021482,11.982935344196433,8,15,3,0,14,4
Hydrological,Mass movement (wet),Avalanche (wet),Kashmir province,,,1995,1.0,16.0,1995,1.0,16.0,200.0,5250.0,160000.0,1995-01-16,1995-01-16,1.0,Winter,Kashmir,5.303304908059076,8.566173813637858,11.982935344196433,8,1,3,3,11,4
Hydrological,Mass movement (wet),Landslide (wet),Mizoram State,,,1995,6.0,3.0,1995,6.0,3.0,40.0,14285.0,4500.0,1995-06-03,1995-06-03,1.0,Monsoon,Mizoram,3.713572066704308,9.567035315714918,8.412054873292933,8,15,3,0,17,4
Hydrological,Mass movement (wet),Landslide (wet),Kulla (Himachal Pradesh),,,1995,9.0,12.0,1995,9.0,12.0,400.0,1100000.0,160000.0,1995-09-12,1995-09-12,1.0,Monsoon,Himachal Pradesh,5.993961427306569,13.910821646859095,11.982935344196433,8,15,3,0,8,4
Hydrological,Mass movement (wet),Landslide (wet),"Karnataka, Andhra Pradesh, Maharashtra",,,1996,9.0,30.0,1996,9.0,30.0,48.0,30000.0,160000.0,1996-09-30,1996-09-30,1.0,Monsoon,Andhra Pradesh,3.8918202981106265,10.308985993422082,11.982935344196433,8,15,3,0,0,4
Hydrological,Mass movement (wet),Landslide (wet),Gangtok (city) Level 1 = Sikkim,,,1997,6.0,9.0,1997,6.0,9.0,28.0,30.0,160000.0,1997-06-09,1997-06-09,1.0,Monsoon,Sikkim,3.367295829986474,3.4339872044851463,11.982935344196433,8,15,3,0,22,4
Hydrological,Mass movement (wet),Landslide (wet),Darjeeling Hills Level 1 = West Bengal,,,1997,8.0,6.0,1997,8.0,6.0,23.0,2000.0,160000.0,1997-08-06,1997-08-06,1.0,Monsoon,West Bengal,3.1780538303479458,7.601402334583733,11.982935344196433,8,15,3,0,28,4
Hydrological,Mass movement (wet),Landslide (wet),Himachal Pradesh,,,1998,3.0,5.0,1998,3.0,5.0,26.0,30000.0,160000.0,1998-03-05,1998-03-05,1.0,Summer,Himachal Pradesh,3.295836866004329,10.308985993422082,11.982935344196433,8,15,3,2,8,4
Hydrological,Mass movement (wet),Landslide (wet),Assam,,,1998,6.0,3.0,1998,6.0,3.0,48.0,150.0,160000.0,1998-06-03,1998-06-03,1.0,Monsoon,Assam,3.8918202981106265,5.017279836814924,11.982935344196433,8,15,3,0,2,4
Hydrological,Mass movement (wet),Landslide (wet),"Malpa village (Pithoragrah district, Uttar Pradesh state)",,,1998,8.0,17.0,1998,8.0,17.0,239.0,200000.0,160000.0,1998-08-17,1998-08-17,1.0,Monsoon,Uttar Pradesh,5.480638923341991,12.206077645517674,11.982935344196433,8,15,3,0,26,4
Hydrological,Mass movement (wet),Landslide (wet),"Moradabad, Bijnor districts (Uttar Pradesh province), Uttarakhand province",,,2000,6.0,1.0,2000,6.0,1.0,43.0,30000.0,160000.0,2000-06-01,2000-06-01,1.0,Monsoon,Uttar Pradesh,3.784189633918261,10.308985993422082,11.982935344196433,8,15,3,0,26,4
Hydrological,Mass movement (wet),Landslide (wet),"Ghatkopar village (Mumbai Suburban district, Maharashtra province)",,,2000,7.0,12.0,2000,7.0,12.0,58.0,7038.0,160000.0,2000-07-12,2000-07-12,1.0,Monsoon,Maharashtra,4.07753744390572,8.85922139360813,11.982935344196433,8,15,3,0,14,4
Hydrological,Mass movement (wet),Landslide (wet),"Pithoragarh, Naini Tal districts (Uttarakhand province)",,,2000,8.0,11.0,2000,8.0,11.0,86.0,30000.0,160000.0,2000-08-11,2000-08-11,1.0,Monsoon,Uttarakhand,4.465908118654584,10.308985993422082,11.982935344196433,8,15,3,0,27,4
Hydrological,Mass movement (wet),Landslide (wet),Rudra Prayag district (Uttarakhand province),,,2001,7.0,16.0,2001,7.0,16.0,27.0,30000.0,160000.0,2001-07-16,2001-07-16,1.0,Monsoon,Uttarakhand,3.332204510175204,10.308985993422082,11.982935344196433,8,15,3,0,27,4
Hydrological,Mass movement (wet),Landslide (wet),Chamba district (Himachal Pradesh province),,,2001,8.0,14.0,2001,8.0,14.0,16.0,30000.0,160000.0,2001-08-14,2001-08-14,1.0,Monsoon,Himachal Pradesh,2.833213344056216,10.308985993422082,11.982935344196433,8,15,3,0,8,4
Hydrological,Mass movement (wet),Landslide (wet),"Amboori village (Thiruvananthapuram district, Kerala province)",,,2001,11.0,9.0,2001,11.0,9.0,55.0,30000.0,160000.0,2001-11-09,2001-11-09,1.0,Post-Monsoon,Kerala,4.02535169073515,10.308985993422082,11.982935344196433,8,15,3,1,12,4
Hydrological,Mass movement (wet),Avalanche (wet),Administrative unit not available district (Jammu and Kashmir province),,,2003,3.0,3.0,2003,3.0,3.0,25.0,30000.0,160000.0,2003-03-03,2003-03-03,1.0,Summer,Jammu,3.258096538021482,10.308985993422082,11.982935344196433,8,1,3,2,9,4
Hydrological,Mass movement (wet),Avalanche (wet),Administrative unit not available districts (Jammu and Kashmir province),,,2005,2.0,15.0,2005,2.0,21.0,250.0,5000.0,50000.0,2005-02-15,2005-02-21,6.0,Winter,Jammu,5.5254529391317835,8.517393171418904,10.819798284210286,8,1,3,3,9,4
Hydrological,Mass movement (wet),Landslide (wet),"Guwahati city (Kamrup district, Assam province)",,,2005,8.0,24.0,2005,8.0,25.0,12.0,20.0,160000.0,2005-08-24,2005-08-25,1.0,Monsoon,Assam,2.5649493574615367,3.044522437723423,11.982935344196433,8,15,3,0,2,4
Hydrological,Mass movement (wet),Landslide (wet),Administrative unit not available districts (Jammu and Kashmir province),,,2008,2.0,8.0,2008,2.0,8.0,37.0,30000.0,160000.0,2008-02-08,2008-02-08,1.0,Winter,Jammu,3.6375861597263857,10.308985993422082,11.982935344196433,8,15,3,3,9,4
Hydrological,Mass movement (wet),Landslide (wet),Pithoragarh district (Uttarakhand province),,,2009,8.0,8.0,2009,8.0,8.0,45.0,30000.0,160000.0,2009-08-08,2009-08-08,1.0,Monsoon,Uttarakhand,3.828641396489095,10.308985993422082,11.982935344196433,8,15,3,0,27,4
Hydrological,Mass movement (wet),Landslide (wet),"Lal, Bahadur, Shastri, Nagar slums (Mumbai Suburban district, Maharashtra province)",,,2009,9.0,3.0,2009,9.0,3.0,10.0,30000.0,160000.0,2009-09-03,2009-09-03,1.0,Monsoon,Maharashtra,2.3978952727983707,10.308985993422082,11.982935344196433,8,15,3,0,14,4
Hydrological,Mass movement (wet),Avalanche (wet),Administrative unit not available district (Jammu and Kashmir province),,,2010,2.0,8.0,2010,2.0,8.0,17.0,30000.0,160000.0,2010-02-08,2010-02-08,1.0,Winter,Jammu,2.8903717578961645,10.308985993422082,11.982935344196433,8,1,3,3,9,4
Hydrological,Mass movement (wet),Landslide (wet),"Malin village (Pune district, Maharashtra province)",,,2014,7.0,30.0,2014,7.0,30.0,151.0,200.0,160000.0,2014-07-30,2014-07-30,1.0,Monsoon,Maharashtra,5.0238805208462765,5.303304908059076,11.982935344196433,8,15,3,0,14,4
Hydrological,Mass movement (wet),Landslide (wet),"Barpeta, Sonitpur, Goalpara, Dhemaji, Lakhimpur, Tinsukia, Darrang, Nalbari, Jorhat, Kamrup, Dibrugarh, Nagaon, Bongaigaon districts (Assam province)",,,2015,6.0,2.0,2015,6.0,29.0,3.0,9000.0,160000.0,2015-06-02,2015-06-29,27.0,Monsoon,Assam,1.3862943611198906,9.105090961257085,11.982935344196433,8,15,3,0,2,4
Hydrological,Mass movement (wet),Avalanche (wet),Jammu and Kashmir (Administrative unit not available) (Siachen glacier),,,2016,2.0,3.0,2016,2.0,3.0,10.0,30000.0,160000.0,2016-02-03,2016-02-03,1.0,Winter,Jammu,2.3978952727983707,10.308985993422082,11.982935344196433,8,1,3,3,9,4
Hydrological,Mass movement (wet),Landslide (wet),Uttarakhand province,,,2016,5.0,22.0,2016,5.0,22.0,10.0,5.0,160000.0,2016-05-22,2016-05-22,1.0,Summer,Uttarakhand,2.3978952727983707,1.791759469228055,11.982935344196433,8,15,3,2,27,4
Hydrological,Mass movement (wet),Avalanche (wet),"Sonamanrg (Ganderbal district), Gurez Valleys (Jammu and Kashmir state)",,,2017,1.0,25.0,2017,1.0,26.0,28.0,30000.0,160000.0,2017-01-25,2017-01-26,1.0,Winter,Jammu,3.367295829986474,10.308985993422082,11.982935344196433,8,1,3,3,9,4
Hydrological,Mass movement (wet),Landslide (wet),"Laptap Village, Papumpare district (Arunachal Pradesh)",,,2017,7.0,11.0,2017,7.0,11.0,22.0,30000.0,160000.0,2017-07-11,2017-07-11,1.0,Monsoon,Arunachal Pradesh,3.1354942159291497,10.308985993422082,11.982935344196433,8,15,3,0,1,4
Hydrological,Mass movement (wet),Landslide (wet),"Kotropi, Mandi district (Himachal Pradesh)",,,2017,8.0,13.0,2017,8.0,13.0,46.0,100.0,160000.0,2017-08-13,2017-08-13,1.0,Monsoon,Himachal Pradesh,3.8501476017100584,4.61512051684126,11.982935344196433,8,15,3,0,8,4
Hydrological,Mass movement (wet),Landslide (wet),"Barak Valley Region (southern Assam State, north-east India); Hailakandi ; Cachar; Karimganj Districts",,,2020,5.0,27.0,2020,6.0,2.0,21.0,155850.0,160000.0,2020-05-27,2020-06-02,6.0,Summer,Assam,3.091042453358316,11.95665570160095,11.982935344196433,8,15,3,2,2,4
Hydrological,Mass movement (wet),Landslide (wet),Idukki district (Kerala state),,,2020,8.0,7.0,2020,8.0,7.0,70.0,30000.0,160000.0,2020-08-07,2020-08-07,1.0,Monsoon,Kerala,4.2626798770413155,10.308985993422082,11.982935344196433,8,15,3,0,12,4
Hydrological,Mass movement (wet),Landslide (wet),Bombay,,,2021,7.0,17.0,2021,7.0,18.0,33.0,30000.0,160000.0,2021-07-17,2021-07-18,1.0,Monsoon,Maharashtra,3.5263605246161616,10.308985993422082,11.982935344196433,8,15,3,0,14,4
Hydrological,Mass movement (wet),Landslide (wet),"Nigul Sari Village (Kinnaur District, Himachal Pradesh State)",,,2021,8.0,11.0,2021,8.0,11.0,35.0,13.0,160000.0,2021-08-11,2021-08-11,1.0,Monsoon,Himachal Pradesh,3.58351893845611,2.6390573296152584,11.982935344196433,8,15,3,0,8,4
Hydrological,Mass movement (wet),Landslide (wet),"Tapul village (Noney District, Manipur State); Mumbai",,,2022,6.0,30.0,2022,7.0,6.0,67.0,30000.0,160000.0,2022-06-30,2022-07-06,6.0,Monsoon,Manipur,4.219507705176107,10.308985993422082,11.982935344196433,8,15,3,0,15,4
Hydrological,Mass movement (wet),Landslide (wet),"Irshalwadi Village (Raigad District, western Maharashtra State)",,,2023,7.0,19.0,2023,7.0,19.0,28.0,200.0,160000.0,2023-07-19,2023-07-19,1.0,Monsoon,Maharashtra,3.367295829986474,5.303304908059076,11.982935344196433,8,15,3,0,14,4
Hydrological,Mass movement (wet),Landslide (wet),Himachal Pradesh and Uttarakhand states,,,2023,8.0,23.0,2023,8.0,24.0,10.0,605.0,160000.0,2023-08-23,2023-08-24,1.0,Monsoon,Himachal Pradesh,2.3978952727983707,6.406879986069314,11.982935344196433,8,15,3,0,8,4
Hydrological,Mass movement (wet),Landslide (wet),"Mundakkai, Chooralmala, Attamala, and Noolpuzha villages (Wayanad district, Kerala state)",,,2024,7.0,30.0,2024,7.0,30.0,378.0,3091.0,140000.0,2024-07-30,2024-07-30,1.0,Monsoon,Kerala,5.937536205082426,8.036573409707312,11.849404844423074,8,15,3,0,12,4
Hydrological,Mass movement (wet),Landslide (wet),"Dipu Dara village (Singtam municipality, Gangtok district, Sikkim state)",,,2024,8.0,22.0,2024,8.0,22.0,10.0,90.0,160000.0,2024-08-22,2024-08-22,1.0,Monsoon,Sikkim,2.3978952727983707,4.51085950651685,11.982935344196433,8,15,3,0,22,4
Hydrological,Mass movement (wet),Avalanche (wet),Chamoli district (Uttarakhand),,,2025,2.0,28.0,2025,2.0,28.0,8.0,219.0,160000.0,2025-02-28,2025-02-28,1.0,Winter,Uttarakhand,2.1972245773362196,5.393627546352362,11.982935344196433,8,1,3,3,27,4
Hydrological,Mass movement (wet),Mudslide,"Dharali village (Uttarkashi district, Uttarakhand state)",,,2025,8.0,5.0,2025,8.0,5.0,105.0,30000.0,160000.0,2025-08-05,2025-08-05,1.0,Monsoon,Uttarakhand,4.663439094112067,10.308985993422082,11.982935344196433,8,18,3,0,27,4
Meteorological,Storm,Storm (General),"Meghalaya, Manipur, Tinsukia",,Kph,1990,4.0,20.0,1990,4.0,20.0,16.0,30000.0,160000.0,1990-04-20,1990-04-20,1.0,Summer,Manipur,2.833213344056216,10.308985993422082,11.982935344196433,9,24,4,2,15,1
Meteorological,Storm,Tropical cyclone,"Guntur, Krishna, East and West Godavari, Visakhapatnam districts (Andhra Pradesh)",,Kph,1990,5.0,9.0,1990,5.0,9.0,957.0,2600000.0,580000.0,1990-05-09,1990-05-09,1.0,Summer,Andhra Pradesh,6.86484777797086,14.77102238760702,13.270785106659046,9,26,4,2,0,1
Meteorological,Storm,Severe weather,Golfe du Bengale,,Kph,1990,8.0,20.0,1990,8.0,20.0,500.0,30000.0,160000.0,1990-08-20,1990-08-20,1.0,Monsoon,West Bengal,6.2166061010848646,10.308985993422082,11.982935344196433,9,22,4,0,28,1
Meteorological,Storm,Tropical cyclone,Ganjam district (Orissa),,Kph,1990,11.0,1.0,1990,11.0,1.0,250.0,1500000.0,112800.0,1990-11-01,1990-11-01,1.0,Post-Monsoon,Odisha,5.5254529391317835,14.220976332738882,11.633380483255026,9,26,4,1,19,1
Meteorological,Storm,Tropical cyclone,"Andhra Pradesh, Tamil Nadu, Pondicherry",,Kph,1991,11.0,12.0,1991,11.0,19.0,125.0,25000.0,160000.0,1991-11-12,1991-11-19,7.0,Post-Monsoon,Andhra Pradesh,4.836281906951478,10.12667110305036,11.982935344196433,9,26,4,1,0,1
Meteorological,Storm,Tropical cyclone,Naogoan district (Assam state),140.0,Kph,1992,4.0,22.0,1992,4.0,22.0,25.0,100.0,160000.0,1992-04-22,1992-04-22,1.0,Summer,Assam,3.258096538021482,4.61512051684126,11.982935344196433,9,26,4,2,2,1
Meteorological,Storm,Severe weather,"Kerala, Gujarat, Orissa states",,Kph,1992,6.0,17.0,1992,6.0,24.0,60.0,30000.0,160000.0,1992-06-17,1992-06-24,7.0,Monsoon,Odisha,4.110873864173311,10.308985993422082,11.982935344196433,9,22,4,0,19,1
Meteorological,Storm,Tropical cyclone,"Near Kandi (Murshidabad district, West Bengal)",200.0,Kph,1993,4.0,9.0,1993,4.0,9.0,125.0,500.0,160000.0,1993-04-09,1993-04-09,1.0,Summer,West Bengal,4.836281906951478,6.2166061010848646,11.982935344196433,9,26,4,2,28,1
Meteorological,Storm,Tropical cyclone,"Tamil Nadu, Karaikal region (Pondicherry)",120.0,Kph,1993,12.0,4.0,1993,12.0,4.0,61.0,72000.0,100000.0,1993-12-04,1993-12-04,1.0,Winter,Tamil Nadu,4.127134385045092,11.184435286790631,11.51293546492023,9,26,4,3,23,1
Meteorological,Storm,Tornado,Mormugao,,Kph,1994,6.0,7.0,1994,6.0,7.0,11.0,100.0,160000.0,1994-06-07,1994-06-07,1.0,Monsoon,Unknown,2.4849066497880004,4.61512051684126,11.982935344196433,9,25,4,0,25,1
Meteorological,Storm,Tropical cyclone,"Tamil Nadu, Andhra Pradesh, Karnataka states",125.0,Kph,1994,10.0,31.0,1994,11.0,4.0,208.0,428500.0,19100.0,1994-10-31,1994-11-04,4.0,Post-Monsoon,Andhra Pradesh,5.342334251964811,12.968048350739535,9.857495968685136,9,26,4,1,0,1
Meteorological,Storm,Tropical cyclone,Andhra Pradesh,,Kph,1995,10.0,20.0,1995,10.0,23.0,94.0,12000.0,2000.0,1995-10-20,1995-10-23,3.0,Post-Monsoon,Andhra Pradesh,4.553876891600541,9.392745258631441,7.601402334583733,9,26,4,1,0,1
Meteorological,Storm,Tropical cyclone,"Orissa, Andra Pradesh",,Kph,1995,11.0,10.0,1995,11.0,10.0,128.0,30000.0,46300.0,1995-11-10,1995-11-10,1.0,Post-Monsoon,Odisha,4.859812404361672,10.308985993422082,10.742918838113225,9,26,4,1,19,1
Meteorological,Storm,Tropical cyclone,"Andhra Pradesh, Karnataka, Kerala, West Begal, Tamil Nadu, Gujarat, Maharashtra, Uttar Pradesh, Assam, Haryana, Jammu and Kashmir, Rajasthan, Arunachal, Bihar, Tripura states",,Kph,1996,6.0,14.0,1996,6.0,16.0,731.0,1842100.0,160000.0,1996-06-14,1996-06-16,2.0,Monsoon,Andhra Pradesh,6.595780513961311,14.426417325998855,11.982935344196433,9,26,4,0,0,1
Meteorological,Storm,Tropical cyclone,Oman Sea,,Kph,1996,7.0,2.0,1996,7.0,2.0,92.0,30000.0,160000.0,1996-07-02,1996-07-02,1.0,Monsoon,Unknown,4.532599493153256,10.308985993422082,11.982935344196433,9,26,4,0,25,1
Meteorological,Storm,Tropical cyclone,"East and West Godavari, Kakinada (Andhra Pradesh state)",,Kph,1996,11.0,6.0,1996,11.0,8.0,708.0,7000000.0,1500300.0,1996-11-06,1996-11-08,2.0,Post-Monsoon,Andhra Pradesh,6.5638555265321274,15.76142084987672,14.221176312608243,9,26,4,1,0,1
Meteorological,Storm,Tropical cyclone,Andhra Pradesh,180.0,Kph,1996,12.0,4.0,1996,12.0,4.0,6.0,335000.0,160000.0,1996-12-04,1996-12-04,1.0,Winter,Andhra Pradesh,1.9459101490553132,12.721888795877375,11.982935344196433,9,26,4,3,0,1
Meteorological,Storm,Tropical cyclone,Andhra Pradesh,,Kph,1997,8.0,22.0,1997,8.0,22.0,25.0,30000.0,160000.0,1997-08-22,1997-08-22,1.0,Monsoon,Andhra Pradesh,3.258096538021482,10.308985993422082,11.982935344196433,9,26,4,0,0,1
Meteorological,Storm,Tornado,"Tanton, Jaleshwar (Midnapore, West Bengal), Balasore district (Orissa)",110.0,Kph,1998,3.0,24.0,1998,3.0,24.0,250.0,40500.0,10000.0,1998-03-24,1998-03-24,1.0,Summer,West Bengal,5.5254529391317835,10.609081944147828,9.210440366976517,9,25,4,2,28,1
Meteorological,Storm,Tropical cyclone,"Kutch, Porbandar, Jamnagar, Junagadh, Amreli, Bhavnagar, Banaskhanta, Surat, Bharuch, Rajkot, Valsad, Nasvari districts (Gujarat state), Barmer, Jallore districts (Rajasthan state), Ratnagiri district (Maharasthra)",145.0,Kph,1998,6.0,9.0,1998,6.0,11.0,2871.0,4600893.0,469000.0,1998-06-09,1998-06-11,2.0,Monsoon,Gujarat,7.962763930168115,15.341761190402318,13.058360179622305,9,26,4,0,6,1
Meteorological,Storm,Tropical cyclone,Bombay (city) Level 1 = Maharashtra,,Kph,1998,10.0,18.0,1998,10.0,18.0,250.0,30000.0,160000.0,1998-10-18,1998-10-18,1.0,Post-Monsoon,Maharashtra,5.5254529391317835,10.308985993422082,11.982935344196433,9,26,4,1,14,1
Meteorological,Storm,Storm (General),"West Begala, Midnapur dis.- Level 1 = Uttar Pradesh",170.0,Kph,1998,11.0,22.0,1998,11.0,22.0,100.0,20000.0,160000.0,1998-11-22,1998-11-22,1.0,Post-Monsoon,Uttar Pradesh,4.61512051684126,9.90353755128617,11.982935344196433,9,24,4,1,26,1
Meteorological,Storm,Tropical cyclone,Gujarat Coast,200.0,Kph,1999,5.0,20.0,1999,5.0,23.0,451.0,40696.0,20000.0,1999-05-20,1999-05-23,3.0,Summer,Gujarat,6.113682179832232,10.613909658640255,9.90353755128617,9,26,4,2,6,1
Meteorological,Storm,Tropical cyclone,"Kendrapara, Jagatsinghpur, Khurda, Puri, Cuttack, Nayagarh, Bhadrak, Keonjhar, Dhenkanal, Balasore, Mayurbhang, Jajapur (Orissa, Andhra Pradesh, West Bengal states)",260.0,Kph,1999,10.0,28.0,1999,10.0,30.0,9843.0,12628312.0,2500000.0,1999-10-28,1999-10-30,2.0,Post-Monsoon,West Bengal,9.194617411510947,16.351451914542267,14.731801689838349,9,26,4,1,28,1
Meteorological,Storm,Tropical cyclone,"Nagappattinam, Thanjavur, Sirkali, Papanasam, Tiruvallur, Tiruvarur areas (Cuddalore district, Tamil Nadu province), Andhra Pradesh province",120.0,Kph,2000,11.0,29.0,2000,11.0,29.0,49.0,30000.0,160000.0,2000-11-29,2000-11-29,1.0,Post-Monsoon,Andhra Pradesh,3.912023005428146,10.308985993422082,11.982935344196433,9,26,4,1,0,1
Meteorological,Storm,Lightning/Thunderstorms,Uttar Pradesh province,,Kph,2001,5.0,24.0,2001,5.0,24.0,21.0,30000.0,160000.0,2001-05-24,2001-05-24,1.0,Summer,Uttar Pradesh,3.091042453358316,10.308985993422082,11.982935344196433,9,16,4,2,26,1
Meteorological,Storm,Tropical cyclone,Andhra Pradesh province,,Kph,2001,10.0,1.0,2001,10.0,1.0,78.0,27000.0,160000.0,2001-10-01,2001-10-01,1.0,Post-Monsoon,Andhra Pradesh,4.3694478524670215,10.203629181337648,11.982935344196433,9,26,4,1,0,1
Meteorological,Storm,Lightning/Thunderstorms,"Gobalpur area (Hugli district, West Bengal), Kolkata, Jalpaiguri, Darjiling districts (West Bengal province)",80.0,Kph,2002,4.0,27.0,2002,4.0,27.0,11.0,30000.0,160000.0,2002-04-27,2002-04-27,1.0,Summer,West Bengal,2.4849066497880004,10.308985993422082,11.982935344196433,9,16,4,2,28,1
Meteorological,Storm,Tropical cyclone,"Baleshwar, Bhadrak, Jagatsinghpur, Kendrapara districts (Orissa province), East Midnapore, North 24 Parganas, South 24 Parganas (West Bengal province)",60.0,Kph,2002,11.0,13.0,2002,11.0,13.0,124.0,30000.0,160000.0,2002-11-13,2002-11-13,1.0,Post-Monsoon,West Bengal,4.8283137373023015,10.308985993422082,11.982935344196433,9,26,4,1,28,1
Meteorological,Storm,Storm (General),Betul district (Madhya Pradesh province),,Kph,2003,2.0,17.0,2003,2.0,17.0,20.0,200.0,160000.0,2003-02-17,2003-02-17,1.0,Winter,Madhya Pradesh,3.044522437723423,5.303304908059076,11.982935344196433,9,24,4,3,13,1
Meteorological,Storm,Hail,"Bankura, Hugli, Haora districts (West Bengal province)",,Kph,2003,3.0,12.0,2003,3.0,12.0,30.0,485910.0,16000.0,2003-03-12,2003-03-12,1.0,Summer,West Bengal,3.4339872044851463,13.093780758540714,9.680406499268875,9,12,4,2,28,1
Meteorological,Storm,Tropical cyclone,"Chirakhawa, Chirakhawa Topopara, Peepulbari part 1, Peepulbari part 2, Bhurakata, Baliabeel, Bengerbhita, Baushkata areas (Dhuburi district, Assam province)",100.0,Kph,2003,4.0,22.0,2003,4.0,22.0,45.0,4600.0,160000.0,2003-04-22,2003-04-22,1.0,Summer,Assam,3.828641396489095,8.434028950155469,11.982935344196433,9,26,4,2,2,1
Meteorological,Storm,Tropical cyclone,"Krishna, Guntur, West Godavari districts (Andhra Pradesh province)",100.0,Kph,2003,12.0,17.0,2003,12.0,17.0,50.0,40000.0,28000.0,2003-12-17,2003-12-17,1.0,Winter,Andhra Pradesh,3.9318256327243257,10.596659732783579,10.239995502805316,9,26,4,3,0,1
Meteorological,Storm,Storm (General),"Barddhaman, North 24 Parganas, South 24 Parganas districts (West Bengal province)",,Kph,2005,3.0,23.0,2005,3.0,24.0,18.0,7550.0,160000.0,2005-03-23,2005-03-24,1.0,Summer,West Bengal,2.9444389791664403,8.929435283803425,11.982935344196433,9,24,4,2,28,1
Meteorological,Storm,Storm (General),"Guntur, Krishna, Srikakulam, Karimnagar, Nalgonda districts (Andhra Pradesh province)",,Kph,2005,5.0,1.0,2005,5.0,1.0,20.0,20.0,160000.0,2005-05-01,2005-05-01,1.0,Summer,Andhra Pradesh,3.044522437723423,3.044522437723423,11.982935344196433,9,24,4,2,0,1
Meteorological,Storm,Storm (General),"Andhra Pradesh, Orissa provinces",,Kph,2005,9.0,20.0,2005,9.0,20.0,33.0,61000.0,160000.0,2005-09-20,2005-09-20,1.0,Monsoon,Odisha,3.5263605246161616,11.0186455364637,11.982935344196433,9,24,4,0,19,1
Meteorological,Storm,Lightning/Thunderstorms,"Uttar Pradesh, Gujarat provinces",,Kph,2006,5.0,2.0,2006,5.0,2.0,76.0,30000.0,160000.0,2006-05-02,2006-05-02,1.0,Summer,Gujarat,4.343805421853684,10.308985993422082,11.982935344196433,9,16,4,2,6,1
Meteorological,Storm,Tropical cyclone,"Andhra Pradesh, West Bengal, Bihar provinces",,Kph,2006,9.0,18.0,2006,10.0,5.0,114.0,150300.0,160000.0,2006-09-18,2006-10-05,17.0,Monsoon,West Bengal,4.74493212836325,11.92039522907888,11.982935344196433,9,26,4,0,28,1
Meteorological,Storm,Tropical cyclone,"West Bengal, Orissa provinces",,Kph,2007,11.0,15.0,2007,11.0,15.0,49.0,30000.0,160000.0,2007-11-15,2007-11-15,1.0,Post-Monsoon,West Bengal,3.912023005428146,10.308985993422082,11.982935344196433,9,26,4,1,28,1
Meteorological,Storm,Sand/Dust storm,Uttar Pradesh province,110.0,Kph,2008,5.0,14.0,2008,5.0,14.0,111.0,50.0,25000.0,2008-05-14,2008-05-14,1.0,Summer,Uttar Pradesh,4.718498871295094,3.9318256327243257,10.12667110305036,9,21,4,2,26,1
Meteorological,Storm,Tornado,Kendrapara district (Orissa province),,Kph,2009,3.0,31.0,2009,3.0,31.0,15.0,9050.0,160000.0,2009-03-31,2009-03-31,1.0,Summer,Odisha,2.772588722239781,9.11063052782717,11.982935344196433,9,25,4,2,19,1
Meteorological,Storm,Tropical cyclone,"Sagar, Namkhana, Kakdwip, Pathar Pratima, Canning, Basanti, Mathurapur, Kultali villages (South 24 Parganas district, West Bengal province), Kolkata, North 24 Parganas, Haora, Hugli, Darjiling districts (West Bengal province)",110.0,Kph,2009,5.0,25.0,2009,5.0,25.0,96.0,5100000.0,160000.0,2009-05-25,2009-05-25,1.0,Summer,West Bengal,4.574710978503383,15.444751293772967,11.982935344196433,9,26,4,2,28,1
Meteorological,Storm,Lightning/Thunderstorms,"Bihar, Jharkhand provinces",,Kph,2009,6.0,28.0,2009,6.0,29.0,35.0,12.0,160000.0,2009-06-28,2009-06-29,1.0,Monsoon,Bihar,3.58351893845611,2.5649493574615367,11.982935344196433,9,16,4,0,3,1
Meteorological,Storm,Tropical cyclone,"Gujarat, Madhya Pradesh, Maharashtra provinces",,Kph,2009,11.0,11.0,2009,11.0,12.0,20.0,30000.0,300000.0,2009-11-11,2009-11-12,1.0,Post-Monsoon,Gujarat,3.044522437723423,10.308985993422082,12.611541086966115,9,26,4,1,6,1
Meteorological,Storm,Tropical cyclone,"Bihar, West Bengal, Assam provinces",,Kph,2010,4.0,13.0,2010,4.0,14.0,114.0,500000.0,160000.0,2010-04-13,2010-04-14,1.0,Summer,West Bengal,4.74493212836325,13.122365377402328,11.982935344196433,9,26,4,2,28,1
Meteorological,Storm,Tropical cyclone,"Krishna, Prakasam, Nellore, Guntur districts (Andhra Pradesh province), Tamil Nadu province",110.0,Kph,2010,5.0,20.0,2010,5.0,20.0,32.0,30000.0,160000.0,2010-05-20,2010-05-20,1.0,Summer,Andhra Pradesh,3.4965075614664802,10.308985993422082,11.982935344196433,9,26,4,2,0,1
Meteorological,Storm,Lightning/Thunderstorms,"Bihar, Jharkhand provinces",,Kph,2010,8.0,25.0,2010,8.0,25.0,25.0,30000.0,160000.0,2010-08-25,2010-08-25,1.0,Monsoon,Bihar,3.258096538021482,10.308985993422082,11.982935344196433,9,16,4,0,3,1
Meteorological,Storm,Tropical cyclone,Andhra Pradesh province,100.0,Kph,2010,10.0,31.0,2010,11.0,3.0,22.0,30000.0,160000.0,2010-10-31,2010-11-03,3.0,Post-Monsoon,Andhra Pradesh,3.1354942159291497,10.308985993422082,11.982935344196433,9,26,4,1,0,1
Meteorological,Storm,Lightning/Thunderstorms,Karnataka province,,Kph,2011,4.0,15.0,2011,4.0,15.0,17.0,30000.0,160000.0,2011-04-15,2011-04-15,1.0,Summer,Karnataka,2.8903717578961645,10.308985993422082,11.982935344196433,9,16,4,2,10,1
Meteorological,Storm,Lightning/Thunderstorms,Uttar Pradesh province,,Kph,2011,5.0,20.0,2011,5.0,20.0,42.0,50.0,160000.0,2011-05-20,2011-05-20,1.0,Summer,Uttar Pradesh,3.7612001156935624,3.9318256327243257,11.982935344196433,9,16,4,2,26,1
Meteorological,Storm,Tropical cyclone,"Cuddalore district (Tamil Nadu province), Puducherry district (Puducherry province)",140.0,Kph,2011,12.0,29.0,2011,12.0,30.0,47.0,250000.0,375625.0,2011-12-29,2011-12-30,1.0,Winter,Tamil Nadu,3.871201010907891,12.429220196836383,12.836349246497683,9,26,4,3,23,1
Meteorological,Storm,Tropical cyclone,"Andhra Pradesh, Tamil Nadu provinces",,Kph,2012,11.0,4.0,2012,11.0,8.0,40.0,70000.0,160000.0,2012-11-04,2012-11-08,4.0,Post-Monsoon,Andhra Pradesh,3.713572066704308,11.156264806643742,11.982935344196433,9,26,4,1,0,1
Meteorological,Storm,Tornado,Uttar Pradesh province,,Kph,2013,3.0,29.0,2013,3.0,30.0,9.0,30000.0,160000.0,2013-03-29,2013-03-30,1.0,Summer,Uttar Pradesh,2.302585092994046,10.308985993422082,11.982935344196433,9,25,4,2,26,1
Meteorological,Storm,Tropical cyclone,Andhra Pradesh province,,Kph,2013,5.0,16.0,2013,5.0,16.0,8.0,4.0,160000.0,2013-05-16,2013-05-16,1.0,Summer,Andhra Pradesh,2.1972245773362196,1.6094379124341003,11.982935344196433,9,26,4,2,0,1
Meteorological,Storm,Lightning/Thunderstorms,"Bihar, Jharkhand provinces",,Kph,2013,10.0,5.0,2013,10.0,6.0,32.0,30000.0,160000.0,2013-10-05,2013-10-06,1.0,Post-Monsoon,Bihar,3.4965075614664802,10.308985993422082,11.982935344196433,9,16,4,1,3,1
Meteorological,Storm,Tropical cyclone,"Krishna, Guntur, East Godavari, West Godavari, Vishakhapatnam districts (Andhra Pradesh province)",65.0,Kph,2013,11.0,22.0,2013,11.0,22.0,10.0,30000.0,262000.0,2013-11-22,2013-11-22,1.0,Post-Monsoon,Andhra Pradesh,2.3978952727983707,10.308985993422082,12.476103599529843,9,26,4,1,0,1
Meteorological,Storm,Blizzard/Winter storm,"Doda, Bhaderwah, Thathri, Gandoh, Bhallessa villages (Kishtwar (72809) district, Jammu and Kashmir (40427) province), Kora Pani, Tangdhar villages (Kupwara (72786) district, Jumma and Kashmir (40431) province)",,Kph,2014,3.0,10.0,2014,3.0,12.0,17.0,9610.0,160000.0,2014-03-10,2014-03-12,2.0,Summer,Jammu,2.8903717578961645,9.170663554823284,11.982935344196433,9,3,4,2,9,1
Meteorological,Storm,Storm (General),Uttar Pradesh province,,Kph,2014,4.0,17.0,2014,4.0,20.0,27.0,30000.0,160000.0,2014-04-17,2014-04-20,3.0,Summer,Uttar Pradesh,3.332204510175204,10.308985993422082,11.982935344196433,9,24,4,2,26,1
Meteorological,Storm,Lightning/Thunderstorms,"Ghaziabad district (Utar Pradesh province), Delhi, West Bengal provinces",,Kph,2014,5.0,30.0,2014,5.0,31.0,15.0,26.0,160000.0,2014-05-30,2014-05-31,1.0,Summer,West Bengal,2.772588722239781,3.295836866004329,11.982935344196433,9,16,4,2,28,1
Meteorological,Storm,Tropical cyclone,"Vishakhapatnam, Gangavaram towns (Vishakhapatnam district, Andhra Pradesh province), Baragarh, Bolangir, Boudh, Gajapati, Ganjam, Kalahandi, Kandhamal, Khordha, Koraput, Malkangiri, Nabarangpur, Nayagarh, Nuapada, Puri, Rayagada, Sonepur districts (Orissa province), Chhattisgarh province",215.0,Kph,2014,10.0,12.0,2014,10.0,12.0,53.0,920000.0,7000000.0,2014-10-12,2014-10-12,1.0,Post-Monsoon,Odisha,3.9889840465642745,13.732130035981154,15.76142084987672,9,26,4,1,19,1
Meteorological,Storm,Lightning/Thunderstorms,"Gujarat, Punjab, Himachal Pradresh, Haryana, Maharashtra, Bihar, Uttar Pradesh, Madhya Pradesh, Rajasthan, Jammu and Kashmir, Uttarakhand, West Bengal provinces",,Kph,2015,3.0,6.0,2015,3.0,18.0,27.0,30000.0,906000.0,2015-03-06,2015-03-18,12.0,Summer,West Bengal,3.332204510175204,10.308985993422082,13.716795688777268,9,16,4,2,28,1
Meteorological,Storm,Severe weather,"Purnia, Madhepura, Madhubani, Supaul, Sitamarhi districts (Bihar province)",150.0,Kph,2015,4.0,21.0,2015,4.0,21.0,100.0,125100.0,160000.0,2015-04-21,2015-04-21,1.0,Summer,Bihar,4.61512051684126,11.73687669002817,11.982935344196433,9,22,4,2,3,1
Meteorological,Storm,Lightning/Thunderstorms,Andhra Pradesh province,,Kph,2015,5.0,19.0,2015,5.0,19.0,23.0,30000.0,160000.0,2015-05-19,2015-05-19,1.0,Summer,Andhra Pradesh,3.1780538303479458,10.308985993422082,11.982935344196433,9,16,4,2,0,1
Meteorological,Storm,Lightning/Thunderstorms,"Deogarh, Nabarangpur, Malkangiri districts (Orissa province), Andhra Pradesh province",,Kph,2015,9.0,6.0,2015,9.0,6.0,32.0,30000.0,160000.0,2015-09-06,2015-09-06,1.0,Monsoon,Odisha,3.4965075614664802,10.308985993422082,11.982935344196433,9,16,4,0,19,1
Meteorological,Storm,Lightning/Thunderstorms,Maharashtra province,,Kph,2015,10.0,3.0,2015,10.0,4.0,29.0,30000.0,160000.0,2015-10-03,2015-10-04,1.0,Post-Monsoon,Maharashtra,3.4011973816621555,10.308985993422082,11.982935344196433,9,16,4,1,14,1
Meteorological,Storm,Lightning/Thunderstorms,"Bihar, Uttar Pradesh, Jharkhand, Madhya Pradesh provinces",,Kph,2016,6.0,20.0,2016,6.0,21.0,93.0,30000.0,160000.0,2016-06-20,2016-06-21,1.0,Monsoon,Bihar,4.543294782270004,10.308985993422082,11.982935344196433,9,16,4,0,3,1
Meteorological,Storm,Tropical cyclone,Chennai district (Tamil Nadu province); Andhra Pradesh,140.0,Kph,2016,12.0,12.0,2016,12.0,14.0,24.0,30000.0,1000000.0,2016-12-12,2016-12-14,2.0,Winter,Andhra Pradesh,3.2188758248682006,10.308985993422082,13.815511557963774,9,26,4,3,0,1
Meteorological,Storm,Lightning/Thunderstorms,Maldah (West Bengal),,Kph,2017,3.0,25.0,2017,3.0,25.0,4.0,60020.0,160000.0,2017-03-25,2017-03-25,1.0,Summer,West Bengal,1.6094379124341003,11.002449779968526,11.982935344196433,9,16,4,2,28,1
Meteorological,Storm,Lightning/Thunderstorms,"Jamui, Champaran, Vaishali, Samastipur, Bihar",,Kph,2017,5.0,28.0,2017,5.0,28.0,29.0,1250.0,160000.0,2017-05-28,2017-05-28,1.0,Summer,Bihar,3.4011973816621555,7.1316985104669115,11.982935344196433,9,16,4,2,3,1
Meteorological,Storm,Lightning/Thunderstorms,"Vaishali, Saran, Patna, Gaya, Sasaram (Rohta), Araria, Nalanda districts (Bihar)",,Kph,2017,7.0,8.0,2017,7.0,11.0,23.0,12.0,160000.0,2017-07-08,2017-07-11,3.0,Monsoon,Bihar,3.1780538303479458,2.5649493574615367,11.982935344196433,9,16,4,0,3,1
Meteorological,Storm,Tropical cyclone,"Kerala (Thiruvananthapuram, Kozhikode,Ernakulam),Tamil Nadu (Kanyakumari-Munchirai, Thiruvattar,Killiyur, Kurunthancode, Rajakkamangalam-, Tirunelveli, Tuticorin districts), Andhra Pradesh (Chittoor and Nellore), Lakshadweep Islands",130.0,Kph,2017,12.0,2.0,2017,12.0,2.0,884.0,60000.0,160000.0,2017-12-02,2017-12-02,1.0,Winter,Andhra Pradesh,6.785587645007929,11.002116507732017,11.982935344196433,9,26,4,3,0,1
Meteorological,Storm,Lightning/Thunderstorms,Kolkata,,Kph,2018,4.0,17.0,2018,4.0,17.0,18.0,22050.0,100000.0,2018-04-17,2018-04-17,1.0,Summer,Unknown,2.9444389791664403,10.001113231320568,11.51293546492023,9,16,4,2,25,1
Meteorological,Storm,Sand/Dust storm,"Rajasthan, Uttar Pradesh",,Kph,2018,5.0,1.0,2018,5.0,10.0,143.0,200.0,24000.0,2018-05-01,2018-05-10,9.0,Summer,Rajasthan,4.969813299576001,5.303304908059076,10.085850775128717,9,21,4,2,21,1
Meteorological,Storm,Lightning/Thunderstorms,"Uttar Pradesh, Kerala, Maharashtra, Mizoram, Rajasthan",100.0,Kph,2018,6.0,1.0,2018,6.0,6.0,42.0,30000.0,160000.0,2018-06-01,2018-06-06,5.0,Monsoon,Kerala,3.7612001156935624,10.308985993422082,11.982935344196433,9,16,4,0,12,1
Meteorological,Storm,Tropical cyclone,"Mandasa, Godalpur, Gajapati, Ganjam, Rayagada, Puri, Kandhamal (Andhra Pradesh & Odisha)",126.0,Kph,2018,10.0,11.0,2018,10.0,12.0,85.0,300200.0,920000.0,2018-10-11,2018-10-12,1.0,Post-Monsoon,Andhra Pradesh,4.454347296253507,12.612207529288542,13.732130035981154,9,26,4,1,0,1
Meteorological,Storm,Tropical cyclone,"Tamil Nadu, Nagapattinam, Tiruvarur, Thanjavur, Pudukottai, Dindigul and Ramnad, Chennai, Sivaganga, Theni, Madurai districts",120.0,Kph,2018,11.0,16.0,2018,11.0,16.0,45.0,500000.0,775000.0,2018-11-16,2018-11-16,1.0,Post-Monsoon,Tamil Nadu,3.828641396489095,13.122365377402328,13.560619598657233,9,26,4,1,23,1
Meteorological,Storm,Tropical cyclone,"Andhra Pradesh, Odisha",100.0,Kph,2018,12.0,17.0,2018,12.0,19.0,8.0,10000.0,100000.0,2018-12-17,2018-12-19,2.0,Winter,Andhra Pradesh,2.1972245773362196,9.210440366976517,11.51293546492023,9,26,4,3,0,1
Meteorological,Storm,Storm (General),"Gujarat, Rajasthan, Madhya Pradesh, Maharashtra",,Kph,2019,4.0,16.0,2019,4.0,17.0,50.0,30000.0,160000.0,2019-04-16,2019-04-17,1.0,Summer,Gujarat,3.9318256327243257,10.308985993422082,11.982935344196433,9,24,4,2,6,1
Meteorological,Storm,Tropical cyclone,Odisha province,,Kph,2019,5.0,3.0,2019,5.0,3.0,50.0,20000000.0,1810000.0,2019-05-03,2019-05-03,1.0,Summer,Odisha,3.9318256327243257,16.811242881518265,14.408837955728044,9,26,4,2,19,1
Meteorological,Storm,Lightning/Thunderstorms,"Odisha, Hyderabad",,Kph,2019,6.0,1.0,2019,6.0,3.0,10.0,30000.0,160000.0,2019-06-01,2019-06-03,2.0,Monsoon,Odisha,2.3978952727983707,10.308985993422082,11.982935344196433,9,16,4,0,19,1
Meteorological,Storm,Tropical cyclone,"South Assam, Meghalaya, Tripura, Mizoram, West Begal, Odisha state",,Kph,2019,11.0,9.0,2019,11.0,10.0,12.0,130000.0,160000.0,2019-11-09,2019-11-10,1.0,Post-Monsoon,Assam,2.5649493574615367,11.775297421715827,11.982935344196433,9,26,4,1,2,1
Meteorological,Storm,Blizzard/Winter storm,Jammu & Kashmir state,,Kph,2020,1.0,11.0,2020,1.0,14.0,11.0,30000.0,160000.0,2020-01-11,2020-01-14,3.0,Winter,Jammu,2.4849066497880004,10.308985993422082,11.982935344196433,9,3,4,3,9,1
Meteorological,Storm,Tropical cyclone,"Balasore (Baleshwar) , Bhadrak, Kendrapada and Jagatsinghpur (Odisha); East Midunapur, West Midhunapur, North24 Parganas, South24 Parganas, Nadia, Howrah, Kolkata and Hoogli (West Bengal)",185.0,Kph,2020,5.0,20.0,2020,5.0,20.0,90.0,18000000.0,13500000.0,2020-05-20,2020-05-20,1.0,Summer,West Bengal,4.51085950651685,16.705882371415992,16.41820031748273,9,26,4,2,28,1
Meteorological,Storm,Tropical cyclone,"Raigad, Pune Districts (Maharashtra State)",120.0,Kph,2020,6.0,3.0,2020,6.0,3.0,6.0,7500.0,820000.0,2020-06-03,2020-06-03,1.0,Monsoon,Maharashtra,1.9459101490553132,8.922791623969637,13.617060838751888,9,26,4,0,14,1
Meteorological,Storm,Tropical cyclone,Tamil Nadu and Puducherry,,Kph,2020,11.0,25.0,2020,11.0,26.0,14.0,30000.0,600000.0,2020-11-25,2020-11-26,1.0,Post-Monsoon,Tamil Nadu,2.70805020110221,10.308985993422082,13.304686600863562,9,26,4,1,23,1
Meteorological,Storm,Tropical cyclone,"Bengale occidental, Odisha",155.0,Kph,2021,5.0,25.0,2021,5.0,29.0,19.0,1625000.0,3000000.0,2021-05-25,2021-05-29,4.0,Summer,West Bengal,2.995732273553991,14.301018989130402,14.914123179965662,9,26,4,2,28,1
Meteorological,Storm,Tropical cyclone,"Srikakulam, Vizianagaram, Visakhapatnam, Kalingapatnam , Nizamabad, Hyderabad districts (Andhra Pradesh); Koraput, Malkangiri districts (Odisha); Aurangabad, Latur, Osmanabad, Parbhani, Nanded, Beed, Jalna, Hingoli districts (Maharashtra)",90.0,Kph,2021,9.0,26.0,2021,9.0,29.0,20.0,30000.0,160000.0,2021-09-26,2021-09-29,3.0,Monsoon,Andhra Pradesh,3.044522437723423,10.308985993422082,11.982935344196433,9,26,4,0,0,1
Meteorological,Storm,Tropical cyclone,"Koraput and Malkangiri (Odisha); Srikakulam, Vizianagaram, Visakhapatnam districts (Andhra Pradesh); Telengana, Maharashtra, Gujarta",,Kph,2021,10.0,3.0,2021,10.0,3.0,7.0,179000.0,160000.0,2021-10-03,2021-10-03,1.0,Post-Monsoon,Andhra Pradesh,2.0794415416798357,12.095146671399466,11.982935344196433,9,26,4,1,0,1
Meteorological,Storm,Tropical cyclone,"Andhra Pradesh, Odisha, south-western West Bengal, Tripura",100.0,Kph,2021,12.0,4.0,2021,12.0,6.0,5.0,2050.0,160000.0,2021-12-04,2021-12-06,2.0,Winter,West Bengal,1.791759469228055,7.62608275807238,11.982935344196433,9,26,4,3,28,1
Meteorological,Storm,Severe weather,Assam State,,Kph,2022,4.0,1.0,2022,4.0,19.0,20.0,95000.0,160000.0,2022-04-01,2022-04-19,18.0,Summer,Assam,3.044522437723423,11.461642696843066,11.982935344196433,9,22,4,2,2,1
Meteorological,Storm,Tropical cyclone,Tamil Nadu,,Kph,2022,12.0,9.0,2022,12.0,9.0,49.0,30000.0,160000.0,2022-12-09,2022-12-09,1.0,Winter,Tamil Nadu,3.912023005428146,10.308985993422082,11.982935344196433,9,26,4,3,23,1
Meteorological,Storm,Severe weather,"Khandwa, Sagar, Satna, Raisen, Narmadapura, Dhar, Ratlam, Ashok Nagar and Damoh (Madhya Pradesh State)",,Kph,2023,3.0,17.0,2023,3.0,21.0,16.0,14.0,160000.0,2023-03-17,2023-03-21,4.0,Summer,Madhya Pradesh,2.833213344056216,2.70805020110221,11.982935344196433,9,22,4,2,13,1
Meteorological,Storm,Tropical cyclone,"Mizoram, Tripura, and Manipur states",,Kph,2023,5.0,14.0,2023,5.0,14.0,49.0,1000.0,160000.0,2023-05-14,2023-05-14,1.0,Summer,Manipur,3.912023005428146,6.90875477931522,11.982935344196433,9,26,4,2,15,1
Meteorological,Storm,Tropical cyclone,"Barmer, Jalore, Sirohi, Pali, and Rajmasand (Rajasthan); Gujarat",125.0,Kph,2023,6.0,19.0,2023,6.0,21.0,7.0,10000.0,160000.0,2023-06-19,2023-06-21,2.0,Monsoon,Gujarat,2.0794415416798357,9.210440366976517,11.982935344196433,9,26,4,0,6,1
Meteorological,Storm,Lightning/Thunderstorms,"Khurda, Balangir, Angul, Boudh, Dhenkanal, Gajapati, Jagatsinghpur, and Puri (Odisha State)",,Kph,2023,9.0,2.0,2023,9.0,6.0,12.0,1074.0,160000.0,2023-09-02,2023-09-06,4.0,Monsoon,Odisha,2.5649493574615367,6.980075940561763,11.982935344196433,9,16,4,0,19,1
Meteorological,Storm,Severe weather,Gujarat state,,Kph,2023,11.0,26.0,2023,11.0,27.0,24.0,25.0,160000.0,2023-11-26,2023-11-27,1.0,Post-Monsoon,Gujarat,3.2188758248682006,3.258096538021482,11.982935344196433,9,22,4,1,6,1
Meteorological,Storm,Tropical cyclone,"Andra Pradesh, Telangana, Tamil Nadu States",110.0,Kph,2023,12.0,5.0,2023,12.0,6.0,20.0,4390000.0,125000.0,2023-12-05,2023-12-06,1.0,Winter,Tamil Nadu,3.044522437723423,15.29484001284176,11.736077016252437,9,26,4,3,23,1
Meteorological,Storm,Severe weather,"Unakoti, Sepahijala, Dhalai, South, West, Khowai and Gomati Districts (Tripura state); Una District (Himachal Pradesh State)",,Kph,2024,3.0,27.0,2024,3.0,27.0,4.0,22932.0,160000.0,2024-03-27,2024-03-27,1.0,Summer,Himachal Pradesh,1.6094379124341003,10.040332200263972,11.982935344196433,9,22,4,2,8,1
Meteorological,Storm,Tropical cyclone,"Aizawl (Mizoram state); Bengal, Assam, Nagaland, Meghalaya states; West Bengal, Telangana",,Kph,2024,5.0,26.0,2024,5.0,30.0,51.0,2109643.0,160000.0,2024-05-26,2024-05-30,4.0,Summer,West Bengal,3.9512437185814275,14.562029770838217,11.982935344196433,9,26,4,2,28,1
Meteorological,Storm,Tropical cyclone,Odisha and West Bengal,120.0,Kph,2024,10.0,24.0,2024,10.0,25.0,9.0,3810012.0,73300.0,2024-10-24,2024-10-25,1.0,Post-Monsoon,West Bengal,2.302585092994046,15.153143159170554,11.202329530346486,9,26,4,1,28,1
Meteorological,Storm,Tropical cyclone,"Chennai city, Ooty town, Vellore city , Puducherry city (Tamil Nadu)",80.0,Kph,2024,12.0,1.0,2024,12.0,1.0,20.0,30000.0,160000.0,2024-12-01,2024-12-01,1.0,Winter,Tamil Nadu,3.044522437723423,10.308985993422082,11.982935344196433,9,26,4,3,23,1
Meteorological,Storm,Severe weather,"Ganjam, Puri, Mayurbhanj districts (Odisha state)",,Kph,2025,3.0,22.0,2025,3.0,26.0,2.0,3067.0,2900.0,2025-03-22,2025-03-26,4.0,Summer,Odisha,1.0986122886681098,8.028781162487148,7.972810784121404,9,22,4,2,19,1
Meteorological,Storm,Severe weather,"Bihar state; Firozabad, Siddharth Nagar, and Sitapur (Uttar Pradesh state)",,Kph,2025,4.0,4.0,2025,4.0,12.0,102.0,30000.0,160000.0,2025-04-04,2025-04-12,8.0,Summer,Bihar,4.634728988229636,10.308985993422082,11.982935344196433,9,22,4,2,3,1
Meteorological,Storm,Severe weather,"Kheda, Dahod, Vadodara, Ahmedabad, Aravalli, Panchmahal districts (Gujarat state)",,Kph,2025,5.0,4.0,2025,5.0,7.0,14.0,51.0,160000.0,2025-05-04,2025-05-07,3.0,Summer,Gujarat,2.70805020110221,3.9512437185814275,11.982935344196433,9,22,4,2,6,1
Meteorological,Storm,Severe weather,"Rajasthan, Madhya Pradesh, Gujarat, Odisha, Uttarakhand",,Kph,2025,6.0,20.0,2025,6.0,26.0,27.0,33584.0,160000.0,2025-06-20,2025-06-26,6.0,Monsoon,Gujarat,3.332204510175204,10.421834817700965,11.982935344196433,9,22,4,0,6,1
Meteorological,Storm,Tropical cyclone,"Konaseema district (Andhra Pradesh); Odisha, and Telangana states",110.0,Kph,2025,10.0,28.0,2025,10.0,30.0,8.0,1800000.0,600000.0,2025-10-28,2025-10-30,2.0,Post-Monsoon,Andhra Pradesh,2.1972245773362196,14.403297778421795,13.304686600863562,9,26,4,1,0,1
Meteorological,Storm,Tropical cyclone,Tamil Nadu,,Kph,2025,11.0,27.0,2025,11.0,29.0,3.0,30000.0,40000.0,2025-11-27,2025-11-29,2.0,Post-Monsoon,Tamil Nadu,1.3862943611198906,10.308985993422082,10.596659732783579,9,26,4,1,23,1
Climatological,Wildfire,Forest fire,"Garhwal & Kumaon (districts of Nainital, Almora and Pithoragarh) Level 1 = Uttar Pradesh",349.0,Km2,1999,4.0,1.0,1999,4.0,1.0,6.0,30000.0,160000.0,1999-04-01,1999-04-01,1.0,Summer,Uttar Pradesh,1.9459101490553132,10.308985993422082,11.982935344196433,10,9,1,2,26,0
Climatological,Wildfire,Forest fire,"Uttarakhand province (including Almora, Pauri Garhwal, Chamoli districts)",,Km2,2016,2.0,1.0,2016,5.0,2.0,7.0,30000.0,160000.0,2016-02-01,2016-05-02,91.0,Winter,Uttarakhand,2.0794415416798357,10.308985993422082,11.982935344196433,10,9,1,3,27,0
Climatological,Wildfire,Forest fire,Tamil nadu,,Km2,2018,3.0,10.0,2018,3.0,10.0,17.0,30000.0,160000.0,2018-03-10,2018-03-10,1.0,Summer,Tamil Nadu,2.8903717578961645,10.308985993422082,11.982935344196433,10,9,1,2,23,0
