DisNo.,Historic,Classification Key,Disaster Group,Disaster Subgroup,Disaster Type,Disaster Subtype,External IDs,Event Name,ISO,Country,Subregion,Region,Location,Origin,Associated Types,OFDA/BHA Response,Appeal,Declaration,AID Contribution ('000 US$),Magnitude,Magnitude Scale,Latitude,Longitude,River Basin,Start Year,Start Month,Start Day,End Year,End Month,End Day,Total Deaths,No. Injured,No. Affected,No. Homeless,Total Affected,Reconstruction Costs ('000 US$),"Reconstruction Costs, Adjusted ('000 US$)",Insured Damage ('000 US$),"Insured Damage, Adjusted ('000 US$)",Total Damage ('000 US$),"Total Damage, Adjusted ('000 US$)",CPI,Admin Units,GADM Admin Units,Entry Date,Last Update
1900-9001-IND,Yes,nat-cli-dro-dro,Natural,Climatological,Drought,Drought,,,IND,India,Southern Asia,Asia,Bengal,,,No,No,No,,,Km2,,,,1900,,,1900,,,1250000,,,,,,,,,,,2.652223316,,,2006-12-01,2025-03-06
1905-0003-IND,Yes,nat-geo-ear-gro,Natural,Geophysical,Earthquake,Ground movement,,,IND,India,Southern Asia,Asia,Kangra,,,No,No,No,,7.8,Moment Magnitude,32.04,76.16,,1905,4,4,1905,4,4,20000,,,,,,,,,25000,872783,2.864401181,,,2003-07-01,2023-09-25
1907-0001-IND,Yes,nat-bio-epi-bac,Natural,Biological,Epidemic,Bacterial disease,,Bubonic,IND,India,Southern Asia,Asia,,,,No,No,No,,,,,,,1907,,,1907,,,1300000,,,,,,,,,,,2.970490114,,,2003-07-01,2023-09-25
1916-0004-IND,Yes,nat-met-sto-tro,Natural,Meteorological,Storm,Tropical cyclone,,,IND,India,Southern Asia,Asia,"Cuddalore, Pondicherry",,,No,No,No,,,Kph,,,,1916,11,21,1916,11,21,300,,,,,,,,,,,3.474244005,,,2003-07-01,2023-09-25
1920-0001-IND,Yes,nat-bio-epi-bac,Natural,Biological,Epidemic,Bacterial disease,,Bubonic,IND,India,Southern Asia,Asia,,,,No,No,No,,,,,,,1920,,,1920,,,2000000,,,,,,,,,,,6.374759641,,,2003-07-01,2023-09-25
1920-0002-IND,Yes,nat-bio-epi-bac,Natural,Biological,Epidemic,Bacterial disease,,Cholera,IND,India,Southern Asia,Asia,,,,No,No,No,,,,,,,1920,,,1920,,,500000,,,,,,,,,,,6.374759641,,,2003-07-01,2023-09-25
1924-0001-IND,Yes,nat-bio-epi-bac,Natural,Biological,Epidemic,Bacterial disease,,Cholera,IND,India,Southern Asia,Asia,,,,No,No,No,,,,,,,1924,,,1924,,,300000,,,,,,,,,,,5.450419493,,,2003-07-01,2023-09-25
1924-0003-IND,Yes,nat-met-sto-tro,Natural,Meteorological,Storm,Tropical cyclone,,,IND,India,Southern Asia,Asia,Punjab province,,,No,No,No,,,Kph,,,,1924,9,23,1924,9,23,1242,,1000000,,1000000,,,,,,,5.450419493,,,2003-07-01,2023-09-25
1925-0004-IND,Yes,nat-met-sto-tro,Natural,Meteorological,Storm,Tropical cyclone,,,IND,India,Southern Asia,Asia,"Bezwada, Masulipatam",,,No,No,No,,,Kph,,,,1925,5,10,1925,5,10,80,,,,,,,,,,,5.577914686,,,2003-07-01,2023-09-25
1926-0001-IND,Yes,nat-bio-epi-vir,Natural,Biological,Epidemic,Viral disease,,,IND,India,Southern Asia,Asia,,,,No,No,No,,,Vaccinated,,,,1926,,,1926,,,423000,,,,,,,,,,,5.641662283,,,2003-07-01,2023-09-25
1926-0008-IND,Yes,nat-hyd-flo-riv,Natural,Hydrological,Flood,Riverine flood,,,IND,India,Southern Asia,Asia,Bengal,,,No,No,No,,,Km2,,,,1926,7,19,1926,7,19,,,,,,,,,,,,5.641662283,,,2003-07-01,2023-09-25
1927-0008-IND,Yes,nat-met-sto-tro,Natural,Meteorological,Storm,Tropical cyclone,,,IND,India,Southern Asia,Asia,"Gujarat, Ahmedabad, Baroda",,,No,No,No,,,Kph,,,,1927,7,23,1927,7,23,56,10,40000,,40010,,,,,,,5.546040888,,,2003-07-01,2023-09-25
1927-0011-IND,Yes,nat-met-sto-tro,Natural,Meteorological,Storm,Tropical cyclone,,,IND,India,Southern Asia,Asia,Nellore,,,No,No,No,,,Kph,,,,1927,11,1,1927,11,1,629,,,,,,,,,,,5.546040888,,,2003-07-01,2023-09-25
1928-0018-IND,Yes,nat-hyd-flo-flo,Natural,Hydrological,Flood,Flood (General),,,IND,India,Southern Asia,Asia,"Godavari, Vizagapatnam",,,No,No,No,,,Km2,,,,1928,10,19,1928,10,19,36,,,2000,2000,,,,,,,5.482293292,,,2003-07-01,2023-09-25
1935-0014-IND,Yes,nat-met-sto-sto,Natural,Meteorological,Storm,Storm (General),,,IND,India,Southern Asia,Asia,"Madras, Negapatam",,,No,No,No,,,Kph,,,,1935,11,13,1935,11,13,100,,,,,,,,,,,4.366710354,,,2003-07-01,2023-09-25
1935-0015-IND,Yes,nat-met-sto-tro,Natural,Meteorological,Storm,Tropical cyclone,,,IND,India,Southern Asia,Asia,,,,No,No,No,,,Kph,,,,1935,,,1935,,,60000,,,,,,,,,,,4.366710354,,,2003-07-01,2023-09-25
1936-0009-IND,Yes,nat-met-sto-tro,Natural,Meteorological,Storm,Tropical cyclone,,,IND,India,Southern Asia,Asia,Guntur (Madras),,,No,No,No,,,Kph,,,,1936,10,28,1936,10,28,233,,,,,,,,,,,4.430457951,,,2003-07-01,2023-09-25
1942-0009-IND,Yes,nat-met-sto-tro,Natural,Meteorological,Storm,Tropical cyclone,,,IND,India,Southern Asia,Asia,"Orissa, West Bengal",,,No,No,No,,,Kph,,,,1942,10,14,1942,10,14,40000,,,,,,,,,,,5.195429108,,,2003-07-01,2023-09-25
1942-9003-IND,Yes,nat-cli-dro-dro,Natural,Climatological,Drought,Drought,,,IND,India,Southern Asia,Asia,"Calcutta, Bengal region",,Famine,No,No,No,,,Km2,,,,1942,,,1942,,,1500000,,,,,,,,,,,5.195429108,,,2006-08-07,2025-03-06
1943-0011-IND,Yes,nat-met-sto-tro,Natural,Meteorological,Storm,Tropical cyclone,,,IND,India,Southern Asia,Asia,Rajputana,,,No,No,No,,,Kph,,,,1943,7,24,1943,7,24,5000,,,,,,,,,,,5.51416709,,,2003-07-01,2023-09-25
1943-0012-IND,Yes,nat-met-sto-sto,Natural,Meteorological,Storm,Storm (General),,,IND,India,Southern Asia,Asia,Madras,,,No,No,No,,,Kph,,,,1943,10,3,1943,10,3,,,30000,,30000,,,,,,,5.51416709,,,2003-07-01,2023-09-25
1944-0006-IND,Yes,nat-met-sto-tro,Natural,Meteorological,Storm,Tropical cyclone,,,IND,India,Southern Asia,Asia,Assam,,,No,No,No,,,Kph,,,,1944,6,14,1944,6,14,304,,,,,,,,,,,5.609788484,,,2003-07-01,2023-09-25
1945-0005-IND,Yes,nat-met-sto-tro,Natural,Meteorological,Storm,Tropical cyclone,,,IND,India,Southern Asia,Asia,"Gujarat, Punjab",,,No,No,No,,,Kph,,,,1945,9,18,1945,9,18,,,,2000,2000,,,,,,,5.737283677,,,2003-07-01,2023-09-25
1948-0008-IND,Yes,nat-hyd-mmw-lan,Natural,Hydrological,Mass movement (wet),Landslide (wet),,,IND,India,Southern Asia,Asia,Assam,,,No,No,No,,,,,,,1948,9,18,1948,9,18,500,,,,,,,,,,,7.64971157,,,2003-07-01,2023-09-25
1949-0013-IND,Yes,nat-met-sto-tro,Natural,Meteorological,Storm,Tropical cyclone,,,IND,India,Southern Asia,Asia,"East & West Godavari districts, Masulipatnam",,,No,No,No,,,Kph,,,,1949,10,27,1949,10,27,1000,,,,,,,,,,,7.585963973,,,2003-07-01,2023-09-25
1950-0006-IND,Yes,nat-hyd-flo-riv,Natural,Hydrological,Flood,Riverine flood,,,IND,India,Southern Asia,Asia,Saurashtra,,,No,No,No,,,Km2,,,,1950,7,11,1950,7,11,45,,25000,,25000,,,,,,,7.681585368,,,2003-07-01,2023-09-25
1950-0008-IND,Yes,nat-geo-ear-gro,Natural,Geophysical,Earthquake,Ground movement,,,IND,India,Southern Asia,Asia,Assam province,,"Slide (land, mud, snow, rock)|Tsunami/Tidal wave",No,No,No,,8.6,Moment Magnitude,28.5,96.5,,1950,8,15,1950,8,15,1500,,,,,,,,,20000,260363,7.681585368,,,2004-04-13,2023-09-25
1950-0011-IND,Yes,nat-met-sto-sto,Natural,Meteorological,Storm,Storm (General),,,IND,India,Southern Asia,Asia,West,,,No,No,No,,,Kph,,,,1950,9,12,1950,9,12,90,,,,,,,,,,,7.681585368,,,2003-07-01,2023-09-25
1950-0026-IND,Yes,nat-hyd-flo-flo,Natural,Hydrological,Flood,Flood (General),,,IND,India,Southern Asia,Asia,,,,No,No,No,,,Km2,,,,1950,6,,1950,6,,100,,,,,,,,,,,7.681585368,,,2003-07-01,2023-09-25
1952-0011-IND,Yes,nat-met-sto-tro,Natural,Meteorological,Storm,Tropical cyclone,,,IND,India,Southern Asia,Asia,"Tanjore, Tiruchi",,,No,No,No,,,Kph,,,,1952,11,26,1952,11,26,400,,1000000,,1000000,,,,,,,8.478430323,,,2003-07-01,2023-09-25
1952-0025-IND,Yes,nat-met-sto-sto,Natural,Meteorological,Storm,Storm (General),,,IND,India,Southern Asia,Asia,,,,No,No,No,,,Kph,,,,1952,9,,1952,9,,350,,,,,,,,,,,8.478430323,,,2003-07-01,2023-09-25
1953-0042-IND,Yes,nat-met-ext-hea,Natural,Meteorological,Extreme temperature,Heat wave,,,IND,India,Southern Asia,Asia,,,,No,No,No,,,°C,,,,1953,6,,1953,6,,400,,,,,,,,,,,8.542177919,,,2003-07-01,2023-09-25
1953-0045-IND,Yes,nat-hyd-flo-flo,Natural,Hydrological,Flood,Flood (General),,,IND,India,Southern Asia,Asia,,,,No,No,No,,,Km2,,,,1953,6,,1953,6,,80,,,,,,,,,,,8.542177919,,,2003-07-01,2023-09-25
1954-0043-IND,Yes,nat-hyd-mmw-lan,Natural,Hydrological,Mass movement (wet),Landslide (wet),,,IND,India,Southern Asia,Asia,,,,No,No,No,,,,,,,1954,2,,1954,2,,30,,,,,,,,,,,8.574051718,,,2003-07-01,2023-09-25
1955-0015-IND,Yes,nat-met-sto-tro,Natural,Meteorological,Storm,Tropical cyclone,,,IND,India,Southern Asia,Asia,Punjab,,Flood,No,No,No,,,Kph,,,,1955,9,28,1955,9,28,1500,,,375000,375000,,,,,,,8.535527738,,,2005-05-02,2023-09-25
1955-0019-IND,Yes,nat-met-sto-tro,Natural,Meteorological,Storm,Tropical cyclone,,,IND,India,Southern Asia,Asia,Tanjore,,,No,No,No,,,Kph,,,,1955,11,28,1955,11,28,500,,,,,,,,,,,8.535527738,,,2003-07-01,2023-09-25
1955-0049-IND,Yes,nat-met-sto-sto,Natural,Meteorological,Storm,Storm (General),,,IND,India,Southern Asia,Asia,,,,No,No,No,,,Kph,,,,1955,12,,1955,12,,120,,,,,,,,,,,8.535527738,,,2003-07-01,2023-09-25
1956-0007-IND,Yes,nat-met-sto-tro,Natural,Meteorological,Storm,Tropical cyclone,,,IND,India,Southern Asia,Asia,"Parganas, Midnapore (West Bengal)",,,No,No,No,,,Kph,,,,1956,5,29,1956,5,29,,,1000000,,1000000,,,,,,,8.665699021,,,2003-07-01,2023-09-25
1956-0012-IND,Yes,nat-hyd-flo-flo,Natural,Hydrological,Flood,Flood (General),,,IND,India,Southern Asia,Asia,"Gujarat, Saurashtra, Kutch",,,No,No,No,,,Km2,,,,1956,8,1,1956,8,1,,,,2000,2000,,,,,,,8.665699021,,,2003-07-01,2023-09-25
1956-0016-IND,Yes,nat-hyd-flo-flo,Natural,Hydrological,Flood,Flood (General),,,IND,India,Southern Asia,Asia,"Bihar, Uttar Pradesh",,,No,No,No,,,Km2,,,,1956,9,9,1956,9,9,100,,,75000,75000,,,,,,,8.665699021,,,2003-07-01,2023-09-25
1956-0038-IND,Yes,nat-geo-ear-gro,Natural,Geophysical,Earthquake,Ground movement,,,IND,India,Southern Asia,Asia,"Anjar, Bhuj, Gandhidham, Kandla",,,No,No,No,,6.1,Moment Magnitude,23,70,,1956,7,21,1956,7,21,113,219,,,219,,,,,,,8.665699021,,,2004-04-13,2023-09-25
1956-0046-IND,Yes,nat-hyd-flo-flo,Natural,Hydrological,Flood,Flood (General),,,IND,India,Southern Asia,Asia,,,,No,No,No,,,Km2,,,,1956,10,,1956,10,,50,,,,,,,,,,,8.665699021,,,2003-07-01,2023-09-25
1956-0047-IND,Yes,nat-hyd-mmw-lan,Natural,Hydrological,Mass movement (wet),Landslide (wet),,,IND,India,Southern Asia,Asia,,,,No,No,No,,,,,,,1956,10,,1956,10,,27,,,,,,,,,,,8.665699021,,,2003-07-01,2023-09-25
1957-0010-IND,Yes,nat-hyd-flo-flo,Natural,Hydrological,Flood,Flood (General),,,IND,India,Southern Asia,Asia,"Madya Pradesh, Uttar Pradesh",,,No,No,No,,,Km2,,,,1957,9,9,1957,9,9,42,,10000,,10000,,,,,,,8.955259855,,,2003-07-01,2023-09-25
1957-0038-IND,Yes,nat-hyd-flo-flo,Natural,Hydrological,Flood,Flood (General),,,IND,India,Southern Asia,Asia,,,,No,No,No,,,Km2,,,,1957,9,,1957,9,,92,,,,,,,,,,,8.955259855,,,2003-07-01,2023-09-25
1957-0041-IND,Yes,nat-hyd-flo-flo,Natural,Hydrological,Flood,Flood (General),,,IND,India,Southern Asia,Asia,,,,No,No,No,,,Km2,,,,1957,11,,1957,11,,53,,,,,,,,,,,8.955259855,,,2003-07-01,2023-09-25
1958-0013-IND,Yes,nat-met-sto-sto,Natural,Meteorological,Storm,Storm (General),,,IND,India,Southern Asia,Asia,Vishakhapatam,,,No,No,No,,,Kph,,,,1958,10,16,1958,10,16,,,20000,,20000,,,,,,,9.199667243,,,2003-07-01,2023-09-25
1958-0015-IND,Yes,nat-hyd-flo-flo,Natural,Hydrological,Flood,Flood (General),,,IND,India,Southern Asia,Asia,Madras city,,,No,No,No,,,Km2,,,,1958,11,15,1958,11,15,5,,5000,,5000,,,,,,,9.199667243,,,2003-07-01,2023-09-25
1958-0031-IND,Yes,nat-met-ext-hea,Natural,Meteorological,Extreme temperature,Heat wave,,,IND,India,Southern Asia,Asia,,,,No,No,No,,,°C,,,,1958,5,,1958,5,,651,,,,,,,,,,,9.199667243,,,2003-07-01,2023-09-25
1958-0033-IND,Yes,nat-hyd-mmw-lan,Natural,Hydrological,Mass movement (wet),Landslide (wet),,,IND,India,Southern Asia,Asia,,,,No,No,No,,,,,,,1958,6,,1958,6,,52,,,,,,,,,,,9.199667243,,,2003-07-01,2023-09-25
1959-0007-IND,Yes,nat-hyd-flo-flo,Natural,Hydrological,Flood,Flood (General),,,IND,India,Southern Asia,Asia,Kutch,,,No,No,No,,,Km2,,,,1959,7,4,1959,7,4,17,,13000,,13000,,,,,,,9.292648889,,,2003-07-01,2023-09-25
1959-0038-IND,Yes,nat-hyd-flo-flo,Natural,Hydrological,Flood,Flood (General),,,IND,India,Southern Asia,Asia,,,,No,No,No,,,Km2,,,,1959,7,,1959,7,,104,,,,,,,,,,,9.292648889,,,2003-07-01,2023-09-25
1959-0046-IND,Yes,nat-hyd-flo-flo,Natural,Hydrological,Flood,Flood (General),,,IND,India,Southern Asia,Asia,,,,No,No,No,,,Km2,,,,1959,9,,1959,9,,500,,,,,,,,,,,9.292648889,,,2003-07-01,2023-09-25
1960-0032-IND,Yes,nat-hyd-flo-flo,Natural,Hydrological,Flood,Flood (General),,,IND,India,Southern Asia,Asia,"Maduri, Madras City",,,No,No,No,,,Km2,,,,1960,11,10,1960,11,10,5,,160000,,160000,,,,,,,9.428131897,,,2003-07-01,2023-09-25
1960-0051-IND,Yes,nat-hyd-flo-flo,Natural,Hydrological,Flood,Flood (General),,,IND,India,Southern Asia,Asia,,,,No,No,No,,,Km2,,,,1960,7,,1960,7,,30,,,,,,,,,,,9.428131897,,,2003-07-01,2023-09-25
1960-0054-IND,Yes,nat-hyd-flo-flo,Natural,Hydrological,Flood,Flood (General),,,IND,India,Southern Asia,Asia,,,,No,No,No,,,Km2,,,,1960,8,,1960,8,,47,,,,,,,,,,,9.428131897,,,2003-07-01,2023-09-25
1960-0056-IND,Yes,nat-hyd-flo-flo,Natural,Hydrological,Flood,Flood (General),,,IND,India,Southern Asia,Asia,,,,No,No,No,,,Km2,,,,1960,9,,1960,9,,155,,,,,,,,,,,9.428131897,,,2003-07-01,2023-09-25
1961-0007-IND,Yes,nat-hyd-flo-flo,Natural,Hydrological,Flood,Flood (General),,,IND,India,Southern Asia,Asia,North,,,No,No,No,,,Km2,,,,1961,7,,1961,7,,2000,,,,,,,,,,,9.529077354,,,2003-07-01,2023-09-25
1961-0009-IND,Yes,nat-hyd-flo-flo,Natural,Hydrological,Flood,Flood (General),,,IND,India,Southern Asia,Asia,"Central, West India",,,No,No,No,,,Km2,,,,1961,9,6,1961,9,6,,,,2000,2000,,,,,,,9.529077354,,,2003-07-01,2023-09-25
1961-0012-IND,Yes,nat-hyd-flo-flo,Natural,Hydrological,Flood,Flood (General),,,IND,India,Southern Asia,Asia,Uttar Pradesh,,,No,No,No,,,Km2,,,,1961,10,9,1961,10,9,57,,,,,,,,,,,9.529077354,,,2003-07-01,2023-09-25
1961-0050-IND,Yes,nat-hyd-flo-flo,Natural,Hydrological,Flood,Flood (General),,,IND,India,Southern Asia,Asia,,,,No,No,No,,,Km2,,,,1961,10,,1961,10,,1000,,,,,,,,,,,9.529077354,,,2003-07-01,2023-09-25
1961-0055-IND,Yes,nat-met-ext-col,Natural,Meteorological,Extreme temperature,Cold wave,,,IND,India,Southern Asia,Asia,,,,No,No,No,,,°C,,,,1961,12,,1961,12,,400,,,,,,,,,,,9.529077354,,,2003-07-01,2023-09-25
1962-0007-IND,Yes,nat-met-sto-sto,Natural,Meteorological,Storm,Storm (General),,,IND,India,Southern Asia,Asia,"Punjab, Delhi, M.P.",,,No,No,No,,,Kph,,,,1962,9,16,1962,9,16,,,40000,,40000,,,,,,,9.643313459,,,2003-07-01,2023-09-25
1962-0034-IND,Yes,nat-hyd-flo-flo,Natural,Hydrological,Flood,Flood (General),,,IND,India,Southern Asia,Asia,,,,No,No,No,,,Km2,,,,1962,8,,1962,8,,100,,,,,,,,,,,9.643313459,,,2003-07-01,2023-09-25
1962-0036-IND,Yes,nat-hyd-flo-flo,Natural,Hydrological,Flood,Flood (General),,,IND,India,Southern Asia,Asia,,,,No,No,No,,,Km2,,,,1962,9,,1962,9,,73,,,,,,,,,,,9.643313459,,,2003-07-01,2023-09-25
1963-0019-IND,Yes,nat-met-sto-sto,Natural,Meteorological,Storm,Storm (General),,,IND,India,Southern Asia,Asia,"Orissa, Uttar Pradesh, Punjab",,,No,No,No,,,Kph,,,,1963,9,8,1963,9,8,200,,5000000,,5000000,,,,,,,9.762853734,,,2003-07-01,2023-09-25
1963-0064-IND,Yes,nat-met-sto-tro,Natural,Meteorological,Storm,Tropical cyclone,,,IND,India,Southern Asia,Asia,,,,No,No,No,,,Kph,,,,1963,4,,1963,4,,112,,,,,,,,,,,9.762853734,,,2003-07-01,2023-09-25
1963-0070-IND,Yes,nat-hyd-flo-flo,Natural,Hydrological,Flood,Flood (General),,,IND,India,Southern Asia,Asia,,,,No,No,No,,,Km2,,,,1963,7,,1963,7,,200,,,,,,,,,,,9.762853734,,,2003-07-01,2023-09-25
1964-0038-IND,Yes,nat-hyd-flo-flo,Natural,Hydrological,Flood,Flood (General),,,IND,India,Southern Asia,Asia,"Assam, Bihar, Punjab",,,Yes,No,No,,,Km2,,,,1964,7,,1964,7,,145,,752210,,752210,,,,,,,9.887713291,,,2003-07-01,2023-09-25
1964-0055-IND,Yes,nat-hyd-flo-flo,Natural,Hydrological,Flood,Flood (General),,,IND,India,Southern Asia,Asia,Andhra Pradesh,,,Yes,No,No,,,Km2,,,,1964,10,,1964,10,,,,18400,,18400,,,,,500,5057,9.887713291,,,2003-07-01,2023-09-25
1964-0068-IND,Yes,nat-met-sto-tro,Natural,Meteorological,Storm,Tropical cyclone,,,IND,India,Southern Asia,Asia,Rameswaram,,,No,No,No,,,Kph,,,,1964,12,17,1964,12,17,500,,,,,,,,,,,9.887713291,,,2003-07-01,2023-09-25
1964-0097-IND,Yes,nat-hyd-flo-flo,Natural,Hydrological,Flood,Flood (General),,,IND,India,Southern Asia,Asia,,,,No,No,No,,,Km2,,,,1964,9,,1964,9,,51,,,,,,,,,,,9.887713291,,,2003-07-01,2023-09-25
1964-0101-IND,Yes,nat-hyd-flo-flo,Natural,Hydrological,Flood,Flood (General),,,IND,India,Southern Asia,Asia,,,,No,No,No,,,Km2,,,,1964,9,,1964,9,,36,,,,,,,,,,,9.887713291,,,2003-07-01,2023-09-25
1964-9009-IND,Yes,nat-cli-dro-dro,Natural,Climatological,Drought,Drought,,,IND,India,Southern Asia,Asia,"Rajasthan, center",,,Yes,No,No,,,Km2,,,,1964,7,,1964,,,,,500000,,500000,,,,,,,9.887713291,,,2006-02-13,2025-03-06
1964-9044-IND,Yes,nat-cli-dro-dro,Natural,Climatological,Drought,Drought,,,IND,India,Southern Asia,Asia,Mysore,,Famine,Yes,No,No,,,Km2,,,,1964,8,,1964,,,,,166000,,166000,,,,,,,9.887713291,,,2006-08-08,2025-03-06
1965-0096-IND,Yes,nat-met-ext-hea,Natural,Meteorological,Extreme temperature,Heat wave,,,IND,India,Southern Asia,Asia,,,,No,No,No,,,°C,,,,1965,6,,1965,6,,100,,,,,,,,,,,10.04445076,,,2003-07-01,2023-09-25
1965-9073-IND,Yes,nat-cli-dro-dro,Natural,Climatological,Drought,Drought,,,IND,India,Southern Asia,Asia,Nationwide except south,,Famine,Yes,No,No,,,Km2,,,,1965,,,1967,,,1500000,,100000000,,100000000,,,,,100000,995575,10.04445076,,,2006-09-14,2025-03-06
1966-0046-IND,Yes,nat-hyd-flo-flo,Natural,Hydrological,Flood,Flood (General),,,IND,India,Southern Asia,Asia,"Manipur, Assam",,,Yes,No,No,,,Km2,,,,1966,6,,1966,6,,47,,900000,,900000,,,,,1400,13530,10.34730224,,,2003-07-01,2023-09-25
1966-0085-IND,Yes,nat-met-sto-tro,Natural,Meteorological,Storm,Tropical cyclone,,,IND,India,Southern Asia,Asia,Madras state,,,Yes,No,No,,,Kph,,,,1966,11,3,1966,11,3,18,,150000,,150000,,,,,4200,40590,10.34730224,,,2003-07-01,2023-09-25
1966-0143-IND,Yes,nat-geo-ear-gro,Natural,Geophysical,Earthquake,Ground movement,,,IND,India,Southern Asia,Asia,North,,,No,No,No,,5.6,Moment Magnitude,28.7,78.9,,1966,8,15,1966,8,15,15,,,,,,,,,,,10.34730224,,,2020-03-10,2023-09-25
1967-0004-IND,Yes,nat-bio-epi-vir,Natural,Biological,Epidemic,Viral disease,,,IND,India,Southern Asia,Asia,,,,Yes,No,No,,,Vaccinated,,,,1967,1,1,1967,1,1,3029,,13576,,13576,,,,,,,10.63421099,,,2003-07-01,2023-09-25
1967-0055-IND,Yes,nat-hyd-flo-flo,Natural,Hydrological,Flood,Flood (General),,,IND,India,Southern Asia,Asia,"North, Central",,,No,No,No,,,Km2,,,,1967,9,5,1967,9,5,300,,1000000,,1000000,,,,,,,10.63421099,,,2003-07-01,2023-09-25
1967-0063-IND,Yes,nat-met-sto-tro,Natural,Meteorological,Storm,Tropical cyclone,,,IND,India,Southern Asia,Asia,Orissa,,,No,No,No,,,Kph,,,,1967,10,8,1967,10,8,1000,,,,,,,,,,,10.63421099,,,2003-07-01,2023-09-25
1967-0077-IND,Yes,nat-geo-ear-gro,Natural,Geophysical,Earthquake,Ground movement,,,IND,India,Southern Asia,Asia,"Maharashtra, Koynana",,,No,No,No,,6.6,Moment Magnitude,17.412,73.885,,1967,12,11,1967,12,11,177,2272,50000,,52272,,,,,400,3761,10.63421099,,,2003-07-01,2023-09-25
1968-0051-IND,Yes,nat-hyd-flo-flo,Natural,Hydrological,Flood,Flood (General),,,IND,India,Southern Asia,Asia,Assam,,,No,No,No,,,Km2,,,,1968,6,12,1968,6,12,,,1000000,,1000000,,,,,,,11.08848066,,,2003-07-01,2023-09-25
1968-0055-IND,Yes,nat-hyd-flo-fla,Natural,Hydrological,Flood,Flash flood,,,IND,India,Southern Asia,Asia,"(1) Rajasthan, Gujarat - (2) North-East, West Bengal, Assam",,,Yes,No,No,,,Km2,,,,1968,7,,1968,7,,4892,,7500000,,7500000,,,,,94200,849530,11.08848066,,,2003-07-01,2023-09-25
1968-0074-IND,Yes,nat-hyd-mmw-lan,Natural,Hydrological,Mass movement (wet),Landslide (wet),,,IND,India,Southern Asia,Asia,"Bihar, Bengal",,,No,No,No,,,,,,,1968,10,1,1968,10,1,1000,,,,,,,,,,,11.08848066,,,2003-07-01,2023-09-25
1968-0084-IND,Yes,nat-met-sto-tro,Natural,Meteorological,Storm,Tropical cyclone,,,IND,India,Southern Asia,Asia,"Ramanathapurum, Thanjavur",,,No,No,No,,,Kph,,,,1968,12,4,1968,12,4,7,,15000,,15000,,,,,,,11.08848066,,,2003-07-01,2023-09-25
1968-0124-IND,Yes,nat-hyd-flo-flo,Natural,Hydrological,Flood,Flood (General),,,IND,India,Southern Asia,Asia,,,,No,No,No,,,Km2,,,,1968,8,,1968,8,,1000,,,,,,,,,,,11.08848066,,,2003-07-01,2023-09-25
1968-0127-IND,Yes,nat-hyd-flo-flo,Natural,Hydrological,Flood,Flood (General),,,IND,India,Southern Asia,Asia,,,,No,No,No,,,Km2,,,,1968,10,,1968,10,,560,,,,,,,,,,,11.08848066,,,2003-07-01,2023-09-25
1969-0071-IND,Yes,nat-met-sto-tro,Natural,Meteorological,Storm,Tropical cyclone,,,IND,India,Southern Asia,Asia,"Guntur, Krishna, Godavari (Andhra Pradesh)",,,No,No,No,,,Kph,,,,1969,5,17,1969,5,17,600,,260000,,260000,,,,,8330,71232,11.69417607,,,2003-07-01,2023-09-25
1969-0081-IND,Yes,nat-met-sto-sto,Natural,Meteorological,Storm,Storm (General),,,IND,India,Southern Asia,Asia,Kannaman,,,No,No,No,,,Kph,,,,1969,7,22,1969,7,22,15,,92,,92,,,,,,,11.69417607,,,2003-07-01,2023-09-25
1969-0106-IND,Yes,nat-met-sto-sto,Natural,Meteorological,Storm,Storm (General),,,IND,India,Southern Asia,Asia,Madras City,,,No,No,No,,,Kph,,,,1969,10,21,1969,10,21,,,20000,,20000,,,,,,,11.69417607,,,2003-07-01,2023-09-25
1969-0109-IND,Yes,nat-met-sto-tro,Natural,Meteorological,Storm,Tropical cyclone,,,IND,India,Southern Asia,Asia,Andhra Pradesh,,,No,No,No,,,Kph,,,,1969,11,4,1969,11,4,200,,,,,,,,,,,11.69417607,,,2003-07-01,2023-09-25
1970-0034-IND,Yes,nat-hyd-flo-flo,Natural,Hydrological,Flood,Flood (General),,,IND,India,Southern Asia,Asia,"North-East, Western, North",,,Yes,No,No,,,Km2,,,,1970,7,,1970,7,,627,1000,10000000,350000,10351000,,,,,101200,817652,12.37691039,,,2003-07-01,2023-09-25
1970-0065-IND,Yes,nat-met-sto-sto,Natural,Meteorological,Storm,Storm (General),,,IND,India,Southern Asia,Asia,Madras city (Tamil Nadu),,,No,No,No,,,Kph,,,,1970,11,19,1970,11,19,,,,2000,2000,,,,,,,12.37691039,,,2003-07-01,2023-09-25
1970-0105-IND,Yes,nat-hyd-flo-flo,Natural,Hydrological,Flood,Flood (General),,,IND,India,Southern Asia,Asia,"Gujarat, Orissa states",,,No,No,No,,,Km2,,,,1970,9,2,1970,9,2,400,,,,,,,,,,,12.37691039,,,2003-07-01,2023-09-25
1970-0112-IND,Yes,nat-geo-ear-gro,Natural,Geophysical,Earthquake,Ground movement,,,IND,India,Southern Asia,Asia,Broach,,,No,No,No,,5.4,Moment Magnitude,21.7,73,,1970,3,23,1970,3,23,26,200,,,200,,,,,,,12.37691039,,,2004-04-05,2023-09-25
1971-0037-IND,Yes,nat-hyd-flo-flo,Natural,Hydrological,Flood,Flood (General),,,IND,India,Southern Asia,Asia,North,,,No,No,No,,,Km2,,,,1971,6,,1971,6,,1023,,,,,,,,,530000,4105909,12.90822653,,,2003-07-01,2023-09-25
1971-0052-IND,Yes,nat-hyd-flo-flo,Natural,Hydrological,Flood,Flood (General),,,IND,India,Southern Asia,Asia,Uttar Pradesh,,,No,No,No,,,Km2,,,,1971,9,9,1971,9,9,300,,35000,,35000,,,,,,,12.90822653,,,2003-07-01,2023-09-25
1971-0058-IND,Yes,nat-met-sto-tro,Natural,Meteorological,Storm,Tropical cyclone,,,IND,India,Southern Asia,Asia,"East coast, Orissa state",,,Yes,No,No,,,Kph,,,,1971,10,27,1971,10,27,9658,,4900000,2000000,6900000,,,,,30000,232410,12.90822653,,,2003-07-01,2023-09-25
1971-0112-IND,Yes,nat-met-sto-tro,Natural,Meteorological,Storm,Tropical cyclone,,,IND,India,Southern Asia,Asia,"Bihar, West Bengal",,,No,No,No,,,Kph,,,,1971,9,27,1971,9,27,60,,,,,,,,,,,12.90822653,,,2003-07-01,2023-09-25
1971-0116-IND,Yes,nat-hyd-flo-flo,Natural,Hydrological,Flood,Flood (General),,,IND,India,Southern Asia,Asia,"Brahmaputra, Dhemaji, North Lakhimpur, Jorhat, Tezpur sub-divisions",,,No,No,No,,2600,Km2,,,,1971,6,,1971,6,,,,130000,,130000,,,,,,,12.90822653,,,2003-07-01,2023-09-25
1972-0051-IND,Yes,nat-met-sto-tro,Natural,Meteorological,Storm,Tropical cyclone,,,IND,India,Southern Asia,Asia,"Andhra Pradesh, Orissa",,,No,No,No,,,Kph,,,,1972,9,10,1972,9,10,100,,4500000,,4500000,,,,,,,13.33061828,,,2003-07-01,2023-09-25
1972-0058-IND,Yes,nat-met-sto-sto,Natural,Meteorological,Storm,Storm (General),,,IND,India,Southern Asia,Asia,"Srinagar, Kashmir",,,No,No,No,,,Kph,,,,1972,10,21,1972,10,21,50,,75,,75,,,,,,,13.33061828,,,2003-07-01,2023-09-25
1972-0063-IND,Yes,nat-met-sto-tro,Natural,Meteorological,Storm,Tropical cyclone,,,IND,India,Southern Asia,Asia,Madras City,,,No,No,No,,,Kph,,,,1972,12,1,1972,12,1,80,,30000,,30000,,,,,,,13.33061828,,,2003-07-01,2023-09-25
1972-9116-IND,Yes,nat-cli-dro-dro,Natural,Climatological,Drought,Drought,,,IND,India,Southern Asia,Asia,Central,,,Yes,No,No,,,Km2,,,,1972,,,1973,,,,,200000000,,200000000,,,,,100000,750153,13.33061828,,,2006-11-24,2025-03-06
1973-0009-IND,Yes,nat-met-ext-col,Natural,Meteorological,Extreme temperature,Cold wave,,,IND,India,Southern Asia,Asia,"Uttar Pradesh, Bihar",,,No,No,No,,,°C,,,,1973,1,5,1973,1,5,115,,,,,,,,,,,14.15414734,,,2003-07-01,2023-09-25
1973-0054-IND,Yes,nat-met-ext-col,Natural,Meteorological,Extreme temperature,Cold wave,,,IND,India,Southern Asia,Asia,"Bihar, Delhi",,,No,No,No,,,°C,,,,1973,12,23,1973,12,23,146,,,,,,,,,,,14.15414734,,,2003-07-01,2023-09-25
1974-0045-IND,Yes,nat-met-sto-tro,Natural,Meteorological,Storm,Tropical cyclone,,,IND,India,Southern Asia,Asia,"West Bengal, Madya Pradesh, Gujarat states",,,No,No,No,,,Kph,,,,1974,8,15,1974,8,15,20,100,,,100,,,,,,,15.71886237,,,2003-07-01,2023-09-25
1974-0122-IND,Yes,nat-met-sto-tro,Natural,Meteorological,Storm,Tropical cyclone,,,IND,India,Southern Asia,Asia,Midnapore,,,No,No,No,,20,Kph,,,,1974,5,29,1974,5,29,,,25000,,25000,,,,,,,15.71886237,,,2003-07-01,2023-09-25
1974-0129-IND,Yes,nat-hyd-flo-flo,Natural,Hydrological,Flood,Flood (General),,,IND,India,Southern Asia,Asia,"Tinsukia, Dhemaji, Nowgong, Majuli, Jorhat, Dhubri",,,No,No,No,,,Km2,,,,1974,7,2,1974,7,2,260,,,,,,,,,,,15.71886237,,,2003-07-01,2023-09-25
1975-0014-IND,Yes,nat-geo-ear-gro,Natural,Geophysical,Earthquake,Ground movement,,,IND,India,Southern Asia,Asia,"Kinnaur district, Kashmir; Himachal Pradesh",,,No,No,No,,6.8,Moment Magnitude,32.455,78.43,,1975,1,19,1975,1,19,47,,,,,,,,,,,17.15606576,,,2004-01-27,2023-09-25
1975-0037-IND,Yes,nat-hyd-flo-flo,Natural,Hydrological,Flood,Flood (General),,,IND,India,Southern Asia,Asia,"Northwest, Bihar",,,Yes,No,No,,,Km2,,,,1975,7,,1975,7,,350,,27000000,7000000,34000000,,,,,714259,4163303,17.15606576,,,2003-07-01,2023-09-25
1975-0045-IND,Yes,nat-met-sto-sto,Natural,Meteorological,Storm,Storm (General),,,IND,India,Southern Asia,Asia,Eastern,,,No,No,No,,,Kph,,,,1975,8,,1975,8,,450,,,,,,,,,200000,1165768,17.15606576,,,2003-07-01,2023-09-25
1975-0052-IND,Yes,nat-met-sto-sto,Natural,Meteorological,Storm,Storm (General),,,IND,India,Southern Asia,Asia,Bulandshar (Uttar Pradesh),,,No,No,No,,,Kph,,,,1975,9,,1975,9,,30,,,,,,,,,,,17.15606576,,,2003-07-01,2023-09-25
1975-0056-IND,Yes,nat-met-sto-sto,Natural,Meteorological,Storm,Storm (General),,,IND,India,Southern Asia,Asia,Gujarat,,,No,No,No,,,Kph,,,,1975,10,22,1975,10,22,21,,,,,,,,,,,17.15606576,,,2003-07-01,2023-09-25
1975-0058-IND,Yes,nat-met-sto-tro,Natural,Meteorological,Storm,Tropical cyclone,,,IND,India,Southern Asia,Asia,Madras city,,,No,No,No,,,Kph,,,,1975,11,24,1975,11,24,,,,2000,2000,,,,,,,17.15606576,,,2003-07-01,2023-09-25
1976-0063-IND,Yes,nat-met-sto-tro,Natural,Meteorological,Storm,Tropical cyclone,,,IND,India,Southern Asia,Asia,"Midnapore, Parganas districts (West Bengal), Balasore district (Orissa)",,,No,No,No,,,Kph,,,,1976,9,8,1976,9,8,40,,,,,,,,,,,18.14164401,,,2003-07-01,2023-09-25
1976-0074-IND,Yes,nat-met-sto-tro,Natural,Meteorological,Storm,Tropical cyclone,,,IND,India,Southern Asia,Asia,Madras/Nellore (Andhra Pradesh),,,No,No,No,,,Kph,,,,1976,11,22,1976,11,22,95,,300000,,300000,,,,,260000,1433167,18.14164401,,,2008-04-02,2023-09-25
1976-0143-IND,Yes,nat-met-sto-tro,Natural,Meteorological,Storm,Tropical cyclone,,,IND,India,Southern Asia,Asia,"Gujarat, Maharastra",,,No,No,No,,,Kph,,,,1976,5,29,1976,5,29,87,,250000,,250000,,,,,3378,18620,18.14164401,,,2003-07-01,2023-09-25
1976-0144-IND,Yes,nat-met-sto-tro,Natural,Meteorological,Storm,Tropical cyclone,,,IND,India,Southern Asia,Asia,"Krishna District, near Masulipatnam (Andhra Pradesh)",,,No,No,No,,,Kph,,,,1976,11,3,1976,11,3,18,,,,,,,,,,,18.14164401,,,2003-07-01,2023-09-25
1976-0146-IND,Yes,nat-met-sto-tro,Natural,Meteorological,Storm,Tropical cyclone,,,IND,India,Southern Asia,Asia,Between Nellore and Kavali (Andhra Pradesh),,,No,No,No,,,Kph,,,,1976,11,15,1976,11,15,30,,50000,,50000,,,,,3378,18620,18.14164401,,,2003-07-01,2023-09-25
1977-0012-IND,Yes,nat-bio-epi-bac,Natural,Biological,Epidemic,Bacterial disease,,Cholera,IND,India,Southern Asia,Asia,,,,No,No,No,,,,,,,1977,1,1,1977,1,1,,,9091,,9091,,,,,,,19.32115691,,,2003-07-01,2023-09-25
1977-0094-IND,Yes,nat-hyd-flo-riv,Natural,Hydrological,Flood,Riverine flood,,,IND,India,Southern Asia,Asia,Ganges region,,,No,No,No,,,Km2,,,,1977,8,,1977,8,,500,,1000000,,1000000,,,,,,,19.32115691,,,2003-07-01,2023-09-25
1977-0121-IND,Yes,nat-hyd-flo-flo,Natural,Hydrological,Flood,Flood (General),,,IND,India,Southern Asia,Asia,Tamil Nadu,,,No,No,No,,,Km2,,,,1977,10,,1977,10,,60,,45000,,45000,,,,,,,19.32115691,,,2003-07-01,2023-09-25
1977-0133-IND,Yes,nat-met-sto-tro,Natural,Meteorological,Storm,Tropical cyclone,,,IND,India,Southern Asia,Asia,"Tamil Nadu, Andhra Pradesh, Kerala",,,Yes,No,No,,,Kph,,,,1977,11,12,1977,11,12,14204,,9037400,5432400,14469800,,,,,498535,2580254,19.32115691,,,2003-07-01,2023-09-25
1977-0201-IND,Yes,nat-met-sto-tro,Natural,Meteorological,Storm,Tropical cyclone,,,IND,India,Southern Asia,Asia,"North of Nellore district, South of Prakasam district (Andhra Pradesh)",,,No,No,No,,,Kph,,,,1977,10,27,1977,10,27,2,,10000,,10000,,,,,,,19.32115691,,,2003-07-01,2023-09-25
1978-0012-IND,Yes,nat-bio-epi-vir,Natural,Biological,Epidemic,Viral disease,,Encephalitis,IND,India,Southern Asia,Asia,Tamil Nadu,,,No,No,No,,,Vaccinated,,,,1978,1,1,1978,1,1,45,,,,,,,,,,,20.79554994,,,2003-07-01,2023-09-25
1978-0044-IND,Yes,nat-met-sto-tor,Natural,Meteorological,Storm,Tornado,,,IND,India,Southern Asia,Asia,New Delhi,,,No,No,No,,,Kph,,,,1978,3,17,1978,3,17,26,700,,,700,,,,,,,20.79554994,,,2003-07-01,2023-09-25
1978-0055-IND,Yes,nat-met-sto-tor,Natural,Meteorological,Storm,Tornado,,,IND,India,Southern Asia,Asia,Orissa,,,No,No,No,,,Kph,,,,1978,4,16,1978,4,16,500,400,1000,,1400,,,,,,,20.79554994,,,2003-07-01,2023-09-25
1978-0056-IND,Yes,nat-met-sto-tor,Natural,Meteorological,Storm,Tornado,,,IND,India,Southern Asia,Asia,West Bengal,,,No,No,No,,,Kph,,,,1978,4,16,1978,4,16,100,,100,,100,,,,,,,20.79554994,,,2003-07-01,2023-09-25
1978-0063-IND,Yes,nat-met-ext-hea,Natural,Meteorological,Extreme temperature,Heat wave,,,IND,India,Southern Asia,Asia,,,,No,No,No,,,°C,,,,1978,5,,1978,5,,150,,,,,,,,,,,20.79554994,,,2003-07-01,2023-09-25
1978-0074-IND,Yes,nat-bio-epi-vir,Natural,Biological,Epidemic,Viral disease,,,IND,India,Southern Asia,Asia,Uttar Pradesh,,,No,No,No,,,Vaccinated,,,,1978,6,,1978,6,,48,,1000,,1000,,,,,,,20.79554994,,,2003-07-01,2023-09-25
1978-0087-IND,Yes,nat-hyd-flo-flo,Natural,Hydrological,Flood,Flood (General),,,IND,India,Southern Asia,Asia,"North, Northeast",,,Yes,No,No,,,Km2,,,,1978,7,,1978,7,,3800,,32000000,,32000000,,,,,165000,793439,20.79554994,,,2003-07-01,2023-09-25
1978-0111-IND,Yes,nat-hyd-flo-flo,Natural,Hydrological,Flood,Flood (General),,,IND,India,Southern Asia,Asia,West Bengal,,,No,No,No,,,Km2,,,,1978,9,,1978,9,,810,,,,,,,,,1000,4809,20.79554994,,,2003-07-01,2023-09-25
1978-0122-IND,Yes,nat-bio-epi-bac,Natural,Biological,Epidemic,Bacterial disease,,Cholera,IND,India,Southern Asia,Asia,West Bengal,,,No,No,No,,,,,,,1978,10,,1978,10,,113,,,,,,,,,,,20.79554994,,,2003-07-01,2023-09-25
1978-0123-IND,Yes,nat-bio-epi-vir,Natural,Biological,Epidemic,Viral disease,,Encephalitis,IND,India,Southern Asia,Asia,Uttar Pradesh,,,No,No,No,,,Vaccinated,,,,1978,10,,1978,10,,2000,,,,,,,,,,,20.79554994,,,2003-07-01,2023-09-25
1978-0130-IND,Yes,nat-hyd-mmw-lan,Natural,Hydrological,Mass movement (wet),Landslide (wet),,,IND,India,Southern Asia,Asia,Northeastern,,,No,No,No,,,,,,,1978,11,5,1978,11,5,64,,,,,,,,,,,20.79554994,,,2003-07-01,2023-09-25
1978-0134-IND,Yes,nat-met-sto-sto,Natural,Meteorological,Storm,Storm (General),,,IND,India,Southern Asia,Asia,,,,No,No,No,,,Kph,,,,1978,11,25,1978,11,25,15,,1000,,1000,,,,,,,20.79554994,,,2003-07-01,2023-09-25
1978-0224-IND,Yes,nat-met-sto-tro,Natural,Meteorological,Storm,Tropical cyclone,,,IND,India,Southern Asia,Asia,"Tamil Nadu, Kerala",,,No,No,No,,,Kph,,,,1978,11,3,1978,11,3,170,,,,,,,,,,,20.79554994,,,2003-07-01,2023-09-25
1979-0030-IND,Yes,nat-hyd-mmw-lan,Natural,Hydrological,Mass movement (wet),Landslide (wet),,,IND,India,Southern Asia,Asia,"Lahaul, Pangi",,,No,No,No,,,,,,,1979,3,,1979,3,,230,,5000,,5000,,,,,,,23.13598094,,,2003-07-01,2023-09-25
1979-0045-IND,Yes,nat-met-ext-hea,Natural,Meteorological,Extreme temperature,Heat wave,,,IND,India,Southern Asia,Asia,Bihar,,,No,No,No,,,°C,,,,1979,5,,1979,5,,300,,,,,,,,,,,23.13598094,,,2003-07-01,2023-09-25
1979-0051-IND,Yes,nat-met-sto-tro,Natural,Meteorological,Storm,Tropical cyclone,,,IND,India,Southern Asia,Asia,Andhra Pradesh,,,Yes,No,No,,,Kph,,,,1979,5,12,1979,5,12,594,,1605772,,1605772,,,,,12800,55325,23.13598094,,,2003-07-01,2023-09-25
1979-0060-IND,Yes,nat-hyd-flo-flo,Natural,Hydrological,Flood,Flood (General),,,IND,India,Southern Asia,Asia,"North West, North, North East",,,No,No,No,,,Km2,,,,1979,7,,1979,7,,100,,1000000,10000,1010000,,,,,100000,432227,23.13598094,,,2003-07-01,2023-09-25
1979-0061-IND,Yes,nat-met-ext-hea,Natural,Meteorological,Extreme temperature,Heat wave,,,IND,India,Southern Asia,Asia,Rajasthan,,,No,No,No,,,°C,,,,1979,7,,1979,7,,100,,,,,,,,,,,23.13598094,,,2003-07-01,2023-09-25
1979-0079-IND,Yes,nat-hyd-mmw-lan,Natural,Hydrological,Mass movement (wet),Landslide (wet),,,IND,India,Southern Asia,Asia,Uttar Pradesh,,,No,No,No,,,,,,,1979,8,19,1979,8,19,42,12,100,,112,,,,,,,23.13598094,,,2003-07-01,2023-09-25
1979-0093-IND,Yes,nat-hyd-flo-flo,Natural,Hydrological,Flood,Flood (General),,,IND,India,Southern Asia,Asia,Assam,,,No,No,No,,,Km2,,,,1979,10,,1979,10,,13,,1000000,,1000000,,,,,,,23.13598094,,,2003-07-01,2023-09-25
1979-0100-IND,Yes,nat-hyd-flo-flo,Natural,Hydrological,Flood,Flood (General),,,IND,India,Southern Asia,Asia,Tamil Nadu,,,No,No,No,,,Km2,,,,1979,11,,1979,11,,140,,,,,,,,,,,23.13598094,,,2003-07-01,2023-09-25
1979-0225-IND,Yes,nat-hyd-flo-flo,Natural,Hydrological,Flood,Flood (General),,,IND,India,Southern Asia,Asia,"Uttar Pradesh, Bihar, West Bengal",,,No,No,No,,,Km2,,,,1979,8,25,1979,8,25,,,26000000,,26000000,,,,,,,23.13598094,,,2003-07-01,2023-09-25
1979-0266-IND,Yes,nat-bio-epi-bac,Natural,Biological,Epidemic,Bacterial disease,,Cholera,IND,India,Southern Asia,Asia,Bihar,,,No,No,No,,,,,,,1979,8,13,1979,8,13,215,,,,,,,,,,,23.13598094,,,2003-07-01,2023-09-25
1979-9005-IND,Yes,nat-cli-dro-dro,Natural,Climatological,Drought,Drought,,,IND,India,Southern Asia,Asia,,,,No,No,No,,,Km2,,,,1979,,,1979,,,,,10000000,,10000000,,,,,200000,864454,23.13598094,,,2006-02-13,2025-03-12
1980-0012-IND,Yes,nat-met-ext-col,Natural,Meteorological,Extreme temperature,Cold wave,,,IND,India,Southern Asia,Asia,Bihar,,,No,No,No,,,°C,,,,1980,1,,1980,1,,79,,,,,,,,,,,26.27072272,,,2003-07-01,2023-09-25
1980-0044-IND,Yes,nat-met-sto-san,Natural,Meteorological,Storm,Sand/Dust storm,,,IND,India,Southern Asia,Asia,Uttar Pradesh,,,No,No,No,,,Kph,,,,1980,5,9,1980,5,9,125,,,,,,,,,,,26.27072272,,,2003-07-01,2023-09-25
1980-0055-IND,Yes,nat-hyd-mmw-lan,Natural,Hydrological,Mass movement (wet),Landslide (wet),,,IND,India,Southern Asia,Asia,Uttar Pradesh,,,No,No,No,,,,,,,1980,6,25,1980,6,25,150,,,,,,,,,,,26.27072272,,,2003-07-01,2023-09-25
1980-0057-IND,Yes,nat-hyd-flo-flo,Natural,Hydrological,Flood,Flood (General),,,IND,India,Southern Asia,Asia,Assam,,,No,No,No,,,Km2,,,,1980,7,,1980,7,,,,50000,,50000,,,,,,,26.27072272,,,2003-07-01,2023-09-25
1980-0061-IND,Yes,nat-bio-epi-bac,Natural,Biological,Epidemic,Bacterial disease,,Cholera,IND,India,Southern Asia,Asia,Madhya Pradesh,,,No,No,No,,,,,,,1980,7,,1980,7,,390,,,,,,,,,,,26.27072272,,,2003-07-01,2023-09-25
1980-0062-IND,Yes,nat-hyd-flo-flo,Natural,Hydrological,Flood,Flood (General),,,IND,India,Southern Asia,Asia,Gujarat,,,No,No,No,,,Km2,,,,1980,7,,1980,7,,11,,1000,,1000,,,,,,,26.27072272,,,2003-07-01,2023-09-25
1980-0074-IND,Yes,nat-hyd-flo-flo,Natural,Hydrological,Flood,Flood (General),,,IND,India,Southern Asia,Asia,"Uttar Pradesh, Bihar, Gujarat, Kerala, Haryana",,,No,No,No,,,Km2,,,,1980,8,,1980,8,,1600,23,30000000,,30000023,,,,,320000,1218086,26.27072272,,,2003-07-01,2023-09-25
1980-0084-IND,Yes,nat-geo-ear-gro,Natural,Geophysical,Earthquake,Ground movement,,,IND,India,Southern Asia,Asia,Jammu (Kashmir),,,No,No,No,,5.5,Moment Magnitude,32.913,75.633,,1980,8,24,1980,8,24,13,40,,,40,,,,,,,26.27072272,,,2004-01-20,2023-09-25
1980-0085-IND,Yes,nat-hyd-flo-flo,Natural,Hydrological,Flood,Flood (General),,,IND,India,Southern Asia,Asia,Orissa,,,No,No,No,,,Km2,,,,1980,9,,1980,9,,200,,2000000,,2000000,,,,,,,26.27072272,,,2003-07-01,2023-09-25
1980-0086-IND,Yes,nat-bio-epi-vir,Natural,Biological,Epidemic,Viral disease,,Encephalitis,IND,India,Southern Asia,Asia,Northern,,,No,No,No,,,Vaccinated,,,,1980,9,,1980,9,,400,,,,,,,,,,,26.27072272,,,2003-07-01,2023-09-25
1980-0227-IND,Yes,nat-met-sto-tro,Natural,Meteorological,Storm,Tropical cyclone,,,IND,India,Southern Asia,Asia,"Srikakulam, Visakhapatnam, East & West Godavari districts (Andhra Pradesh)",,,No,No,No,,,Kph,,,,1980,10,16,1980,10,16,28,,,,,,,,,,,26.27072272,,,2003-07-01,2023-09-25
1980-0316-IND,Yes,nat-bio-epi-bac,Natural,Biological,Epidemic,Bacterial disease,,Cholera,IND,India,Southern Asia,Asia,Uttar Pradesh,,,No,No,No,,,,,,,1980,8,21,1980,8,21,250,,,,,,,,,,,26.27072272,,,2003-07-01,2023-09-25
1980-0324-IND,Yes,nat-hyd-flo-flo,Natural,Hydrological,Flood,Flood (General),,,IND,India,Southern Asia,Asia,,,,No,No,No,,,Km2,,,,1980,7,,1980,7,,600,,,,,,,,,,,26.27072272,,,2003-07-01,2023-09-25
1980-0357-IND,Yes,nat-met-ext-hea,Natural,Meteorological,Extreme temperature,Heat wave,,,IND,India,Southern Asia,Asia,"Bihar, Uttar Pradesh states",,,No,No,No,,40,°C,,,,1980,4,29,1980,4,29,50,,,,,,,,,,,26.27072272,,,2003-07-01,2023-09-25
1981-0003-IND,Yes,nat-met-ext-col,Natural,Meteorological,Extreme temperature,Cold wave,,,IND,India,Southern Asia,Asia,Northern,,,No,No,No,,,°C,,,,1981,1,,1981,1,,300,,,,,,,,,,,28.98572483,,,2003-07-01,2023-09-25
1981-0046-IND,Yes,nat-met-sto-tor,Natural,Meteorological,Storm,Tornado,,,IND,India,Southern Asia,Asia,Orissa,,,No,No,No,,,Kph,,,,1981,4,17,1981,4,17,120,,10000,,10000,,,,,,,28.98572483,,,2003-07-01,2023-09-25
1981-0063-IND,Yes,nat-hyd-flo-flo,Natural,Hydrological,Flood,Flood (General),,,IND,India,Southern Asia,Asia,,,,No,No,No,,,Km2,,,,1981,7,4,1981,7,4,553,,16000000,,16000000,,,,,250000,862494,28.98572483,,,2003-07-01,2023-09-25
1981-0094-IND,Yes,nat-met-sto-sto,Natural,Meteorological,Storm,Storm (General),,,IND,India,Southern Asia,Asia,Gujarat,,,No,No,No,,,Kph,,,,1981,11,1,1981,11,1,470,,,,,,,,,,,28.98572483,,,2003-07-01,2023-09-25
1981-0107-IND,Yes,nat-met-sto-tro,Natural,Meteorological,Storm,Tropical cyclone,,,IND,India,Southern Asia,Asia,"Orissa, West Bengal",,,Yes,No,No,,,Kph,,,,1981,12,10,1981,12,10,200,,20000,,20000,,,,,,,28.98572483,,,2003-07-01,2023-09-25
1981-0206-IND,Yes,nat-met-sto-tro,Natural,Meteorological,Storm,Tropical cyclone,,,IND,India,Southern Asia,Asia,"Puri, Ganjam, Koraput, Kalhandi, Phulbani, Sundergarh districts (Orissa state)",,,No,No,No,,,Kph,,,,1981,8,7,1981,8,7,15,,101700,,101700,,,,,,,28.98572483,,,2003-07-01,2023-09-25
1982-0087-IND,Yes,nat-hyd-flo-flo,Natural,Hydrological,Flood,Flood (General),,,IND,India,Southern Asia,Asia,Northeast,,,Yes,No,No,,,Km2,,,,1982,8,,1982,8,,932,,33500000,,33500000,,,,,700000,2275464,30.76296178,,,2003-07-01,2023-09-25
1982-0109-IND,Yes,nat-bio-epi-vir,Natural,Biological,Epidemic,Viral disease,,Encephalitis,IND,India,Southern Asia,Asia,West Bengal,,,No,No,No,,,Vaccinated,,,,1982,10,,1982,10,,118,,,,,,,,,,,30.76296178,,,2003-07-01,2023-09-25
1982-0120-IND,Yes,nat-met-sto-tro,Natural,Meteorological,Storm,Tropical cyclone,,,IND,India,Southern Asia,Asia,"Gujarat, Maharashtra",,,Yes,No,No,,,Kph,,,,1982,11,9,1982,11,9,500,,5000000,,5000000,,,,,625420,2033029,30.76296178,,,2003-07-01,2023-09-25
1982-0129-IND,Yes,nat-met-ext-col,Natural,Meteorological,Extreme temperature,Cold wave,,,IND,India,Southern Asia,Asia,Northern,,,No,No,No,,,°C,,,,1982,12,,1982,12,,400,,,,,,,,,,,30.76296178,,,2003-07-01,2023-09-25
1982-0313-IND,Yes,nat-met-sto-tro,Natural,Meteorological,Storm,Tropical cyclone,,,IND,India,Southern Asia,Asia,Orissa state,,,No,No,No,,220,Kph,,,,1982,6,3,1982,6,3,244,493,300000,,300493,,,,,120000,390079,30.76296178,,,2008-04-03,2023-09-25
1982-0314-IND,Yes,nat-hyd-flo-flo,Natural,Hydrological,Flood,Flood (General),,,IND,India,Southern Asia,Asia,North-East region,,,No,No,No,,,Km2,,,,1982,6,,1982,6,,,,,,,,,,,,,30.76296178,,,2003-07-01,2023-09-25
1982-9350-IND,Yes,nat-cli-dro-dro,Natural,Climatological,Drought,Drought,,,IND,India,Southern Asia,Asia,"districts of Bhiwani, Gurgaon, Hisar, Mahendargarh, and Rohtak, Kerala, Tami Nadu, Rajasthan",,,No,No,No,,,Km2,,,,1982,6,,1983,,,,,100000000,,100000000,,,,,,,30.76296178,,,2006-02-13,2025-03-12
1983-0061-IND,Yes,nat-met-sto-tro,Natural,Meteorological,Storm,Tropical cyclone,,,IND,India,Southern Asia,Asia,West Bengal,,,No,No,No,,,Kph,,,,1983,4,,1983,4,,76,1500,6000,,7500,,,,,,,31.75119967,,,2003-07-01,2023-09-25
1983-0068-IND,Yes,nat-met-sto-sto,Natural,Meteorological,Storm,Storm (General),,,IND,India,Southern Asia,Asia,West Bengal,,,No,No,No,,,Kph,,,,1983,4,13,1983,4,13,24,300,35000,,35300,,,,,,,31.75119967,,,2003-07-01,2023-09-25
1983-0076-IND,Yes,nat-met-sto-sto,Natural,Meteorological,Storm,Storm (General),,,IND,India,Southern Asia,Asia,"Himachal Pradesh, Punjab",,,No,No,No,,,Kph,,,,1983,5,,1983,5,,31,,,,,,,,,25000,78737,31.75119967,,,2003-07-01,2023-09-25
1983-0087-IND,Yes,nat-met-sto-tro,Natural,Meteorological,Storm,Tropical cyclone,,,IND,India,Southern Asia,Asia,Saurashtra coast (N-W. Gujarat),,,Yes,No,No,,,Kph,,,,1983,6,19,1983,6,19,551,,800000,,800000,,,,,56000,176371,31.75119967,,,2003-07-01,2023-09-25
1983-0089-IND,Yes,nat-hyd-flo-flo,Natural,Hydrological,Flood,Flood (General),,,IND,India,Southern Asia,Asia,"Upper Assama, Central Sikkim",,,No,No,No,,,Km2,,,,1983,7,,1983,7,,197,,250000,,250000,,,,,,,31.75119967,,,2003-07-01,2023-09-25
1983-0102-IND,Yes,nat-hyd-flo-flo,Natural,Hydrological,Flood,Flood (General),,,IND,India,Southern Asia,Asia,Central - Western,,,No,No,No,,,Km2,,,,1983,8,,1983,8,,130,,,,,,,,,,,31.75119967,,,2003-07-01,2023-09-25
1983-0117-IND,Yes,nat-hyd-mmw-lan,Natural,Hydrological,Mass movement (wet),Landslide (wet),,,IND,India,Southern Asia,Asia,Sikkim,,,No,No,No,,,,,,,1983,9,,1983,9,,67,,,,,,,,,,,31.75119967,,,2003-07-01,2023-09-25
1983-0129-IND,Yes,nat-met-sto-tro,Natural,Meteorological,Storm,Tropical cyclone,,,IND,India,Southern Asia,Asia,"Andhra Pradesh, Orissa",,,Yes,No,No,,,Kph,,,,1983,10,3,1983,10,3,100,,700000,14000,714000,,,,,510000,1606239,31.75119967,,,2003-07-01,2023-09-25
1983-0153-IND,Yes,nat-hyd-flo-flo,Natural,Hydrological,Flood,Flood (General),,,IND,India,Southern Asia,Asia,Tamil Nadu,,,No,No,No,,,Km2,,,,1983,12,,1983,12,,58,,,,,,,,,,,31.75119967,,,2003-07-01,2023-09-25
1983-0507-IND,Yes,nat-hyd-flo-flo,Natural,Hydrological,Flood,Flood (General),,,IND,India,Southern Asia,Asia,,,,No,No,No,,,Km2,,,,1983,9,,1983,9,,400,,,,,,,,,,,31.75119967,,,2003-07-01,2023-09-25
1984-0040-IND,Yes,nat-hyd-flo-flo,Natural,Hydrological,Flood,Flood (General),,,IND,India,Southern Asia,Asia,North-East states,,,No,No,No,,,Km2,,,,1984,5,,1984,5,,245,,16000000,,16000000,,,,,90000,271766,33.11667587,,,2003-07-01,2023-09-25
1984-0044-IND,Yes,nat-cli-wil-for,Natural,Climatological,Wildfire,Forest fire,,,IND,India,Southern Asia,Asia,Jammu region,,,No,No,No,,,Km2,,,,1984,5,,1984,5,,,,,,,,,,,2000,6039,33.11667587,,,2003-07-01,2023-09-25
1984-0053-IND,Yes,nat-bio-epi-bac,Natural,Biological,Epidemic,Bacterial disease,,Cholera,IND,India,Southern Asia,Asia,Uttar Pradesh,,,No,No,No,,,,,,,1984,6,,1984,6,,60,,,,,,,,,,,33.11667587,,,2003-07-01,2023-09-25
1984-0110-IND,Yes,nat-met-sto-tro,Natural,Meteorological,Storm,Tropical cyclone,,,IND,India,Southern Asia,Asia,"Tamil Nadu state + Chittoor, Nellore districts (Andhra Pradesh state)",,,No,No,No,,,Kph,,,,1984,11,14,1984,11,14,524,,1300000,,1300000,,,,,35000,105687,33.11667587,,,2003-07-01,2023-09-25
1984-0115-IND,Yes,nat-met-ext-col,Natural,Meteorological,Extreme temperature,Cold wave,,,IND,India,Southern Asia,Asia,Northeast,,,No,No,No,,,°C,,,,1984,12,,1984,12,,290,,,,,,,,,,,33.11667587,,,2003-07-01,2023-09-25
1984-0124-IND,Yes,nat-geo-ear-gro,Natural,Geophysical,Earthquake,Ground movement,,,IND,India,Southern Asia,Asia,Cachar district (Assam),,,No,No,No,,6,Moment Magnitude,24.4,92.34,,1984,12,31,1984,12,31,20,100,800,10000,10900,,,,,,,33.11667587,,,2004-01-13,2023-09-25
1984-0228-IND,Yes,nat-met-sto-tro,Natural,Meteorological,Storm,Tropical cyclone,,,IND,India,Southern Asia,Asia,"Ravalaseema, Kerala, Tamil Nadu",,,No,No,No,,,Kph,,,,1984,11,30,1984,11,30,,,35000,,35000,,,,,,,33.11667587,,,2003-07-01,2023-09-25
1984-0316-IND,Yes,nat-bio-epi-par,Natural,Biological,Epidemic,Parasitic disease,,Dysentery,IND,India,Southern Asia,Asia,W Bengal State,,,No,No,No,,,Vaccinated,,,,1984,5,,1984,5,,3290,,27000,,27000,,,,,,,33.11667587,,,2003-07-01,2023-09-25
1984-0317-IND,Yes,nat-bio-epi-vir,Natural,Biological,Epidemic,Viral disease,,,IND,India,Southern Asia,Asia,"Gujarat, Karnataka States",,,No,No,No,,,Vaccinated,,,,1984,5,,1984,5,,1160,,,,,,,,,,,33.11667587,,,2003-07-01,2023-09-25
1984-0318-IND,Yes,nat-hyd-flo-flo,Natural,Hydrological,Flood,Flood (General),,,IND,India,Southern Asia,Asia,"West Bengal, Uttar Pradesh, Assam, Bihar",,,No,No,No,,,Km2,,,,1984,6,25,1984,6,25,200,,3000000,,3000000,,,,,,,33.11667587,,,2003-07-01,2023-09-25
1984-0322-IND,Yes,nat-hyd-flo-fla,Natural,Hydrological,Flood,Flash flood,,,IND,India,Southern Asia,Asia,Ladakh area,,,No,No,No,,,Km2,,,,1984,8,16,1984,8,16,14,,,,,,,,,,,33.11667587,,,2003-07-01,2023-09-25
1984-0323-IND,Yes,nat-hyd-flo-flo,Natural,Hydrological,Flood,Flood (General),,,IND,India,Southern Asia,Asia,"W Bengal, Uttar Pradesh & Orissa",,,No,No,No,,,Km2,,,,1984,8,,1984,8,,245,,,,,,,,,,,33.11667587,,,2003-07-01,2023-09-25
1984-0325-IND,Yes,nat-hyd-flo-flo,Natural,Hydrological,Flood,Flood (General),,,IND,India,Southern Asia,Asia,North-East region,,,No,No,No,,,Km2,,,,1984,9,,1984,9,,36,,,,,,,,,,,33.11667587,,,2003-07-01,2023-09-25
1985-0007-IND,Yes,nat-bio-epi-vir,Natural,Biological,Epidemic,Viral disease,,,IND,India,Southern Asia,Asia,Western,,,No,No,No,,,Vaccinated,,,,1985,1,1,1985,1,1,55,,456,,456,,,,,,,34.2908695,,,2003-07-01,2023-09-25
1985-0037-IND,Yes,nat-bio-epi-bac,Natural,Biological,Epidemic,Bacterial disease,,,IND,India,Southern Asia,Asia,"Delhi, Haryana, Uttar Pradesh, Rajasthan, Sikkim, Gujarat, Jammu and Kashmir, West Bengal, Chandigarh, Kerala, Orissa",,,No,No,No,,,,,,,1985,3,,1985,3,,799,,6133,,6133,,,,,,,34.2908695,,,2005-06-06,2023-09-25
1985-0067-IND,Yes,nat-hyd-flo-flo,Natural,Hydrological,Flood,Flood (General),,,IND,India,Southern Asia,Asia,Punjab (Western),,,No,No,No,,117440,Km2,,,,1985,6,,1985,6,,133,,,25000,25000,,,,,,,34.2908695,,,2003-07-01,2023-09-25
1985-0068-IND,Yes,nat-hyd-flo-flo,Natural,Hydrological,Flood,Flood (General),,,IND,India,Southern Asia,Asia,"Uttar Pradesh, West Bengal, Punjab (North, North-West, East India)",,,No,No,No,,404,Km2,,,,1985,6,,1985,6,,741,,10200000,25000,10225000,,,,,500000,1458114,34.2908695,,,2003-07-01,2023-09-25
1985-0069-IND,Yes,nat-met-ext-hea,Natural,Meteorological,Extreme temperature,Heat wave,,,IND,India,Southern Asia,Asia,Bihar,,,No,No,No,,46,°C,,,,1985,6,6,1985,6,6,103,,,,,,,,,,,34.2908695,,,2003-07-01,2023-09-25
1985-0115-IND,Yes,nat-bio-epi-vir,Natural,Biological,Epidemic,Viral disease,,Encaphalitis,IND,India,Southern Asia,Asia,Eastern Uttar Pradesh,,,No,No,No,,,Vaccinated,,,,1985,10,,1985,10,,1000,,,,,,,,,,,34.2908695,,,2003-07-01,2023-09-25
1985-0121-IND,Yes,nat-met-sto-tro,Natural,Meteorological,Storm,Tropical cyclone,,,IND,India,Southern Asia,Asia,Andhra Pradesh,,,No,No,No,,,Kph,,,,1985,10,10,1985,10,10,78,,5000,,5000,,,,,,,34.2908695,,,2003-07-01,2023-09-25
1985-0131-IND,Yes,nat-hyd-flo-flo,Natural,Hydrological,Flood,Flood (General),,,IND,India,Southern Asia,Asia,Tamil Nadu,,,Yes,No,No,,,Km2,,,,1985,11,12,1985,11,12,130,,500000,400000,900000,,,,,,,34.2908695,,,2003-07-01,2023-09-25
1985-0141-IND,Yes,nat-met-ext-col,Natural,Meteorological,Extreme temperature,Cold wave,,,IND,India,Southern Asia,Asia,"Bihar, Uttar Pradesh, Jammu and Kashmir, Gujarat",,,No,No,No,,,°C,,,,1985,12,26,1985,12,26,225,,,,,,,,,144000,419937,34.2908695,,,2003-07-01,2023-09-25
1985-0317-IND,Yes,nat-hyd-flo-riv,Natural,Hydrological,Flood,Riverine flood,,,IND,India,Southern Asia,Asia,"Uttar Pradesh, Bihar",,,No,No,No,,90000,Km2,,,,1985,9,,1985,9,,557,,152000,,152000,,,,,308000,898198,34.2908695,,,2003-07-01,2023-09-25
1985-0343-IND,Yes,nat-hyd-flo-riv,Natural,Hydrological,Flood,Riverine flood,,,IND,India,Southern Asia,Asia,"Kerala, Assam, Bombay, Karnataka, Goa states",,,No,No,No,,254240,Km2,,,,1985,6,23,1985,6,23,95,,25000,,25000,,,,,,,34.2908695,,,2003-07-01,2023-09-25
1985-0380-IND,Yes,nat-met-sto-sto,Natural,Meteorological,Storm,Storm (General),,Orilla,IND,India,Southern Asia,Asia,,,,No,No,No,,,Kph,,,,1985,10,17,1985,10,17,100,,100000,,100000,,,,,,,34.2908695,,,2003-07-01,2023-09-25
1986-0019-IND,Yes,nat-bio-epi-bac,Natural,Biological,Epidemic,Bacterial disease,,,IND,India,Southern Asia,Asia,New Delhi,,,No,No,No,,,,,,,1986,1,1,1986,1,1,55,,600,,600,,,,,,,34.94173347,,,2003-07-01,2023-09-25
1986-0062-IND,Yes,nat-met-sto-tro,Natural,Meteorological,Storm,Tropical cyclone,,,IND,India,Southern Asia,Asia,Rajasthan state,,,No,No,No,,,Kph,,,,1986,5,16,1986,5,16,11,100,,,100,,,,,,,34.94173347,,,2003-07-01,2023-09-25
1986-0072-IND,Yes,nat-bio-epi-vir,Natural,Biological,Epidemic,Viral disease,,,IND,India,Southern Asia,Asia,South Bihar,,,No,No,No,,,Vaccinated,,,,1986,6,,1986,6,,210,,11000,,11000,,,,,,,34.94173347,,,2003-07-01,2023-09-25
1986-0084-IND,Yes,nat-met-sto-sto,Natural,Meteorological,Storm,Storm (General),,,IND,India,Southern Asia,Asia,Uttar Pradesh,,,No,No,No,,,Kph,,,,1986,7,31,1986,7,31,71,,,,,,,,,,,34.94173347,,,2003-07-01,2023-09-25
1986-0085-IND,Yes,nat-hyd-flo-riv,Natural,Hydrological,Flood,Riverine flood,,,IND,India,Southern Asia,Asia,Andhra Pradesh,,,Yes,No,No,,2400,Km2,,,,1986,8,,1986,8,,187,,245000,,245000,,,,,100000,286191,34.94173347,,,2003-07-01,2023-09-25
1986-0116-IND,Yes,nat-met-sto-tro,Natural,Meteorological,Storm,Tropical cyclone,,,IND,India,Southern Asia,Asia,"Calcutta, Midnapore district (West bengal)",,,No,No,No,,,Kph,,,,1986,9,25,1986,9,25,13,,3100000,200000,3300000,,,,,272943,781138,34.94173347,,,2003-07-01,2023-09-25
1986-0134-IND,Yes,nat-hyd-mmw-ava,Natural,Hydrological,Mass movement (wet),Avalanche (wet),,,IND,India,Southern Asia,Asia,Jammu and Kashmir State,,,No,No,No,,,,,,,1986,11,16,1986,11,16,65,,200,,200,,,,,,,34.94173347,,,2003-07-01,2023-09-25
1986-0239-IND,Yes,nat-hyd-flo-flo,Natural,Hydrological,Flood,Flood (General),,,IND,India,Southern Asia,Asia,,,,No,No,No,,,Km2,,,,1986,10,10,1986,10,10,50,,,,,,,,,276100,790173,34.94173347,,,2008-04-04,2023-09-25
1986-0256-IND,Yes,nat-met-sto-bli,Natural,Meteorological,Storm,Blizzard/Winter storm,,,IND,India,Southern Asia,Asia,Cashmire,,,No,No,No,,,Kph,,,,1986,11,16,1986,11,16,65,,,,,,,,,,,34.94173347,,,2003-07-01,2023-09-25
1986-0294-IND,Yes,nat-hyd-mmw-lan,Natural,Hydrological,Mass movement (wet),Landslide (wet),,,IND,India,Southern Asia,Asia,"Uttar Pradesh, Himachal Pradesh",,,No,No,No,,,,,,,1986,7,,1986,7,,88,,,2500000,2500000,,,,,,,34.94173347,,,2003-07-01,2023-09-25
1986-0372-IND,Yes,nat-geo-ear-gro,Natural,Geophysical,Earthquake,Ground movement,,,IND,India,Southern Asia,Asia,Dharmsala,,,No,No,No,,5.3,Moment Magnitude,32.128,76.374,,1986,4,26,1986,4,26,6,30,,,30,,,,,5000,14310,34.94173347,,,2004-03-31,2023-09-25
1986-0385-IND,Yes,nat-hyd-flo-flo,Natural,Hydrological,Flood,Flood (General),,,IND,India,Southern Asia,Asia,,,,No,No,No,,,Km2,,,,1986,,,1986,,,14,,,150000,150000,,,,,,,34.94173347,,,2003-07-01,2023-09-25
1986-0386-IND,Yes,nat-met-sto-sto,Natural,Meteorological,Storm,Storm (General),,,IND,India,Southern Asia,Asia,,,,No,No,No,,,Kph,,,,1986,,,1986,,,230,,,,,,,,,,,34.94173347,,,2003-07-01,2023-09-25
1987-0104-IND,Yes,nat-met-ext-hea,Natural,Meteorological,Extreme temperature,Heat wave,,,IND,India,Southern Asia,Asia,Rajasthan,,,No,No,No,,,°C,,,,1987,6,,1987,6,,100,,,,,,,,,,,36.22219183,,,2003-07-01,2023-09-25
1987-0137-IND,Yes,nat-hyd-flo-riv,Natural,Hydrological,Flood,Riverine flood,,,IND,India,Southern Asia,Asia,"Assam, Bihar, West Bengal",,,No,No,No,,40000,Km2,,,,1987,8,,1987,8,,1200,,18000000,,18000000,,,,,545000,1504602,36.22219183,,,2003-07-01,2023-09-25
1987-0206-IND,Yes,nat-met-sto-tro,Natural,Meteorological,Storm,Tropical cyclone,,,IND,India,Southern Asia,Asia,"Andhra Pradesh, Tami Nadu",,,No,No,No,,800,Kph,,,,1987,11,2,1987,11,2,38,,50000,,50000,,,,,,,36.22219183,,,2003-07-01,2023-09-25
1987-0280-IND,Yes,nat-met-sto-tro,Natural,Meteorological,Storm,Tropical cyclone,,,IND,India,Southern Asia,Asia,"Guntur, Prakasam district (Andhra Pradesh)",,,No,No,No,,,Kph,,,,1987,11,14,1987,11,14,25,,30000,,30000,,,,,,,36.22219183,,,2003-07-01,2023-09-25
1987-0341-IND,Yes,nat-met-sto-sto,Natural,Meteorological,Storm,Storm (General),,,IND,India,Southern Asia,Asia,"Bihar, Uttar Pradesh",,,No,No,No,,,Kph,,,,1987,5,,1987,5,,63,,,,,,,,,,,36.22219183,,,2003-07-01,2023-09-25
1987-0360-IND,Yes,nat-met-sto-sto,Natural,Meteorological,Storm,Storm (General),,,IND,India,Southern Asia,Asia,Bihar,,,No,No,No,,,Kph,,,,1987,10,18,1987,10,18,40,,,,,,,,,,,36.22219183,,,2003-07-01,2023-09-25
1987-0386-IND,Yes,nat-hyd-flo-flo,Natural,Hydrological,Flood,Flood (General),,,IND,India,Southern Asia,Asia,Cachemire,,,No,No,No,,,Km2,,,,1987,5,,1987,5,,25,,,,,,,,,,,36.22219183,,,2003-07-01,2023-09-25
1987-0394-IND,Yes,nat-hyd-flo-flo,Natural,Hydrological,Flood,Flood (General),,,IND,India,Southern Asia,Asia,Andhra Pradesh,,,No,No,No,,,Km2,,,,1987,7,9,1987,7,9,30,,,,,,,,,,,36.22219183,,,2003-07-01,2023-09-25
1987-0410-IND,Yes,nat-hyd-flo-flo,Natural,Hydrological,Flood,Flood (General),,,IND,India,Southern Asia,Asia,Uttar Pradesh,,,No,No,No,,3000,Km2,,,,1987,9,18,1987,9,18,59,,300000,,300000,,,,,,,36.22219183,,,2003-07-01,2023-09-25
1987-0570-IND,Yes,nat-bio-epi-vir,Natural,Biological,Epidemic,Viral disease,,,IND,India,Southern Asia,Asia,Kashmir,,,No,No,No,,,Vaccinated,,,,1987,1,19,1987,1,19,90,,,,,,,,,,,36.22219183,,,2003-07-01,2023-09-25
1987-9024-IND,Yes,nat-cli-dro-dro,Natural,Climatological,Drought,Drought,,,IND,India,Southern Asia,Asia,"Gujarat, Rajasthan, Orissa, Madhya Pradesh, Andhra Pradesh, Maharashtra",,,No,No,No,,,Km2,,,,1987,5,,1987,8,,300,,300000000,,300000000,,,,,,,36.22219183,,,2006-10-26,2025-03-12
1988-0125-IND,Yes,nat-hyd-mmw-ava,Natural,Hydrological,Mass movement (wet),Avalanche (wet),,,IND,India,Southern Asia,Asia,"Jammu and Kashmir, Ladakh",,,No,No,No,,,,,,,1988,3,15,1988,3,15,250,,,,,,,,,,,37.69923694,,,2003-07-01,2023-09-25
1988-0183-IND,Yes,nat-met-ext-hea,Natural,Meteorological,Extreme temperature,Heat wave,,,IND,India,Southern Asia,Asia,"Northern, Western, Central India",,,No,No,No,,,°C,,,,1988,5,,1988,5,,418,200,,,200,,,,,,,37.69923694,,,2003-07-01,2023-09-25
1988-0190-IND,Yes,nat-met-ext-hea,Natural,Meteorological,Extreme temperature,Heat wave,,,IND,India,Southern Asia,Asia,Rajasthan,,,No,No,No,,,°C,,,,1988,5,,1988,5,,32,,,,,,,,,,,37.69923694,,,2003-07-01,2023-09-25
1988-0238-IND,Yes,nat-bio-epi-bac,Natural,Biological,Epidemic,Bacterial disease,,Cholera,IND,India,Southern Asia,Asia,Delhi,,,No,No,No,,,,,,,1988,6,,1988,6,,466,,,,,,,,,,,37.69923694,,,2003-07-01,2023-09-25
1988-0244-IND,Yes,nat-hyd-flo-riv,Natural,Hydrological,Flood,Riverine flood,,,IND,India,Southern Asia,Asia,"Bihar, West Bengal, Assam",,,Yes,No,No,,,Km2,,,,1988,6,,1988,6,,250,,16500000,,16500000,,,,,929200,2464771,37.69923694,,,2003-07-01,2023-09-25
1988-0293-IND,Yes,nat-hyd-mmw-lan,Natural,Hydrological,Mass movement (wet),Landslide (wet),,,IND,India,Southern Asia,Asia,"Uttar Pradesh, Haryana, Himachal Pradesh, Pendjab states",,,No,No,No,,,,,,,1988,7,,1988,7,,255,,,,,,,,,,,37.69923694,,,2003-07-01,2023-09-25
1988-0297-IND,Yes,nat-bio-epi-bac,Natural,Biological,Epidemic,Bacterial disease,,Cholera,IND,India,Southern Asia,Asia,Gujarat state,,,No,No,No,,,,,,,1988,7,,1988,7,,445,,,,,,,,,,,37.69923694,,,2003-07-01,2023-09-25
1988-0382-IND,Yes,nat-geo-ear-gro,Natural,Geophysical,Earthquake,Ground movement,,,IND,India,Southern Asia,Asia,"Dharbhanga, Madhubani, Saharsa, Munger, Khagana, Bihar Sharie (Bihar State)",,,Yes,No,No,,6.9,Moment Magnitude,26.755,86.616,,1988,8,21,1988,8,21,382,3766,20000000,,20003766,,,,,71500,189659,37.69923694,,,2003-12-19,2023-09-25
1988-0438-IND,Yes,nat-hyd-flo-riv,Natural,Hydrological,Flood,Riverine flood,,,IND,India,Southern Asia,Asia,"Punjab, Himachal Pradesh, Haryana, Jamuu and Kashmir, Delhi",,,No,No,No,,,Km2,,,,1988,9,22,1988,10,9,1000,,221000,,221000,,,,,18000,47746,37.69923694,,,2005-12-15,2023-09-25
1988-0496-IND,Yes,nat-bio-epi-vir,Natural,Biological,Epidemic,Viral disease,,Encaphalitis,IND,India,Southern Asia,Asia,Along Nepal/Uttar Pradesh border,,,No,No,No,,,Vaccinated,,,,1988,11,,1988,11,,3000,,,,,,,,,,,37.69923694,,,2003-07-01,2023-09-25
1988-0519-IND,Yes,nat-met-sto-tro,Natural,Meteorological,Storm,Tropical cyclone,,04B,IND,India,Southern Asia,Asia,West Bengal,,,No,No,No,,,Kph,,,,1988,11,29,1988,11,29,74,,1900000,,1900000,,,,,13000,34483,37.69923694,,,2003-07-01,2023-09-25
1988-0703-IND,Yes,nat-hyd-flo-flo,Natural,Hydrological,Flood,Flood (General),,,IND,India,Southern Asia,Asia,"Uttar Pradesh, Assam, Bihar, West Bengal, Arunachal Pradesh",,,No,No,No,,,Km2,,,,1988,8,,1988,8,,850,,5600000,,5600000,,,,,,,37.69923694,,,2003-07-01,2023-09-25
1989-0091-IND,Yes,nat-hyd-flo-riv,Natural,Hydrological,Flood,Riverine flood,,,IND,India,Southern Asia,Asia,"Maharashtra, Andhra Pradesh, Gujarat",Monsoon rain,"Slide (land, mud, snow, rock)",No,No,No,,,Km2,,,,1989,7,28,1989,7,28,1591,,,,,,,,,,,39.51898281,,,2005-04-20,2023-09-25
1989-0158-IND,Yes,nat-met-sto-tro,Natural,Meteorological,Storm,Tropical cyclone,,,IND,India,Southern Asia,Asia,"Coastal Orissa, West Bengal",,,No,No,No,,,Kph,,,,1989,5,26,1989,5,26,43,,3700000,,3700000,,,,,,,39.51898281,,,2003-07-01,2023-09-25
1989-0234-IND,Yes,nat-met-sto-tro,Natural,Meteorological,Storm,Tropical cyclone,,,IND,India,Southern Asia,Asia,Southern India,,,No,No,No,,,Kph,,,,1989,11,9,1989,11,9,50,,,,,,,,,,,39.51898281,,,2003-07-01,2023-09-25
1989-0235-IND,Yes,nat-met-ext-col,Natural,Meteorological,Extreme temperature,Cold wave,,,IND,India,Southern Asia,Asia,Bihar,,,No,No,No,,,°C,,,,1989,12,,1989,12,,109,,,,,,,,,,,39.51898281,,,2003-07-01,2023-09-25
1989-0260-IND,Yes,nat-hyd-flo-riv,Natural,Hydrological,Flood,Riverine flood,,,IND,India,Southern Asia,Asia,"Assam, Arunachal Pradesh, Manipur, Mizorem",,,No,No,No,,,Km2,,,,1989,8,,1989,8,,18,,,2000,2000,,,,,,,39.51898281,,,2003-07-01,2023-09-25
1989-0365-IND,Yes,nat-hyd-mmw-lan,Natural,Hydrological,Mass movement (wet),Landslide (wet),,,IND,India,Southern Asia,Asia,,,,No,No,No,,,,,,,1989,6,7,1989,6,7,41,,,,,,,,,,,39.51898281,,,2003-07-01,2023-09-25
1989-0368-IND,Yes,nat-geo-mmd-lan,Natural,Geophysical,Mass movement (dry),Landslide (dry),,,IND,India,Southern Asia,Asia,North India,,,No,No,No,,,,,,,1989,8,5,1989,8,5,45,,,,,,,,,,,39.51898281,,,2003-07-01,2023-09-25
1989-0427-IND,Yes,nat-met-ext-col,Natural,Meteorological,Extreme temperature,Cold wave,,,IND,India,Southern Asia,Asia,,,,No,No,No,,,°C,,,,1989,1,,1989,1,,18,,,,,,,,,,,39.51898281,,,2003-07-01,2023-09-25
1989-0591-IND,Yes,nat-bio-epi-vir,Natural,Biological,Epidemic,Viral disease,,Dengue,IND,India,Southern Asia,Asia,,,,No,No,No,,,Vaccinated,,,,1989,,,1989,,,200,,,,,,,,,,,39.51898281,,,2003-07-01,2023-09-25
1990-0019-IND,Yes,nat-met-sto-tro,Natural,Meteorological,Storm,Tropical cyclone,,02B,IND,India,Southern Asia,Asia,"Guntur, Krishna, East and West Godavari, Visakhapatnam districts (Andhra Pradesh)",,,Yes,No,No,,,Kph,,,,1990,5,9,1990,5,9,957,,2600000,,2600000,,,,,580000,1392484,41.65219605,,,2006-04-24,2023-09-25
1990-0103-IND,Yes,nat-hyd-flo-fla,Natural,Hydrological,Flood,Flash flood,,,IND,India,Southern Asia,Asia,"Jammu, Kargil district (Kashmir)",Brief torrential rain,,No,No,No,,,Km2,,,Ballol canal,1990,3,21,1990,3,22,69,,,,,,,,,,,41.65219605,,,2005-12-21,2023-09-25
1990-0396-IND,Yes,nat-met-sto-sev,Natural,Meteorological,Storm,Severe weather,,,IND,India,Southern Asia,Asia,Golfe du Bengale,,,No,No,No,,,Kph,,,,1990,8,20,1990,8,20,500,,,,,,,,,,,41.65219605,,,2003-07-01,2023-09-25
1990-0397-IND,Yes,nat-met-sto-sev,Natural,Meteorological,Storm,Severe weather,,,IND,India,Southern Asia,Asia,Gujarat,,,No,No,No,,,Kph,,,,1990,8,25,1990,8,25,120,,,,,,,,,2200000,5281834,41.65219605,,,2003-07-01,2023-09-25
1990-0406-IND,Yes,nat-hyd-mmw-lan,Natural,Hydrological,Mass movement (wet),Landslide (wet),,,IND,India,Southern Asia,Asia,Sikkim,,,No,No,No,,,,,,,1990,9,16,1990,9,16,30,,,,,,,,,,,41.65219605,,,2003-07-01,2023-09-25
1990-0414-IND,Yes,nat-hyd-flo-riv,Natural,Hydrological,Flood,Riverine flood,,,IND,India,Southern Asia,Asia,Tami Nadu state,Monsoonal rain,"Slide (land, mud, snow, rock)",No,No,No,,,Km2,,,,1990,10,24,1990,10,28,60,,,,,,,,,,,41.65219605,,,2005-12-01,2023-09-25
1990-0423-IND,Yes,nat-met-ext-col,Natural,Meteorological,Extreme temperature,Cold wave,,,IND,India,Southern Asia,Asia,"North, West",,,No,No,No,,,°C,,,,1990,12,29,1990,12,29,86,,,,,,,,,,,41.65219605,,,2003-07-01,2023-09-25
1990-0580-IND,Yes,nat-met-sto-tro,Natural,Meteorological,Storm,Tropical cyclone,,,IND,India,Southern Asia,Asia,Ganjam district (Orissa),,,No,No,No,,,Kph,,,,1990,11,,1990,11,,250,,1500000,,1500000,,,,,112800,270814,41.65219605,,,2007-08-08,2023-09-25
1990-0589-IND,Yes,nat-hyd-flo-flo,Natural,Hydrological,Flood,Flood (General),,,IND,India,Southern Asia,Asia,,,,No,No,No,,,Km2,,,,1990,8,,1990,8,,74,,,2000,2000,,,,,,,41.65219605,,,2003-07-01,2023-09-25
1990-0590-IND,Yes,nat-bio-epi-dis,Natural,Biological,Epidemic,Infectious disease (General),,Gastroenteritis,IND,India,Southern Asia,Asia,Bihar,,,No,No,No,,,Vaccinated,,,,1990,8,,1990,8,,90,,18000,,18000,,,,,,,41.65219605,,,2003-07-01,2023-09-25
1990-0626-IND,Yes,nat-bio-epi-par,Natural,Biological,Epidemic,Parasitic disease,,,IND,India,Southern Asia,Asia,Gujarat,,,No,No,No,,,Vaccinated,,,,1990,9,,1990,9,,58,,,,,,,,,,,41.65219605,,,2003-07-01,2023-09-25
1990-0630-IND,Yes,nat-met-sto-sto,Natural,Meteorological,Storm,Storm (General),,,IND,India,Southern Asia,Asia,"Meghalaya, Manipur, Tinsukia",,,No,No,No,,,Kph,,,,1990,4,20,1990,4,20,16,,,,,,,,,,,41.65219605,,,2003-07-01,2023-09-25
1990-0632-IND,Yes,nat-met-ext-col,Natural,Meteorological,Extreme temperature,Cold wave,,,IND,India,Southern Asia,Asia,"Haryana, Punjab, Jammu, Himachal Pradesh, Rajasthan states",,,No,No,No,,,°C,,,,1990,1,,1990,1,,178,,,,,,,,,,,41.65219605,,,2003-07-01,2023-09-25
1990-0714-IND,Yes,nat-hyd-flo-riv,Natural,Hydrological,Flood,Riverine flood,,,IND,India,Southern Asia,Asia,Bombay (Assam state),Heavy rain,,No,No,No,,17800,Km2,,,,1990,6,13,1990,6,18,21,,,,,,,,,,,41.65219605,,,2005-12-21,2023-09-25
1991-0189-IND,Yes,nat-hyd-flo-coa,Natural,Hydrological,Flood,Coastal flood,,,IND,India,Southern Asia,Asia,"Assam, Meghalaya states",Tropical cyclone,,No,No,No,,,Km2,,,Brahmaputra,1991,7,13,1991,7,19,59,,2000000,300000,2300000,,,,,,,43.41615747,,,2005-11-25,2023-09-25
1991-0278-IND,Yes,nat-hyd-flo-riv,Natural,Hydrological,Flood,Riverine flood,,,IND,India,Southern Asia,Asia,"Bombay, Kerala, Gujarat",Heavy rain,,No,No,No,,491400,Km2,,,,1991,6,10,1991,6,12,72,,300000,,300000,,,48000,110558,100000,230329,43.41615747,,,2007-08-08,2023-09-25
1991-0338-IND,Yes,nat-hyd-flo-coa,Natural,Hydrological,Flood,Coastal flood,,,IND,India,Southern Asia,Asia,"Assam, Tripura, Arunachal, Mizorem",Tropical cyclone,,No,No,No,,,Km2,,,Ghagra,1991,5,7,1991,5,8,30,,2000000,,2000000,,,,,,,43.41615747,,,2005-11-25,2023-09-25
1991-0368-IND,Yes,nat-geo-ear-gro,Natural,Geophysical,Earthquake,Ground movement,,,IND,India,Southern Asia,Asia,"Harsil (near Gangotri, Uttarkashi's Bhagirathi valley, Uttar Pradesh)",,"Slide (land, mud, snow, rock)",Yes,No,No,,6.1,Moment Magnitude,30.78,78.774,,1991,10,20,1991,10,20,1500,1383,53000,,54383,,,,,60000,138197,43.41615747,,,2004-03-29,2023-09-25
1991-0374-IND,Yes,nat-met-sto-tro,Natural,Meteorological,Storm,Tropical cyclone,,4B,IND,India,Southern Asia,Asia,"Andhra Pradesh, Tamil Nadu, Pondicherry",,Flood,No,No,No,,,Kph,,,,1991,11,12,1991,11,19,125,,25000,,25000,,,,,,,43.41615747,,,2006-01-08,2023-09-25
1991-0431-IND,Yes,nat-hyd-flo-riv,Natural,Hydrological,Flood,Riverine flood,,,IND,India,Southern Asia,Asia,Near Thondebhavi (Karnataka),Monsoonal rain,"Slide (land, mud, snow, rock)|Transport accident",No,No,No,,,Km2,,,,1991,10,30,1991,10,30,60,,,,,,,,,,,43.41615747,,,2006-01-08,2023-09-25
1991-0509-IND,Yes,nat-hyd-flo-riv,Natural,Hydrological,Flood,Riverine flood,,,IND,India,Southern Asia,Asia,Kerala state,Monsoon rains,,No,No,No,,,Km2,,,,1991,6,1,1991,7,9,99,,,,,,,,,118000,271788,43.41615747,,,2006-01-07,2023-09-25
1991-0527-IND,Yes,nat-hyd-flo-riv,Natural,Hydrological,Flood,Riverine flood,,,IND,India,Southern Asia,Asia,"Andhra Pradesh, Maharashtra, Orissa, Gujarat, Madhya Pradesh",,Broken Dam/Burst bank,No,No,No,,,Km2,,,,1991,7,30,1991,7,30,524,,,100000,100000,,,,,,,43.41615747,,,2006-01-08,2023-09-25
1991-0532-IND,Yes,nat-hyd-flo-riv,Natural,Hydrological,Flood,Riverine flood,,,IND,India,Southern Asia,Asia,"Haryana, Uttar Pradesh, Himachal Pradesh, Bihar states",Monsoonal rain,"Slide (land, mud, snow, rock)",No,No,No,,,Km2,,,,1991,8,15,1991,8,29,88,,,,,,,,,,,43.41615747,,,2006-01-08,2023-09-25
1991-0691-IND,Yes,nat-bio-epi-bac,Natural,Biological,Epidemic,Bacterial disease,,Cholera,IND,India,Southern Asia,Asia,"Nagaon, Morigon districts (Assam)",,,No,No,No,,,,,,,1991,10,,1991,10,,185,,,,,,,,,,,43.41615747,,,2003-07-01,2023-09-25
1991-0766-IND,Yes,nat-hyd-flo-riv,Natural,Hydrological,Flood,Riverine flood,,,IND,India,Southern Asia,Asia,West Bengal state,Monsoonal rain,,No,No,No,,91960,Km2,,,,1991,9,14,1991,9,15,84,,4000000,,4000000,,,,,40000,92132,43.41615747,,,2006-07-18,2023-09-25
1992-0083-IND,Yes,nat-hyd-flo-riv,Natural,Hydrological,Flood,Riverine flood,,,IND,India,Southern Asia,Asia,"Uttar Pradesh, Jammu, Madhya Pradesh",Monsoonal rain,"Slide (land, mud, snow, rock)",No,No,No,,,Km2,,,,1992,9,8,1992,9,30,500,,70000,,70000,,,,,57850,129328,44.73115338,,,2005-11-21,2023-09-25
1992-0097-IND,Yes,nat-met-sto-tro,Natural,Meteorological,Storm,Tropical cyclone,,,IND,India,Southern Asia,Asia,Naogoan district (Assam state),,,No,No,No,,140,Kph,,,,1992,4,22,1992,4,22,25,100,,,100,,,,,,,44.73115338,,,2006-01-06,2023-09-25
1992-0147-IND,Yes,nat-hyd-flo-riv,Natural,Hydrological,Flood,Riverine flood,,,IND,India,Southern Asia,Asia,"Vamanapuram, Amravilla (Trivadrum district, Kerala state)",,,No,No,No,,,Km2,,,,1992,10,8,1992,10,8,51,,500,,500,,,,,182100,407099,44.73115338,,,2003-07-01,2023-09-25
1992-0211-IND,Yes,nat-met-sto-sev,Natural,Meteorological,Storm,Severe weather,,,IND,India,Southern Asia,Asia,"Kerala, Gujarat, Orissa states",,"Flood|Slide (land, mud, snow, rock)",No,No,No,,,Kph,,,,1992,6,17,1992,6,24,60,,,,,,,,,,,44.73115338,,,2006-01-06,2023-09-25
1992-0332-IND,Yes,nat-hyd-mmw-lan,Natural,Hydrological,Mass movement (wet),Landslide (wet),,,IND,India,Southern Asia,Asia,Aizawl (Mizoram state),,,No,No,No,,,,,,,1992,8,9,1992,8,9,60,,,,,,,,,,,44.73115338,,,2003-07-01,2023-09-25
1992-0333-IND,Yes,nat-hyd-flo-riv,Natural,Hydrological,Flood,Riverine flood,,,IND,India,Southern Asia,Asia,Orissa state,monsoonal rain,,No,No,No,,,Km2,,,Mahanadi,1992,7,26,1992,7,31,16,,3000000,,3000000,,,,,,,44.73115338,,,2005-11-25,2023-09-25
1992-0483-IND,Yes,nat-hyd-flo-flo,Natural,Hydrological,Flood,Flood (General),,,IND,India,Southern Asia,Asia,"Tamil Nadu, Kerala, Karnataka, Andhra Pradesh states",,,Yes,No,No,,,Km2,,,,1992,11,10,1992,11,10,179,,,500,500,,,,,69000,154255,44.73115338,,,2007-08-08,2023-09-25
1992-0500-IND,Yes,nat-met-ext-col,Natural,Meteorological,Extreme temperature,Cold wave,,,IND,India,Southern Asia,Asia,Bihar state,,,No,No,No,,,°C,,,,1992,1,,1992,1,,275,,,,,,,,,,,44.73115338,,,2003-07-01,2023-09-25
1993-0042-IND,Yes,nat-hyd-flo-flo,Natural,Hydrological,Flood,Flood (General),,,IND,India,Southern Asia,Asia,"Punjab, Haryana, Himachal Pradesh, Gujarat, Jammu and Kashmir, Rajasthan, Madhya Pradesh, Chandigarh, Assam states",,,Yes,No,No,964,80937,Km2,,,,1993,7,8,1993,7,31,827,,128000000,,128000000,,,,,7000000,15200386,46.05146103,,,2007-08-13,2023-09-25
1993-0074-IND,Yes,nat-geo-ear-gro,Natural,Geophysical,Earthquake,Ground movement,,,IND,India,Southern Asia,Asia,"Killari, Haegoan, Sostour, Holi (Latur and Osmanabad districts, Maharastra state)",,,Yes,No,No,16452,6.4,Moment Magnitude,16.4,74.2,,1993,9,29,1993,9,29,9748,30000,,,30000,,,,,280000,608015,46.05146103,,,2004-03-26,2023-09-25
1993-0085-IND,Yes,nat-met-sto-tro,Natural,Meteorological,Storm,Tropical cyclone,,,IND,India,Southern Asia,Asia,"Tamil Nadu, Karaikal region (Pondicherry)",,,No,No,No,,120,Kph,,,,1993,12,4,1993,12,4,61,,12000,60000,72000,,,,,100000,217148,46.05146103,,,2003-07-01,2023-09-25
1993-0138-IND,Yes,nat-met-sto-tro,Natural,Meteorological,Storm,Tropical cyclone,,,IND,India,Southern Asia,Asia,"Near Kandi (Murshidabad district, West Bengal)",,,No,No,No,,200,Kph,,,,1993,4,9,1993,4,9,125,500,,,500,,,,,,,46.05146103,,,2003-07-01,2023-09-25
1993-0208-IND,Yes,nat-hyd-mmw-lan,Natural,Hydrological,Mass movement (wet),Landslide (wet),,,IND,India,Southern Asia,Asia,Bombay,,,No,No,No,,,,,,,1993,9,23,1993,9,23,20,25,,,25,,,,,,,46.05146103,,,2003-07-01,2023-09-25
1993-0218-IND,Yes,nat-hyd-flo-fla,Natural,Hydrological,Flood,Flash flood,,,IND,India,Southern Asia,Asia,Karnataka state,Brief torrential rain,,No,No,No,,,Km2,,,,1993,10,11,1993,10,21,35,,,10000,10000,,,,,,,46.05146103,,,2005-11-18,2023-09-25
1993-0325-IND,Yes,nat-hyd-flo-riv,Natural,Hydrological,Flood,Riverine flood,,,IND,India,Southern Asia,Asia,Uttar Pradesh,Heavy rain,,No,No,No,,,Km2,,,,1993,9,9,1993,9,17,227,,3000,,3000,,,,,500000,1085742,46.05146103,,,2007-08-17,2024-08-29
1993-0326-IND,Yes,nat-hyd-flo-riv,Natural,Hydrological,Flood,Riverine flood,,,IND,India,Southern Asia,Asia,"Tripura, Karamganj (Assam)",,,No,No,No,,,Km2,,,,1993,5,,1993,5,,,,,50000,50000,,,,,,,46.05146103,,,2003-07-01,2023-09-25
1993-0569-IND,Yes,nat-bio-inf-loc,Natural,Biological,Infestation,Locust infestation,,,IND,India,Southern Asia,Asia,"Gujarat, Rajasthan states",,,Yes,No,No,,,,,,,1993,9,,1993,9,,,,,,,,,,,,,46.05146103,,,2003-07-01,2023-09-25
1993-0570-IND,Yes,nat-hyd-flo-riv,Natural,Hydrological,Flood,Riverine flood,,,IND,India,Southern Asia,Asia,Himachal Pradesh,,,No,No,No,,,Km2,,,,1993,7,,1993,7,,175,,,,,,,,,,,46.05146103,,,2003-07-01,2023-09-25
1993-0581-IND,Yes,nat-geo-ear-gro,Natural,Geophysical,Earthquake,Ground movement,,,IND,India,Southern Asia,Asia,Latur area,,,No,No,No,,4.6,Moment Magnitude,18.12,76.533,,1993,11,12,1993,11,12,,25,500,,525,,,,,,,46.05146103,,,2004-03-26,2023-09-25
1993-9472-IND,Yes,nat-cli-dro-dro,Natural,Climatological,Drought,Drought,,,IND,India,Southern Asia,Asia,"Bihar, Orissa, Andhra Pradesh, Maharashtra, Gujarat, Madhya Prasdesh, Uttar Pradesh, Karnataka",,,No,No,No,,,Km2,,,,1993,3,,1993,10,,,,1175000,,1175000,,,,,,,46.05146103,,,2007-12-06,2023-09-25
1994-0068-IND,Yes,nat-hyd-flo-flo,Natural,Hydrological,Flood,Flood (General),,,IND,India,Southern Asia,Asia,"Assam, Arunachal Pradesh, Jammu and Kashmir, Himachal, Punjab, Uttar Pradesh, Goa, Kerala, Gujarat states",,,No,No,No,211,,Km2,,,,1994,5,,1994,10,,2001,50,12000000,60000,12060050,,,,,175000,370353,47.25222839,,,2005-12-15,2023-09-25
1994-0219-IND,Yes,nat-bio-epi-bac,Natural,Biological,Epidemic,Bacterial disease,,Pneumonic,IND,India,Southern Asia,Asia,"Surat (Gujarat state), Beed (Maharashtra state)",,,No,No,No,,,,,,,1994,9,28,1994,9,28,53,,5150,,5150,,,,,,,47.25222839,,,2003-07-01,2023-09-25
1994-0352-IND,Yes,nat-met-sto-tro,Natural,Meteorological,Storm,Tropical cyclone,,,IND,India,Southern Asia,Asia,"Tamil Nadu, Andhra Pradesh, Karnataka states",,Flood,No,No,No,,125,Kph,,,,1994,10,31,1994,11,4,208,,428500,,428500,,,,,19100,40421,47.25222839,,,2006-07-13,2023-09-25
1994-0624-IND,Yes,nat-met-ext-hea,Natural,Meteorological,Extreme temperature,Heat wave,,,IND,India,Southern Asia,Asia,"New Delhi, Rajasthan, Madhya Pradesh",,,No,No,No,,49,°C,,,,1994,5,,1994,5,,161,,,,,,,,,,,47.25222839,,,2003-07-01,2023-09-25
1994-0762-IND,Yes,nat-met-sto-tor,Natural,Meteorological,Storm,Tornado,,,IND,India,Southern Asia,Asia,Mormugao,,,No,No,No,,,Kph,,,,1994,6,7,1994,6,7,11,100,,,100,,,,,,,47.25222839,,,2003-07-01,2023-09-25
1994-0763-IND,Yes,nat-hyd-flo-riv,Natural,Hydrological,Flood,Riverine flood,,,IND,India,Southern Asia,Asia,New Delhi,,,No,No,No,,,Km2,,,,1994,8,17,1994,8,17,14,50,,2500,2550,,,,,,,47.25222839,,,2003-07-01,2023-09-25
1995-0006-IND,Yes,nat-hyd-mmw-ava,Natural,Hydrological,Mass movement (wet),Avalanche (wet),,,IND,India,Southern Asia,Asia,Kashmir province,Snow storm and heavy winds,,No,No,No,,,,,,,1995,1,16,1995,1,16,200,250,5000,,5250,,,,,,,48.57784776,,,2010-02-16,2023-09-25
1995-0112-IND,Yes,nat-met-ext-hea,Natural,Meteorological,Extreme temperature,Heat wave,,,IND,India,Southern Asia,Asia,"Bihar, Punjab, Haryana and Jammu, Kashmir, Tamil Nadu, Maharashtra, Orissa, Uttar Pradesh, New Delhi, Rajasthan, Madhya Pradesh",,,No,No,No,,50,°C,,,,1995,5,8,1995,6,21,558,,,,,,,,,,,48.57784776,,,2005-12-15,2023-09-25
1995-0118-IND,Yes,nat-hyd-mmw-lan,Natural,Hydrological,Mass movement (wet),Landslide (wet),,,IND,India,Southern Asia,Asia,Mizoram State,,,No,No,No,,,,,,,1995,6,3,1995,6,3,40,,,14285,14285,,,,,4500,9263,48.57784776,,,2003-07-01,2023-09-25
1995-0202-IND,Yes,nat-hyd-mmw-lan,Natural,Hydrological,Mass movement (wet),Landslide (wet),,,IND,India,Southern Asia,Asia,Kulla (Himachal Pradesh),,,No,No,No,,,,,,,1995,9,12,1995,9,12,400,,,1100000,1100000,,,,,,,48.57784776,,,2003-07-01,2023-09-25
1995-0228-IND,Yes,nat-hyd-flo-riv,Natural,Hydrological,Flood,Riverine flood,,,IND,India,Southern Asia,Asia,"Bihar, Haryana, Punjab, Rajasthan, Himachal Pradesh, Jammu and Kasmir, Uttar Pradesh, West Bengal, Maharashtra states",Monsoonal rain,,Yes,No,No,427,762900,Km2,,,"Ganges, Yamuna",1995,9,1,1995,9,20,1479,,32704000,,32704000,,,,,258000,531106,48.57784776,,,2007-10-12,2023-09-25
1995-0275-IND,Yes,nat-met-sto-tro,Natural,Meteorological,Storm,Tropical cyclone,,,IND,India,Southern Asia,Asia,"Orissa, Andra Pradesh",,,No,No,No,,,Kph,,,,1995,11,10,1995,11,10,128,,,,,,,,,46300,95311,48.57784776,,,2003-07-01,2023-09-25
1995-0462-IND,Yes,nat-met-sto-tro,Natural,Meteorological,Storm,Tropical cyclone,,,IND,India,Southern Asia,Asia,Andhra Pradesh,,,No,No,No,,,Kph,,,,1995,10,20,1995,10,23,94,,12000,,12000,,,,,2000,4117,48.57784776,,,2006-07-11,2023-09-25
1995-0485-IND,Yes,nat-hyd-flo-riv,Natural,Hydrological,Flood,Riverine flood,,,IND,India,Southern Asia,Asia,Sikkim state,Monsoonal rain,"Slide (land, mud, snow, rock)",No,No,No,,6520,Km2,,,,1995,9,5,1995,9,8,35,,,,,,,,,252,519,48.57784776,,,2006-07-11,2023-09-25
1995-0491-IND,Yes,nat-hyd-flo-riv,Natural,Hydrological,Flood,Riverine flood,,,IND,India,Southern Asia,Asia,Andhra Pradesh,Heavy rain,,No,No,No,,,Km2,,,,1995,10,23,1995,10,23,,,,3000,3000,,,,,2000,4117,48.57784776,,,2006-07-12,2023-09-25
1996-0106-IND,Yes,nat-met-sto-tro,Natural,Meteorological,Storm,Tropical cyclone,,03,IND,India,Southern Asia,Asia,"Andhra Pradesh, Karnataka, Kerala, West Begal, Tamil Nadu, Gujarat, Maharashtra, Uttar Pradesh, Assam, Haryana, Jammu and Kashmir, Rajasthan, Arunachal, Bihar, Tripura states",,Flood,No,No,No,,,Kph,,,,1996,6,14,1996,6,16,731,,1842100,,1842100,,,,,,,50.00176806,,,2006-07-11,2023-09-25
1996-0180-IND,Yes,nat-met-sto-tro,Natural,Meteorological,Storm,Tropical cyclone,,,IND,India,Southern Asia,Asia,Oman Sea,,,No,No,No,,,Kph,,,,1996,7,2,1996,7,2,92,,,,,,,,,,,50.00176806,,,2003-07-01,2023-09-25
1996-0181-IND,Yes,nat-hyd-flo-flo,Natural,Hydrological,Flood,Flood (General),,,IND,India,Southern Asia,Asia,Jammu & Kashmir state,,,No,No,No,,29600,Km2,,,,1996,8,23,1996,8,23,226,,70000,,70000,,,,,,,50.00176806,,,2003-07-01,2023-09-25
1996-0183-IND,Yes,nat-hyd-flo-flo,Natural,Hydrological,Flood,Flood (General),,,IND,India,Southern Asia,Asia,Uttar Pradesh,,,No,No,No,,,Km2,,,,1996,7,11,1996,7,11,21,10,,,10,,,,,,,50.00176806,,,2007-05-06,2023-09-25
1996-0208-IND,Yes,nat-hyd-mmw-lan,Natural,Hydrological,Mass movement (wet),Landslide (wet),,,IND,India,Southern Asia,Asia,"Karnataka, Andhra Pradesh, Maharashtra",,,No,No,No,,,,,,,1996,9,30,1996,9,30,48,,,,,,,,,,,50.00176806,,,2003-07-01,2023-09-25
1996-0223-IND,Yes,nat-bio-epi-vir,Natural,Biological,Epidemic,Viral disease,,Dengue fever,IND,India,Southern Asia,Asia,New Delhi,,,No,No,No,,56000,Vaccinated,,,,1996,10,4,1996,11,28,354,,8423,,8423,,,,,,,50.00176806,,,2005-06-08,2023-09-25
1996-0245-IND,Yes,nat-hyd-flo-riv,Natural,Hydrological,Flood,Riverine flood,,,IND,India,Southern Asia,Asia,"Tamil Nadu, Andhra Pradesh, Kerala, Karnataka states",Heavy rains,,No,No,No,1123,177500,Km2,,,,1996,10,21,1996,10,25,388,,100000,,100000,,,,,90400,180794,50.00176806,,,2006-07-10,2023-09-25
1996-0256-IND,Yes,nat-met-sto-tro,Natural,Meteorological,Storm,Tropical cyclone,,07B,IND,India,Southern Asia,Asia,"East and West Godavari, Kakinada (Andhra Pradesh state)",,Flood,Yes,No,No,,,Kph,,,,1996,11,6,1996,11,8,708,,7000000,,7000000,,,,,1500300,3000494,50.00176806,,,2006-07-10,2023-09-25
1996-0298-IND,Yes,nat-met-sto-tro,Natural,Meteorological,Storm,Tropical cyclone,,,IND,India,Southern Asia,Asia,Andhra Pradesh,,,No,No,No,,180,Kph,,,,1996,12,4,1996,12,4,6,,335000,,335000,,,,,,,50.00176806,,,2003-07-01,2023-09-25
1996-0496-IND,Yes,nat-hyd-flo-riv,Natural,Hydrological,Flood,Riverine flood,,,IND,India,Southern Asia,Asia,"West Bengal, Arunachal Pradesh, Assam",Monsoonal rain,,No,No,No,,129000,Km2,,,Brahmaputra,1996,7,10,1996,7,24,82,,3000000,,3000000,,,,,85000,169994,50.00176806,,,2006-07-10,2023-09-25
1996-0501-IND,Yes,nat-hyd-flo-flo,Natural,Hydrological,Flood,Flood (General),,,IND,India,Southern Asia,Asia,"Bihar, Assam, Gujarat, Haryana, Kerala, Rajasthan, Uttar Pradesh",,,No,No,No,,,Km2,,,,1996,8,25,1996,9,1,500,,,100000,100000,,,,,17600,35199,50.00176806,,,2006-07-11,2023-09-25
1996-0503-IND,Yes,nat-hyd-flo-riv,Natural,Hydrological,Flood,Riverine flood,,,IND,India,Southern Asia,Asia,"Kishanganj, Darbhanga, Sitamarhi, Saharsa districts (Bihar state)",Heavy rains,,No,No,No,,171900,Km2,,,"Gandak, Kosi, Sone, Bagmati, Andhawara",1996,7,17,1996,8,10,74,,4000000,,4000000,,,,,980,1960,50.00176806,,,2009-02-03,2023-09-25
1996-9328-IND,Yes,nat-cli-dro-dro,Natural,Climatological,Drought,Drought,,,IND,India,Southern Asia,Asia,Rajasthan,,,No,No,No,,72000,Km2,,,,1996,3,,1996,4,,,,,,,,,,,542400,1084762,50.00176806,,,2008-04-02,2023-09-25
1997-0115-IND,Yes,nat-geo-ear-gro,Natural,Geophysical,Earthquake,Ground movement,,,IND,India,Southern Asia,Asia,Jabalpur (Madhya Pradesh),,,No,No,No,,6,Moment Magnitude,23.083,80.041,,1997,5,22,1997,5,22,43,1500,125000,30000,156500,,,,,37000,72307,51.17064996,,,2004-03-25,2023-09-25
1997-0124-IND,Yes,nat-hyd-mmw-lan,Natural,Hydrological,Mass movement (wet),Landslide (wet),,,IND,India,Southern Asia,Asia,Gangtok (city) Level 1 = Sikkim,,,No,No,No,,,,,,,1997,6,9,1997,6,9,28,30,,,30,,,,,,,51.17064996,,,2003-07-01,2023-09-25
1997-0165-IND,Yes,nat-hyd-mmw-lan,Natural,Hydrological,Mass movement (wet),Landslide (wet),,,IND,India,Southern Asia,Asia,Darjeeling Hills Level 1 = West Bengal,,,No,No,No,,,,,,,1997,8,6,1997,8,6,23,,,2000,2000,,,,,,,51.17064996,,,2003-07-01,2023-09-25
1997-0170-IND,Yes,nat-hyd-flo-riv,Natural,Hydrological,Flood,Riverine flood,,,IND,India,Southern Asia,Asia,"Chandigarh, Chirgaon, Himalayan state of Himachal Pradesh.",Monsoonal rain,,No,No,No,,,Km2,,,Sutlej and Andhara rivers,1997,8,8,1997,8,14,135,20,,,20,,,6200,12116,71000,138751,51.17064996,,,2005-10-28,2023-09-25
1997-0182-IND,Yes,nat-hyd-flo-coa,Natural,Hydrological,Flood,Coastal flood,,,IND,India,Southern Asia,Asia,Coastal districts of West Bengal (no better info),,,No,No,No,,3,Km2,,,,1997,8,22,1997,8,22,400,,,,,,,,,,,51.17064996,,,2003-07-01,2023-09-25
1997-0226-IND,Yes,nat-met-sto-tro,Natural,Meteorological,Storm,Tropical cyclone,,,IND,India,Southern Asia,Asia,Andhra Pradesh,,,No,No,No,,,Kph,,,,1997,8,22,1997,8,22,25,,,,,,,,,,,51.17064996,,,2003-07-01,2023-09-25
1997-0260-IND,Yes,nat-hyd-flo-flo,Natural,Hydrological,Flood,Flood (General),,,IND,India,Southern Asia,Asia,"Andhra Pradesh, Arunachal Pradesh, Assam, Bihar, Gujarat, Himachal Pradesh, Jammu and Kashmir, Karnataka, Kerala, Maharashtra, Madyha Pradesh, Orissa, Punjab, Rajasthan, Sikkim, Uttar Pradesh, West Bengal states",,,No,No,No,,21840,Km2,,,,1997,9,,1997,9,,1442,,29259000,,29259000,,,,,,,51.17064996,,,2003-07-01,2023-09-25
1997-0337-IND,Yes,nat-hyd-flo-riv,Natural,Hydrological,Flood,Riverine flood,,,IND,India,Southern Asia,Asia,"Mehsana, Gandhi Nagar, Ahmedabad, Kheda, Sabarkanda, Vadodra, Banaskanda, Surender Nagar districts (Gujarat state)",Monsoonal rain,,No,No,No,,,Km2,,,Sabarmati,1997,6,22,1997,6,28,111,,1000000,,1000000,,,,,153800,300563,51.17064996,,,2006-07-09,2023-09-25
1997-0348-IND,Yes,nat-hyd-flo-flo,Natural,Hydrological,Flood,Flood (General),,,IND,India,Southern Asia,Asia,West,,,No,No,No,,,Km2,,,,1997,8,,1997,8,,244,,,,,,,,,,,51.17064996,,,2003-07-01,2023-09-25
1997-0357-IND,Yes,nat-hyd-flo-riv,Natural,Hydrological,Flood,Riverine flood,,,IND,India,Southern Asia,Asia,Guntoor (Guntur) and Prakasham districts (Andhra Pradesh),Heavy rain,,No,No,No,,,Km2,,,,1997,9,19,1997,9,24,25,,,,,,,,,,,51.17064996,,,2005-10-28,2023-09-25
1997-0504-IND,Yes,nat-bio-epi-bac,Natural,Biological,Epidemic,Bacterial disease,,,IND,India,Southern Asia,Asia,"Valsad, Chikali and Gandevi (Valsad district) and Vyara and Mahuva taluks (Surat district)",,,No,No,No,,,,,,,1997,7,15,1997,9,11,48,,413,,413,,,,,,,51.17064996,,,2005-06-10,2023-09-25
1997-0509-IND,Yes,nat-bio-epi-vir,Natural,Biological,Epidemic,Viral disease,,Polio,IND,India,Southern Asia,Asia,Lucknow (city) Level 1 = Uttar Pradesh,,,No,No,No,,,Vaccinated,,,,1997,12,10,1997,12,10,,,210,,210,,,,,,,51.17064996,,,2003-07-01,2023-09-25
1997-0550-IND,Yes,nat-bio-epi-vir,Natural,Biological,Epidemic,Viral disease,,Japanese encephalities,IND,India,Southern Asia,Asia,Kahool,,,No,No,No,,,Vaccinated,,,,1997,,,1997,,,32,,267,,267,,,,,,,51.17064996,,,2005-06-15,2023-09-25
1998-0061-IND,Yes,nat-hyd-mmw-lan,Natural,Hydrological,Mass movement (wet),Landslide (wet),,,IND,India,Southern Asia,Asia,Himachal Pradesh,,,No,No,No,,,,,,,1998,3,5,1998,3,5,26,,,,,,,,,,,51.9649683,,,2003-07-01,2023-09-25
1998-0106-IND,Yes,nat-met-sto-tor,Natural,Meteorological,Storm,Tornado,,,IND,India,Southern Asia,Asia,"Tanton, Jaleshwar (Midnapore, West Bengal), Balasore district (Orissa)",,,Yes,No,No,,110,Kph,,,,1998,3,24,1998,3,24,250,2500,38000,,40500,,,,,10000,19244,51.9649683,,,2003-07-01,2023-09-25
1998-0178-IND,Yes,nat-hyd-mmw-lan,Natural,Hydrological,Mass movement (wet),Landslide (wet),,,IND,India,Southern Asia,Asia,Assam,,,No,No,No,,,,,,,1998,6,3,1998,6,3,48,150,,,150,,,,,,,51.9649683,,,2006-07-10,2023-09-25
1998-0183-IND,Yes,nat-met-sto-tro,Natural,Meteorological,Storm,Tropical cyclone,,03A,IND,India,Southern Asia,Asia,"Kutch, Porbandar, Jamnagar, Junagadh, Amreli, Bhavnagar, Banaskhanta, Surat, Bharuch, Rajkot, Valsad, Nasvari districts (Gujarat state), Barmer, Jallore districts (Rajasthan state), Ratnagiri district (Maharasthra)",,,Yes,No,No,98,145,Kph,,,,1998,6,9,1998,6,11,2871,893,4600000,,4600893,,,217000,417589,469000,902531,51.9649683,,,2006-07-09,2023-09-25
1998-0217-IND,Yes,nat-met-ext-hea,Natural,Meteorological,Extreme temperature,Heat wave,,,IND,India,Southern Asia,Asia,"Orissa, Andhra Pradesh, Rajasthan, Madhya Pradesh, Uttar Pradesh, Gujarat states",,,No,No,No,,49.8,°C,,,,1998,5,26,1998,5,26,2541,,,,,,,,,,,51.9649683,,,2003-07-01,2023-09-25
1998-0232-IND,Yes,nat-bio-epi-bac,Natural,Biological,Epidemic,Bacterial disease,,Cholera,IND,India,Southern Asia,Asia,"Assam, Adilabad, Karimnaga - Level 1 = Andhra Pradesh, West Bangal",,,No,No,No,,,,,,,1998,7,,1998,7,,679,,14632,,14632,,,,,,,51.9649683,,,2003-07-01,2023-09-25
1998-0253-IND,Yes,nat-hyd-mmw-lan,Natural,Hydrological,Mass movement (wet),Landslide (wet),,,IND,India,Southern Asia,Asia,"Malpa village (Pithoragrah district, Uttar Pradesh state)",,,No,No,No,,,,,,,1998,8,17,1998,8,17,239,,200000,,200000,,,,,,,51.9649683,,,2003-07-01,2023-09-25
1998-0262-IND,Yes,nat-hyd-mmw-lan,Natural,Hydrological,Mass movement (wet),Landslide (wet),,,IND,India,Southern Asia,Asia,Mansuna village (Uttar Pradesh state),,,No,No,No,,,,,,,1998,8,19,1998,8,19,37,,,,,,,,,,,51.9649683,,,2003-07-01,2023-09-25
1998-0313-IND,Yes,nat-met-sto-tro,Natural,Meteorological,Storm,Tropical cyclone,,,IND,India,Southern Asia,Asia,Bombay (city) Level 1 = Maharashtra,,,No,No,No,,,Kph,,,,1998,10,18,1998,10,18,250,,,,,,,,,,,51.9649683,,,2003-07-01,2023-09-25
1998-0333-IND,Yes,nat-bio-epi-vir,Natural,Biological,Epidemic,Viral disease,,Japanese encephalitis,IND,India,Southern Asia,Asia,Level 1 = Uttar Pradesh,,,No,No,No,,,Vaccinated,,,,1998,8,,1998,8,,128,,606,,606,,,,,,,51.9649683,,,2003-07-01,2023-09-25
1998-0379-IND,Yes,nat-met-sto-sto,Natural,Meteorological,Storm,Storm (General),,,IND,India,Southern Asia,Asia,"West Begala, Midnapur dis.- Level 1 = Uttar Pradesh",,,No,No,No,,170,Kph,,,,1998,11,22,1998,11,22,100,,20000,,20000,,,,,,,51.9649683,,,2003-07-01,2023-09-25
1998-0392-IND,Yes,nat-hyd-flo-flo,Natural,Hydrological,Flood,Flood (General),,,IND,India,Southern Asia,Asia,"Assam, Arunachal, Bihar, Kerala, Meghalaya, Punjab, Sikkim, Uttar Pradesh, West Bengal states",,,Yes,No,No,1983,67610,Km2,,,,1998,8,,1998,8,,1811,,29227200,,29227200,,,,,,,51.9649683,,,2007-05-06,2023-09-25
1998-0439-IND,Yes,nat-hyd-mmw-ava,Natural,Hydrological,Mass movement (wet),Avalanche (wet),,,IND,India,Southern Asia,Asia,Sikkim,,,No,No,No,,,,,,,1998,3,31,1998,3,31,24,6,,,6,,,,,,,51.9649683,,,2003-07-01,2023-09-25
1998-0449-IND,Yes,nat-hyd-flo-fla,Natural,Hydrological,Flood,Flash flood,,,IND,India,Southern Asia,Asia,"Gujarat, Maharashtra states","Dam/levy, break or release",,No,No,No,,,Km2,,,,1998,9,16,1998,9,18,90,,50000,,50000,,,,,,,51.9649683,,,2005-10-27,2023-09-25
1998-0450-IND,Yes,nat-hyd-flo-flo,Natural,Hydrological,Flood,Flood (General),,,IND,India,Southern Asia,Asia,"Andhra Pradesh, Hyderabad",,,No,No,No,,8000,Km2,,,,1998,9,20,1998,9,20,230,,375000,,375000,,,,,528600,1017224,51.9649683,,,2006-07-09,2023-09-25
1998-0455-IND,Yes,nat-met-ext-col,Natural,Meteorological,Extreme temperature,Cold wave,,,IND,India,Southern Asia,Asia,"Uttar Pradesh, Bihar, Rajasthan, Jammu and Cachemire states",,,No,No,No,,,°C,,,,1998,12,15,1998,12,15,100,,,,,,,,,,,51.9649683,,,2003-07-01,2023-09-25
1999-0099-IND,Yes,nat-geo-ear-gro,Natural,Geophysical,Earthquake,Ground movement,,,IND,India,Southern Asia,Asia,"Chamoli, Rudraprayag, Bageshwar (new district), Tehri Garhwal, Pauri Garhwal district",,,Yes,No,No,25,6.6,Moment Magnitude,30.512,79.403,,1999,3,28,1999,3,28,100,394,372000,105500,477894,,,,,2000,3766,53.10197229,,,2004-11-09,2023-09-25
1999-0121-IND,Yes,nat-cli-wil-for,Natural,Climatological,Wildfire,Forest fire,,,IND,India,Southern Asia,Asia,"Garhwal & Kumaon (districts of Nainital, Almora and Pithoragarh) Level 1 = Uttar Pradesh",,,No,No,No,,349,Km2,,,,1999,4,,1999,4,,6,,,,,,,,,,,53.10197229,,,2003-07-01,2023-09-25
1999-0125-IND,Yes,nat-met-ext-hea,Natural,Meteorological,Extreme temperature,Heat wave,,,IND,India,Southern Asia,Asia,"Orissa, Andhra Pradesh, Gujurat, Uttar Pradesh",,,No,No,No,,47,°C,,,,1999,4,,1999,4,,140,,,,,,,,,,,53.10197229,,,2003-07-01,2023-09-25
1999-0177-IND,Yes,nat-met-sto-tro,Natural,Meteorological,Storm,Tropical cyclone,,O2a,IND,India,Southern Asia,Asia,Gujarat Coast,,,No,No,No,,200,Kph,,,,1999,5,20,1999,5,23,451,,40696,,40696,,,,,20000,37663,53.10197229,,,2007-05-06,2023-09-25
1999-0213-IND,Yes,nat-hyd-flo-riv,Natural,Hydrological,Flood,Riverine flood,,,IND,India,Southern Asia,Asia,"Assam, Bihar, Gujarat, Karnataka, Kerala, Tripura, West Bengal, Arunachal Pradesh, Punjab",Monsoonal rain,,No,No,No,1328,,Km2,,,"Brahmaputra, Jamuna, Padma, Meghna, Gomti, Surma and Khowai",1999,7,11,1999,8,3,325,,5500000,,5500000,,,,,,,53.10197229,,,2005-10-25,2023-09-25
1999-0371-IND,Yes,nat-hyd-flo-flo,Natural,Hydrological,Flood,Flood (General),,,IND,India,Southern Asia,Asia,"Uttar Pradesh, Bihar, West Bengal, Madhya Prasdeh, Delhi",,,No,No,No,155,,Km2,,,,1999,9,,1999,9,,229,,22120000,,22120000,,,,,2400,4520,53.10197229,,,2003-07-01,2023-09-25
1999-0401-IND,Yes,nat-met-sto-tro,Natural,Meteorological,Storm,Tropical cyclone,,,IND,India,Southern Asia,Asia,"Orissa, Ganjam, Puri, Khurda, Gajapathi",,,No,No,No,,200,Kph,,,,1999,10,18,1999,10,18,84,1000,500000,700000,1201000,,,,,470000,885090,53.10197229,,,2003-07-01,2023-09-25
1999-0425-IND,Yes,nat-met-sto-tro,Natural,Meteorological,Storm,Tropical cyclone,,05B,IND,India,Southern Asia,Asia,"Kendrapara, Jagatsinghpur, Khurda, Puri, Cuttack, Nayagarh, Bhadrak, Keonjhar, Dhenkanal, Balasore, Mayurbhang, Jajapur (Orissa, Andhra Pradesh, West Bengal states)",,Flood|Surge,Yes,No,No,,260,Kph,,,,1999,10,28,1999,10,30,9843,3312,12625000,,12628312,,,100000,188317,2500000,4707923,53.10197229,,,2006-07-07,2023-09-25
1999-0482-IND,Yes,nat-bio-epi-vir,Natural,Biological,Epidemic,Viral disease,,Acute jaundice syndrome,IND,India,Southern Asia,Asia,"Khanpur, Jhalawar district, Level 1 = Delhi & Rajahastan",,,No,No,No,,,Vaccinated,,,,1999,3,6,1999,3,6,,,285,,285,,,,,,,53.10197229,,,2003-07-01,2023-09-25
1999-0483-IND,Yes,nat-bio-epi-par,Natural,Biological,Epidemic,Parasitic disease,,,IND,India,Southern Asia,Asia,Masarkal,,,No,No,No,,,Vaccinated,,,,1999,10,,1999,10,,1,,499,,499,,,,,,,53.10197229,,,2003-07-01,2023-09-25
1999-0484-IND,Yes,nat-bio-epi-dis,Natural,Biological,Epidemic,Infectious disease (General),,Acute diarrhoeal syndrome,IND,India,Southern Asia,Asia,"Tehri Garhwal Disrict, Level 1 = Uttar Pradesh",,,No,No,No,,,Vaccinated,,,,1999,9,,1999,9,,11,,75,,75,,,,,,,53.10197229,,,2003-07-01,2023-09-25
1999-0564-IND,Yes,nat-bio-epi-dis,Natural,Biological,Epidemic,Infectious disease (General),,,IND,India,Southern Asia,Asia,Orissa,,,No,No,No,,,Vaccinated,,,,1999,11,,1999,11,,69,,77880,,77880,,,,,,,53.10197229,,,2003-07-01,2023-09-25
1999-0649-IND,Yes,nat-bio-epi-vir,Natural,Biological,Epidemic,Viral disease,,Japanese encephalitis,IND,India,Southern Asia,Asia,Andhra Pradesh,,,No,No,No,,,Vaccinated,,,,1999,9,,1999,12,6,200,,765,,765,,,,,,,53.10197229,,,2005-06-15,2023-09-25
2000-0306-IND,No,nat-bio-epi-vir,Natural,Biological,Epidemic,Viral disease,,,IND,India,Southern Asia,Asia,"Gonda, Banda districts (Uttar Pradesh)",,,No,No,No,,,Vaccinated,,,,2000,5,,2000,5,,84,,1055,,1055,,,,,,,54.89515197,,,2003-07-01,2023-09-25
2000-0308-IND,No,nat-bio-epi-bac,Natural,Biological,Epidemic,Bacterial disease,,Cholera,IND,India,Southern Asia,Asia,Delhi,,,No,No,No,,,,,,,2000,5,,2000,5,,,,192,,192,,,,,,,54.89515197,,,2003-07-01,2023-09-25
2010-0416-IND,No,nat-hyd-flo-riv,Natural,Hydrological,Flood,Riverine flood,,,IND,India,Southern Asia,Asia,Lakhimpur district (Assam province),Monsoonal rain,,No,No,No,,12555,Km2,26.235,92.25,Singora,2010,9,5,2010,9,17,,,30000,,30000,,,,,,,69.51329329,"[{""adm2_code"":70091,""adm2_name"":""Lakhimpur""}]","[{""gid_2"":""IND.4.20_1"",""migration_date"":""2025-12-20"",""migration_method"":""jaccard2"",""name_2"":""Lakhimpur""}]",2011-01-10,2025-12-20
2000-0459-IND,No,nat-bio-epi-bac,Natural,Biological,Epidemic,Bacterial disease,,,IND,India,Southern Asia,Asia,"Mumbai, Thane districts",,,No,No,No,,,,,,,2000,7,,2000,7,,27,,79,,79,,,,,,,54.89515197,,,2003-07-01,2023-09-25
2000-0568-IND,No,nat-bio-epi-vir,Natural,Biological,Epidemic,Viral disease,,Japanese encephalitis,IND,India,Southern Asia,Asia,Uttar Pradesh,,,No,No,No,,,Vaccinated,,,,2000,8,,2000,8,,34,,116,,116,,,,,,,54.89515197,,,2003-07-01,2023-09-25
2000-0698-IND,No,nat-bio-epi-dis,Natural,Biological,Epidemic,Infectious disease (General),,Enteric diseases,IND,India,Southern Asia,Asia,West Bengal,,,No,No,No,,,Vaccinated,,,,2000,10,,2000,10,,51,,,,,,,,,,,54.89515197,,,2003-07-01,2023-09-25
2000-0709-IND,No,nat-bio-epi-vir,Natural,Biological,Epidemic,Viral disease,,Japanese encephalitis,IND,India,Southern Asia,Asia,Andhra Pradesh state,,,No,No,No,,,Vaccinated,,,,2000,10,12,2000,10,12,14,,64,,64,,,,,,,54.89515197,,,2003-07-01,2023-09-25
2000-0795-IND,No,nat-bio-epi-vir,Natural,Biological,Epidemic,Viral disease,,,IND,India,Southern Asia,Asia,Supaul district (Bihar),,,No,No,No,,,Vaccinated,,,,2000,10,26,2000,10,26,13,,287,,287,,,,,,,54.89515197,,,2003-07-01,2023-09-25
2023-0846-IND,No,nat-hyd-flo-flo,Natural,Hydrological,Flood,Flood (General),,,IND,India,Southern Asia,Asia,"Thoothukudi, Tirunelveli, Kanniyakumari and Tenkasi Districts (Tamil Nadu state)",Heavy rains,,No,No,No,,,Km2,,,,2023,12,18,2023,12,20,10,,,,,,,,,,,97.13499264,,"[{""gid_2"":""IND.31.25_1"",""name_2"":""Thoothukkudi""},{""gid_2"":""IND.31.27_1"",""name_2"":""Tirunelveli""},{""gid_2"":""IND.31.9_1"",""name_2"":""Kanniyakumari""}]",2023-12-21,2026-01-16
2000-0874-IND,No,nat-bio-epi-vir,Natural,Biological,Epidemic,Viral disease,,Japanese Encephalitis,IND,India,Southern Asia,Asia,Nawadah district (Bihar),,,No,No,No,,,Vaccinated,,,,2000,8,31,2000,8,31,19,,58,,58,,,,,,,54.89515197,,,2003-07-01,2023-09-25
2018-0049-IND,No,nat-met-ext-col,Natural,Meteorological,Extreme temperature,Cold wave,,,IND,India,Southern Asia,Asia,New Delhi,,Fog,No,No,No,,4.2,°C,,,,2018,1,1,2018,2,7,44,,,,,,,,,,,80.04959626,"[{""adm2_code"":17633,""adm2_name"":""Delhi""}]","[{""gid_2"":""IND.25.1_1"",""migration_date"":""2025-12-20"",""migration_method"":""jaccard2"",""name_2"":""West""}]",2018-02-27,2025-12-20
2001-0061-IND,No,nat-bio-epi-dis,Natural,Biological,Epidemic,Infectious disease (General),,Unknown,IND,India,Southern Asia,Asia,Siliguri (West Bengal),,,No,No,No,,,Vaccinated,,,,2001,2,1,2001,2,1,28,,42,,42,,,,,,,56.44657635,,,2003-07-01,2023-09-25
2021-0234-IND,No,nat-cli-glo-glo,Natural,Climatological,Glacial lake outburst flood,Glacial lake outburst flood,,,IND,India,Southern Asia,Asia,Chamoli District (Uttarakhand State),,"Slide (land, mud, snow, rock)",No,No,No,,,,,,,2021,4,23,2021,4,23,16,24,,,24,,,,,,,86.38165694,"[{""adm2_code"":70282,""adm2_name"":""Chamoli""}]","[{""gid_2"":""IND.35.3_1"",""migration_date"":""2025-12-20"",""migration_method"":""jaccard2"",""name_2"":""Chamoli""}]",2021-04-29,2025-12-20
2001-0330-IND,No,nat-bio-epi-bac,Natural,Biological,Epidemic,Bacterial disease,,,IND,India,Southern Asia,Asia,"Mumbai, Thane",,,No,No,No,,,,,,,2001,6,18,2001,6,18,16,,83,,83,,,,,,,56.44657635,,,2003-07-01,2023-09-25
2001-0409-IND,No,nat-bio-epi-bac,Natural,Biological,Epidemic,Bacterial disease,,Cholera,IND,India,Southern Asia,Asia,Orissa State,floods,,No,No,No,,,,,,,2001,7,7,2001,8,,33,,34078,,34078,,,,,,,56.44657635,,,2005-06-17,2023-09-25
2001-0438-IND,No,nat-bio-epi-par,Natural,Biological,Epidemic,Parasitic disease,,,IND,India,Southern Asia,Asia,Orissa state,,,No,No,No,,,Vaccinated,,,,2001,8,,2001,8,,12,,24686,,24686,,,,,,,56.44657635,,,2003-07-01,2023-09-25
2020-0524-IND,No,nat-met-sto-tro,Natural,Meteorological,Storm,Tropical cyclone,GLIDE:TC-2020-000233,Cyclone Nivar,IND,India,Southern Asia,Asia,Tamil Nadu and Puducherry,,Flood,No,No,No,,,Kph,,,,2020,11,25,2020,11,26,14,,,,,,,,,600000,727223,82.50568385,"[{""adm1_code"":1508,""adm1_name"":""Tamil Nadu""},{""adm1_code"":70080,""adm1_name"":""Puducherry""}]","[{""gid_1"":""IND.27_1"",""migration_date"":""2025-12-20"",""migration_method"":""jaccard1"",""name_1"":""Puducherry""},{""gid_1"":""IND.31_1"",""migration_date"":""2025-12-20"",""migration_method"":""jaccard1"",""name_1"":""Tamil Nadu""}]",2020-12-01,2025-12-20
2016-0002-IND,No,nat-geo-ear-gro,Natural,Geophysical,Earthquake,Ground movement,GLIDE:EQ-2016-000001|USGS:us10004b2n,,IND,India,Southern Asia,Asia,"Guwahati city (Kamrup district, Assam province), East Imphal, West Imphal, Senapati, Thoubal, Bishnupur, Tamenglong districts (Manipur province)",,,No,No,No,,6.7,Moment Magnitude,24.804,93.65,,2016,1,3,2016,1,3,8,308,10500,,10808,,,,,75000,98025,76.5112162,"[{""adm2_code"":17583,""adm2_name"":""Kamrup""},{""adm2_code"":70188,""adm2_name"":""Bishnupur""},{""adm2_code"":70191,""adm2_name"":""East Imphal""},{""adm2_code"":70192,""adm2_name"":""Senapati""},{""adm2_code"":70193,""adm2_name"":""Tamenglong""},{""adm2_code"":70194,""adm2_name"":""Thoubal""},{""adm2_code"":70196,""adm2_name"":""West Imphal""}]","[{""gid_2"":""IND.21.1_1"",""migration_date"":""2025-12-20"",""migration_method"":""jaccard2"",""name_2"":""Bishnupur""},{""gid_2"":""IND.21.4_1"",""migration_date"":""2025-12-20"",""migration_method"":""jaccard2"",""name_2"":""Imphal East""},{""gid_2"":""IND.21.5_1"",""migration_date"":""2025-12-20"",""migration_method"":""jaccard2"",""name_2"":""Imphal West""},{""gid_2"":""IND.21.6_1"",""migration_date"":""2025-12-20"",""migration_method"":""jaccard2"",""name_2"":""Senapati""},{""gid_2"":""IND.21.7_1"",""migration_date"":""2025-12-20"",""migration_method"":""jaccard2"",""name_2"":""Tamenglong""},{""gid_2"":""IND.21.8_1"",""migration_date"":""2025-12-20"",""migration_method"":""jaccard2"",""name_2"":""Thoubal""},{""gid_2"":""IND.4.15_1"",""migration_date"":""2025-12-20"",""migration_method"":""puzzle2_2"",""name_2"":""Kamrup Metropolitan""},{""gid_2"":""IND.4.16_1"",""migration_date"":""2025-12-20"",""migration_method"":""puzzle2_2"",""name_2"":""Kamrup""}]",2016-01-12,2026-01-25
2004-0659-IND,No,nat-geo-ear-tsu,Natural,Geophysical,Earthquake,Tsunami,GLIDE:TS-2004-000147|USGS:official20041226005853450_30,,IND,India,Southern Asia,Asia,"Kancheepuram, Villupuram, Nagapattinam, Thoothukudi, Tirunelveli Kattabo, Kanniyakumari, Chennai, Thiruvallur, Cuddalore, Pudukkottai, Ramanathapuram, Sivaganga, Thanjavur districts (Tamil Nadu province), Vishakhapatnam, East Godavari, West Godavari, Krishna, Guntur, Prakasam, Nellore districts (Andhra Pradesh province), Kollam, Alappuzha, Ernakulam districts (Kerala province), Puducherry, Karaikal district (Puducherry province), Andaman and Nicobar province",Earthquake,,Yes,No,No,,9.1,Moment Magnitude,3.295,95.982,,2004,12,26,2004,12,26,16389,6913,647599,,654512,,,5000,8304,1022800,1698620,60.21357973,"[{""adm1_code"":1484,""adm1_name"":""Andaman and Nicobar""},{""adm2_code"":17551,""adm2_name"":""East Godavari""},{""adm2_code"":17552,""adm2_name"":""Guntur""},{""adm2_code"":17556,""adm2_name"":""Krishna""},{""adm2_code"":17561,""adm2_name"":""Nellore""},{""adm2_code"":17563,""adm2_name"":""Prakasam""},{""adm2_code"":17566,""adm2_name"":""Vishakhapatnam""},{""adm2_code"":17569,""adm2_name"":""West Godavari""},{""adm2_code"":17699,""adm2_name"":""Ernakulam""},{""adm2_code"":17707,""adm2_name"":""Kollam""},{""adm2_code"":70298,""adm2_name"":""Alappuzha""},{""adm2_code"":17866,""adm2_name"":""Thoothukudi""},{""adm2_code"":17870,""adm2_name"":""Kanniyakumari""},{""adm2_code"":17876,""adm2_name"":""Pudukkottai""},{""adm2_code"":17878,""adm2_name"":""Ramanathapuram""},{""adm2_code"":17881,""adm2_name"":""Thanjavur""},{""adm2_code"":17882,""adm2_name"":""Sivaganga""},{""adm2_code"":17884,""adm2_name"":""Tirunelveli Kattabo""},{""adm2_code"":70242,""adm2_name"":""Chennai""},{""adm2_code"":70243,""adm2_name"":""Cuddalore""},{""adm2_code"":70244,""adm2_name"":""Kancheepuram""},{""adm2_code"":70247,""adm2_name"":""Nagapattinam""},{""adm2_code"":70251,""adm2_name"":""Thiruvallur""},{""adm2_code"":70255,""adm2_name"":""Villupuram""},{""adm2_code"":70226,""adm2_name"":""Karaikal""},{""adm2_code"":70228,""adm2_name"":""Puducherry""}]","[{""gid_1"":""IND.1_1"",""migration_date"":""2025-12-20"",""migration_method"":""jaccard1"",""name_1"":""Andaman and Nicobar""},{""gid_2"":""IND.17.1_1"",""migration_date"":""2025-12-20"",""migration_method"":""jaccard2"",""name_2"":""Alappuzha""},{""gid_2"":""IND.17.2_1"",""migration_date"":""2025-12-20"",""migration_method"":""jaccard2"",""name_2"":""Ernakulam""},{""gid_2"":""IND.17.6_1"",""migration_date"":""2025-12-20"",""migration_method"":""jaccard2"",""name_2"":""Kollam""},{""gid_2"":""IND.2.10_1"",""migration_date"":""2025-12-20"",""migration_method"":""jaccard2"",""name_2"":""Visakhapatnam""},{""gid_2"":""IND.2.12_1"",""migration_date"":""2025-12-20"",""migration_method"":""jaccard2"",""name_2"":""West Godavari""},{""gid_2"":""IND.2.3_1"",""migration_date"":""2025-12-20"",""migration_method"":""jaccard2"",""name_2"":""East Godavari""},{""gid_2"":""IND.2.4_1"",""migration_date"":""2025-12-20"",""migration_method"":""jaccard2"",""name_2"":""Guntur""},{""gid_2"":""IND.2.5_1"",""migration_date"":""2025-12-20"",""migration_method"":""jaccard2"",""name_2"":""Krishna""},{""gid_2"":""IND.2.7_1"",""migration_date"":""2025-12-20"",""migration_method"":""jaccard2"",""name_2"":""Nellore""},{""gid_2"":""IND.2.8_1"",""migration_date"":""2025-12-20"",""migration_method"":""jaccard2"",""name_2"":""Prakasam""},{""gid_2"":""IND.27.1_1"",""migration_date"":""2025-12-20"",""migration_method"":""jaccard2"",""name_2"":""Karaikal""},{""gid_2"":""IND.27.3_1"",""migration_date"":""2025-12-20"",""migration_method"":""jaccard2"",""name_2"":""Puducherry""},{""gid_2"":""IND.31.13_1"",""migration_date"":""2025-12-20"",""migration_method"":""puzzle2_2"",""name_2"":""Nagappattinam""},{""gid_2"":""IND.31.16_1"",""migration_date"":""2025-12-20"",""migration_method"":""jaccard2"",""name_2"":""Pudukkottai""},{""gid_2"":""IND.31.17_1"",""migration_date"":""2025-12-20"",""migration_method"":""jaccard2"",""name_2"":""Ramanathapuram""},{""gid_2"":""IND.31.19_1"",""migration_date"":""2025-12-20"",""migration_method"":""jaccard2"",""name_2"":""Sivaganga""},{""gid_2"":""IND.31.20_1"",""migration_date"":""2025-12-20"",""migration_method"":""jaccard2"",""name_2"":""Thanjavur""},{""gid_2"":""IND.31.23_1"",""migration_date"":""2025-12-20"",""migration_method"":""jaccard2"",""name_2"":""Thiruvallur""},{""gid_2"":""IND.31.24_1"",""migration_date"":""2025-12-20"",""migration_method"":""puzzle2_2"",""name_2"":""Thiruvarur""},{""gid_2"":""IND.31.25_1"",""migration_date"":""2025-12-20"",""migration_method"":""jaccard2"",""name_2"":""Thoothukkudi""},{""gid_2"":""IND.31.27_1"",""migration_date"":""2025-12-20"",""migration_method"":""jaccard2"",""name_2"":""Tirunelveli""},{""gid_2"":""IND.31.2_1"",""migration_date"":""2025-12-20"",""migration_method"":""jaccard2"",""name_2"":""Chennai""},{""gid_2"":""IND.31.31_1"",""migration_date"":""2025-12-20"",""migration_method"":""jaccard2"",""name_2"":""Viluppuram""},{""gid_2"":""IND.31.4_1"",""migration_date"":""2025-12-20"",""migration_method"":""jaccard2"",""name_2"":""Cuddalore""},{""gid_2"":""IND.31.8_1"",""migration_date"":""2025-12-20"",""migration_method"":""jaccard2"",""name_2"":""Kancheepuram""},{""gid_2"":""IND.31.9_1"",""migration_date"":""2025-12-20"",""migration_method"":""jaccard2"",""name_2"":""Kanniyakumari""}]",2014-03-27,2026-01-25
2002-0156-IND,No,nat-bio-epi-vir,Natural,Biological,Epidemic,Viral disease,,Acute Hepatitis E,IND,India,Southern Asia,Asia,Mandi district,,,No,No,No,,,Vaccinated,,,,2002,3,12,2002,3,12,,,200,,200,,,,,,,57.34184015,,,2005-05-10,2023-09-25
2002-0301-IND,No,nat-bio-epi-par,Natural,Biological,Epidemic,Parasitic disease,,,IND,India,Southern Asia,Asia,Assam,,,No,No,No,,,Vaccinated,,,,2002,5,1,2002,5,1,50,,4950,,4950,,,,,,,57.34184015,,,2003-07-01,2023-09-25
2007-0238-IND,No,nat-hyd-flo-riv,Natural,Hydrological,Flood,Riverine flood,,,IND,India,Southern Asia,Asia,"Junagadh district (Daman and Diu province), Amreli, Bhavnagar, Jamnagar, Junagadh, Porbandar, Rajkot, Surendranagar districts (Gujarat province), Rajasthan, Madhya Pradesh",Monsoonal rain,,No,No,No,,61700,Km2,22.02,72.25,Pooma,2007,7,1,2007,7,13,225,,63000,,63000,,,,,,,66.09810297,"[{""adm1_code"":1506,""adm1_name"":""Rajasthan""},{""adm1_code"":70079,""adm1_name"":""Madhya Pradesh""},{""adm2_code"":17636,""adm2_name"":""Amreli""},{""adm2_code"":17639,""adm2_name"":""Bhavnagar""},{""adm2_code"":17641,""adm2_name"":""Jamnagar""},{""adm2_code"":17642,""adm2_name"":""Junagadh""},{""adm2_code"":17647,""adm2_name"":""Rajkot""},{""adm2_code"":17650,""adm2_name"":""Surendranagar""},{""adm2_code"":70130,""adm2_name"":""Porbandar""},{""adm2_code"":70121,""adm2_name"":""Junagadh""}]","[{""gid_1"":""IND.19_1"",""migration_date"":""2025-12-20"",""migration_method"":""jaccard1"",""name_1"":""Madhya Pradesh""},{""gid_1"":""IND.29_1"",""migration_date"":""2025-12-20"",""migration_method"":""jaccard1"",""name_1"":""Rajasthan""},{""gid_2"":""IND.11.11_1"",""migration_date"":""2025-12-20"",""migration_method"":""puzzle2_2"",""name_2"":""Devbhumi Dwarka""},{""gid_2"":""IND.11.13_1"",""migration_date"":""2025-12-20"",""migration_method"":""bufhaus2"",""name_2"":""Gir Somnath""},{""gid_2"":""IND.11.13_1"",""migration_date"":""2025-12-20"",""migration_method"":""puzzle2_2"",""name_2"":""Gir Somnath""},{""gid_2"":""IND.11.14_1"",""migration_date"":""2025-12-20"",""migration_method"":""puzzle2_2"",""name_2"":""Jamnagar""},{""gid_2"":""IND.11.15_1"",""migration_date"":""2025-12-20"",""migration_method"":""puzzle2_2"",""name_2"":""Junagadh""},{""gid_2"":""IND.11.20_1"",""migration_date"":""2025-12-20"",""migration_method"":""puzzle2_2"",""name_2"":""Morbi""},{""gid_2"":""IND.11.25_1"",""migration_date"":""2025-12-20"",""migration_method"":""jaccard2"",""name_2"":""Porbandar""},{""gid_2"":""IND.11.26_1"",""migration_date"":""2025-12-20"",""migration_method"":""puzzle2_2"",""name_2"":""Rajkot""},{""gid_2"":""IND.11.29_1"",""migration_date"":""2025-12-20"",""migration_method"":""jaccard2"",""name_2"":""Surendranagar""},{""gid_2"":""IND.11.2_1"",""migration_date"":""2025-12-20"",""migration_method"":""jaccard2"",""name_2"":""Amreli""},{""gid_2"":""IND.11.7_1"",""migration_date"":""2025-12-20"",""migration_method"":""puzzle2_2"",""name_2"":""Bhavnagar""},{""gid_2"":""IND.11.8_1"",""migration_date"":""2025-12-20"",""migration_method"":""puzzle2_2"",""name_2"":""Botad""}]",2007-12-13,2025-12-20
2002-0534-IND,No,nat-bio-epi-vir,Natural,Biological,Epidemic,Viral disease,,Japanese encephalitis,IND,India,Southern Asia,Asia,Assam,,,No,No,No,,,Vaccinated,,,,2002,8,13,2002,8,13,86,,,,,,,,,,,57.34184015,,,2003-07-01,2023-09-25
2002-0759-IND,No,nat-bio-epi-dis,Natural,Biological,Epidemic,Infectious disease (General),,Acute Neurological syndrome,IND,India,Southern Asia,Asia,Saharanpur (Uttar Pradesh),,,No,No,No,,,Vaccinated,,,,2002,9,1,2002,9,1,44,,,,,,,,,,,57.34184015,,,2003-07-01,2023-09-25
2025-0922-IND,No,nat-met-sto-tro,Natural,Meteorological,Storm,Tropical cyclone,,Tropical storm 'Montha',IND,India,Southern Asia,Asia,"Konaseema district (Andhra Pradesh); Odisha, and Telangana states",,,No,No,No,,110,Kph,,,,2025,10,28,2025,10,30,8,,1800000,,1800000,,,,,600000,,,,,2025-10-29,2026-02-04
2003-0151-IND,No,nat-hyd-mmw-ava,Natural,Hydrological,Mass movement (wet),Avalanche (wet),,,IND,India,Southern Asia,Asia,Administrative unit not available district (Jammu and Kashmir province),,,No,No,No,,,,,,,2003,3,3,2003,3,3,25,,,,,,,,,,,58.64355298,"[{""adm2_code"":40419,""adm2_name"":""Administrative unit not available""}]",,2003-10-06,2023-09-25
2022-0293-IND,No,nat-hyd-flo-flo,Natural,Hydrological,Flood,Flood (General),,,IND,India,Southern Asia,Asia,"Itanagar distrci (Arunchal Pradesh); Dima Hasao, Cachar, Udalguri District (Assam); East Khasi Hills, Ri-Bhoi Districts (Meghalaya); Nagaland; Bihar; Himachal Pradesh; Madhya Pradesh; Gujarat; Maharasthra",Heavy rains,"Lightening|Slide (land, mud, snow, rock)",No,No,No,,,Km2,,,Kopili river,2022,5,17,2022,10,31,2035,1260,1300000,,1301260,,,,,4200000,4501868,93.29460735,,"[{""gid_1"":""IND.11_1"",""migration_date"":""2025-12-20"",""migration_method"":""jaccard1"",""name_1"":""Gujarat""},{""gid_1"":""IND.13_1"",""migration_date"":""2025-12-20"",""migration_method"":""jaccard1"",""name_1"":""Himachal Pradesh""},{""gid_1"":""IND.19_1"",""migration_date"":""2025-12-20"",""migration_method"":""jaccard1"",""name_1"":""Madhya Pradesh""},{""gid_1"":""IND.20_1"",""migration_date"":""2025-12-20"",""migration_method"":""jaccard1"",""name_1"":""Maharashtra""},{""gid_1"":""IND.24_1"",""migration_date"":""2025-12-20"",""migration_method"":""jaccard1"",""name_1"":""Nagaland""},{""gid_1"":""IND.3_1"",""migration_date"":""2025-12-20"",""migration_method"":""jaccard1"",""name_1"":""Arunachal Pradesh""},{""gid_1"":""IND.5_1"",""migration_date"":""2025-12-20"",""migration_method"":""jaccard1"",""name_1"":""Bihar""},{""gid_2"":""IND.22.2_1"",""migration_date"":""2025-12-20"",""migration_method"":""jaccard2"",""name_2"":""East Khasi Hills""},{""gid_2"":""IND.22.5_1"",""migration_date"":""2025-12-20"",""migration_method"":""jaccard2"",""name_2"":""Ri Bhoi""},{""gid_2"":""IND.4.10_1"",""migration_date"":""2025-12-20"",""migration_method"":""jaccard2"",""name_2"":""Dima Hasao""},{""gid_2"":""IND.4.27_1"",""migration_date"":""2025-12-20"",""migration_method"":""puzzle2_2"",""name_2"":""Udalguri""},{""gid_2"":""IND.4.4_1"",""migration_date"":""2025-12-20"",""migration_method"":""jaccard2"",""name_2"":""Cachar""},{""gid_2"":""Z07.3.12_1"",""name_2"":""Papum Pare""}]",2022-05-16,2026-02-10
2018-0137-IND,No,nat-met-sto-lig,Natural,Meteorological,Storm,Lightning/Thunderstorms,,,IND,India,Southern Asia,Asia,"Uttar Pradesh, Rajasthan",,,No,No,No,,,Kph,,,,2018,4,11,2018,4,11,42,200,,,200,,,,,100000,124923,80.04959626,"[{""adm1_code"":1506,""adm1_name"":""Rajasthan""},{""adm1_code"":70081,""adm1_name"":""Uttar Pradesh""}]","[{""gid_1"":""IND.29_1"",""migration_date"":""2025-12-20"",""migration_method"":""jaccard1"",""name_1"":""Rajasthan""},{""gid_1"":""IND.34_1"",""migration_date"":""2025-12-20"",""migration_method"":""jaccard1"",""name_1"":""Uttar Pradesh""}]",2018-05-11,2025-12-20
2001-0414-IND,No,nat-hyd-mmw-lan,Natural,Hydrological,Mass movement (wet),Landslide (wet),,,IND,India,Southern Asia,Asia,Rudra Prayag district (Uttarakhand province),,,No,No,No,,,,,,,2001,7,16,2001,7,16,27,,,,,,,,,,,56.44657635,"[{""adm2_code"":70286,""adm2_name"":""Rudra Prayag""}]","[{""gid_2"":""IND.35.10_1"",""migration_date"":""2025-12-20"",""migration_method"":""jaccard2"",""name_2"":""Rudraprayag""}]",2003-07-01,2025-12-20
2003-0540-IND,No,nat-bio-epi-vir,Natural,Biological,Epidemic,Viral disease,,Dengue,IND,India,Southern Asia,Asia,Delhi,,,No,No,No,,,Vaccinated,,,,2003,6,1,2003,11,9,,,2185,,2185,,,,,,,58.64355298,,,2004-01-16,2023-09-25
2000-0332-IND,No,nat-hyd-flo-fla,Natural,Hydrological,Flood,Flash flood,,,IND,India,Southern Asia,Asia,"Yingkiang,Tuting villages (Upper Siang (70051) district, Arunachal Pradesh province), Along, Boleng villages (70054 district, Arunachal Pradesh province), Pasighat, Sika-bamin, Komlighat, Raneghat (70041 district, Arunachal Pradesh province), Tezu, Mahadevpur villages (Lohit district, Arunachal Pradesh province), Golaghat, Nagaon districts (Assam province),",,Broken Dam/Burst bank,No,No,No,,55000,Km2,,,,2000,6,10,2000,6,10,20,,3000000,,3000000,,,,,,,54.89515197,"[{""adm2_code"":17582,""adm2_name"":""Golaghat""},{""adm2_code"":17589,""adm2_name"":""Nagaon""},{""adm2_code"":70041,""adm2_name"":""Administrative unit not available""},{""adm2_code"":70051,""adm2_name"":""Administrative unit not available""},{""adm2_code"":70054,""adm2_name"":""Administrative unit not available""},{""adm2_code"":17571,""adm2_name"":""East Siang""},{""adm2_code"":17572,""adm2_name"":""Lohit""},{""adm2_code"":17575,""adm2_name"":""West Siang""}]","[{""gid_2"":""IND.3.11_1"",""migration_date"":""2025-12-20"",""migration_method"":""puzzle2_2"",""name_2"":""Namsai""},{""gid_2"":""IND.3.1_1"",""migration_date"":""2025-12-20"",""migration_method"":""puzzle2_2"",""name_2"":""Anjaw""},{""gid_2"":""IND.3.5_1"",""migration_date"":""2025-12-20"",""migration_method"":""jaccard2"",""name_2"":""East Siang""},{""gid_2"":""IND.3.7_1"",""migration_date"":""2025-12-20"",""migration_method"":""puzzle2_2"",""name_2"":""Lohit""},{""gid_2"":""IND.4.12_1"",""migration_date"":""2025-12-20"",""migration_method"":""jaccard2"",""name_2"":""Golaghat""},{""gid_2"":""IND.4.22_1"",""migration_date"":""2025-12-20"",""migration_method"":""jaccard2"",""name_2"":""Nagaon""},{""gid_2"":""Z07.3.15_1"",""migration_date"":""2025-12-20"",""migration_method"":""jaccard2"",""name_2"":""Upper Siang""},{""gid_2"":""Z07.3.18_1"",""migration_date"":""2025-12-20"",""migration_method"":""jaccard2"",""name_2"":""West Siang""},{""gid_2"":""Z07.3.18_1"",""migration_date"":""2025-12-20"",""migration_method"":""bufhaus2"",""name_2"":""West Siang""},{""gid_2"":""Z07.3.5_1"",""migration_date"":""2025-12-20"",""migration_method"":""jaccard2"",""name_2"":""East Siang""}]",2005-09-15,2025-12-20
2000-0444-IND,No,nat-hyd-flo-fla,Natural,Hydrological,Flood,Flash flood,,,IND,India,Southern Asia,Asia,"East Siang, 70041, West Siang, 70054, Upper Siang (70051), 70045, 70050, Lower Dibang Valley districts (Arunachal Pradesh province)",,,No,No,No,,,Km2,,,,2000,7,,2000,7,,130,,,,,,,,,,,54.89515197,"[{""adm2_code"":70041,""adm2_name"":""Administrative unit not available""},{""adm2_code"":70045,""adm2_name"":""Administrative unit not available""},{""adm2_code"":70050,""adm2_name"":""Administrative unit not available""},{""adm2_code"":70051,""adm2_name"":""Administrative unit not available""},{""adm2_code"":70054,""adm2_name"":""Administrative unit not available""},{""adm2_code"":17571,""adm2_name"":""East Siang""},{""adm2_code"":17575,""adm2_name"":""West Siang""},{""adm2_code"":70084,""adm2_name"":""Lower Dibang Valley""}]","[{""gid_2"":""IND.3.5_1"",""migration_date"":""2025-12-20"",""migration_method"":""jaccard2"",""name_2"":""East Siang""},{""gid_2"":""IND.3.9_1"",""migration_date"":""2025-12-20"",""migration_method"":""jaccard2"",""name_2"":""Lower Dibang Valley""},{""gid_2"":""Z07.3.15_1"",""migration_date"":""2025-12-20"",""migration_method"":""jaccard2"",""name_2"":""Upper Siang""},{""gid_2"":""Z07.3.18_1"",""migration_date"":""2025-12-20"",""migration_method"":""jaccard2"",""name_2"":""West Siang""},{""gid_2"":""Z07.3.18_1"",""migration_date"":""2025-12-20"",""migration_method"":""bufhaus2"",""name_2"":""West Siang""},{""gid_2"":""Z07.3.3_1"",""migration_date"":""2025-12-20"",""migration_method"":""jaccard2"",""name_2"":""Dibang Valley""},{""gid_2"":""Z07.3.5_1"",""migration_date"":""2025-12-20"",""migration_method"":""jaccard2"",""name_2"":""East Siang""},{""gid_2"":""Z07.3.9_1"",""migration_date"":""2025-12-20"",""migration_method"":""jaccard2"",""name_2"":""Lower Dibang Valley""}]",2003-07-01,2025-12-20
2024-0624-IND,No,nat-hyd-flo-fla,Natural,Hydrological,Flood,Flash flood,GLIDE:FF-202-000154,,IND,India,Southern Asia,Asia,Tripura state,Heavy rains,,No,No,No,,,Km2,,,,2024,8,19,2024,8,23,26,,1700000,,1700000,,,,,,,100,,,2024-08-23,2026-02-24
2025-0690-IND,No,nat-hyd-flo-fla,Natural,Hydrological,Flood,Flash flood,,,IND,India,Southern Asia,Asia,Kishtwar (Jammu and Kashmir state),Heavy rain,Lightening,No,No,No,,,Km2,,,,2025,8,14,2025,8,15,98,50,,,50,,,,,,,,,,2025-08-19,2026-02-25
2025-0246-IND,No,nat-met-sto-sev,Natural,Meteorological,Storm,Severe weather,,,IND,India,Southern Asia,Asia,"Bihar state; Firozabad, Siddharth Nagar, and Sitapur (Uttar Pradesh state)",,Flood|Hail|Lightening,No,No,No,,,Kph,,,,2025,4,4,2025,4,12,102,,,,,,,,,,,,,,2025-04-14,2026-02-25
1934-0001-IND,Yes,nat-geo-ear-gro,Natural,Geophysical,Earthquake,Ground movement,,,IND,India,Southern Asia,Asia,"Bihar province, Sitamarhi Madhubani area. From Supaul to Pumia. Muzaffarpur-Darbhanga area. Munger (Monghyr) area.",,,No,No,No,,8.1,Moment Magnitude,25.44,86.59,,1934,1,15,1934,1,15,7188,,,,,,,,,,,4.27108896,,,2005-12-20,2026-02-26
2025-0402-IND,No,nat-hyd-flo-flo,Natural,Hydrological,Flood,Flood (General),,,IND,India,Southern Asia,Asia,"Assam, Arunachal Pradesh, Mizoram, Manipur, Sikkim, Meghalaya Nagaland, Tripura, Meghalaya states",Monsoonal rain,"Slide (land, mud, snow, rock)",No,No,No,,,Km2,,,,2025,5,31,2025,6,1,50,,1441247,,1441247,,,,,,,,,,2025-06-02,2026-02-27
2005-0090-IND,No,nat-hyd-mmw-ava,Natural,Hydrological,Mass movement (wet),Avalanche (wet),GLIDE:AV-2005-000028,,IND,India,Southern Asia,Asia,Administrative unit not available districts (Jammu and Kashmir province),Snowstorms,,No,No,No,,,,,,,2005,2,15,2005,2,21,250,,5000,,5000,,,,,50000,80313,62.25647853,"[{""adm2_code"":72802,""adm2_name"":""Administrative unit not available""},{""adm2_code"":72838,""adm2_name"":""Administrative unit not available""},{""adm2_code"":72810,""adm2_name"":""Administrative unit not available""}]",,2006-01-18,2025-06-25
2018-0202-IND,No,nat-met-sto-sto,Natural,Meteorological,Storm,Storm (General),,,IND,India,Southern Asia,Asia,"Uttar Pradesh, West Bengal, Assam, Tripura, Manipur, Mizoram",,"Flood|Slide (land, mud, snow, rock)",No,No,No,,,Kph,,,,2018,6,8,2018,6,12,61,,,,,,,,,50000,62461,80.04959626,"[{""adm1_code"":1487,""adm1_name"":""Assam""},{""adm1_code"":1500,""adm1_name"":""Manipur""},{""adm1_code"":1502,""adm1_name"":""Mizoram""},{""adm1_code"":1509,""adm1_name"":""Tripura""},{""adm1_code"":1511,""adm1_name"":""West Bengal""},{""adm1_code"":70081,""adm1_name"":""Uttar Pradesh""}]","[{""gid_1"":""IND.21_1"",""migration_date"":""2025-12-20"",""migration_method"":""jaccard1"",""name_1"":""Manipur""},{""gid_1"":""IND.23_1"",""migration_date"":""2025-12-20"",""migration_method"":""jaccard1"",""name_1"":""Mizoram""},{""gid_1"":""IND.33_1"",""migration_date"":""2025-12-20"",""migration_method"":""jaccard1"",""name_1"":""Tripura""},{""gid_1"":""IND.34_1"",""migration_date"":""2025-12-20"",""migration_method"":""jaccard1"",""name_1"":""Uttar Pradesh""},{""gid_1"":""IND.36_1"",""migration_date"":""2025-12-20"",""migration_method"":""jaccard1"",""name_1"":""West Bengal""},{""gid_1"":""IND.4_1"",""migration_date"":""2025-12-20"",""migration_method"":""jaccard1"",""name_1"":""Assam""}]",2018-07-19,2025-12-20
2005-0268-IND,No,nat-bio-epi-bac,Natural,Biological,Epidemic,Bacterial disease,,Meningococcal disease,IND,India,Southern Asia,Asia,"Delhi, Haryana, Chandigarh, Uttar Pradesh, Uttaranchal",,,No,No,No,,,,,,,2005,5,18,2005,6,21,48,,405,,405,,,,,,,62.25647853,,,2005-06-23,2023-09-25
2018-0205-IND,No,nat-hyd-flo-flo,Natural,Hydrological,Flood,Flood (General),,,IND,India,Southern Asia,Asia,"Assam, Maharashtra, Gujarat",Monsoonal rain,,No,No,No,,,Km2,,,,2018,6,22,2018,7,3,52,,,,,,,,,,,80.04959626,"[{""adm1_code"":1487,""adm1_name"":""Assam""},{""adm1_code"":1491,""adm1_name"":""Gujarat""},{""adm1_code"":1498,""adm1_name"":""Maharashtra""}]","[{""gid_1"":""IND.11_1"",""migration_date"":""2025-12-20"",""migration_method"":""jaccard1"",""name_1"":""Gujarat""},{""gid_1"":""IND.20_1"",""migration_date"":""2025-12-20"",""migration_method"":""jaccard1"",""name_1"":""Maharashtra""},{""gid_1"":""IND.4_1"",""migration_date"":""2025-12-20"",""migration_method"":""jaccard1"",""name_1"":""Assam""}]",2018-07-19,2025-12-20
2005-0479-IND,No,nat-bio-epi-vir,Natural,Biological,Epidemic,Viral disease,,Japanese encephalitis,IND,India,Southern Asia,Asia,"Uttar Pradesh, Bihar",,,No,No,No,,300000,Vaccinated,,,,2005,7,29,2005,9,13,296,,939,,939,,,,,,,62.25647853,,,2005-10-24,2023-09-25
2005-0481-IND,No,nat-bio-epi-bac,Natural,Biological,Epidemic,Bacterial disease,,Leptospirosis,IND,India,Southern Asia,Asia,Maharashtra state,,,No,No,No,,,,,,,2005,8,28,2005,8,30,110,,1743,,1743,,,,,,,62.25647853,,,2005-09-07,2024-08-29
2005-0575-IND,No,nat-geo-ear-gro,Natural,Geophysical,Earthquake,Ground movement,GLIDE:EQ-2005-000174|USGS:usp000e12e,,IND,India,Southern Asia,Asia,Administrative unit not available districts (Jammu and Kashmir province),,Fire,Yes,No,No,,7.6,Moment Magnitude,34.539,73.588,,2005,10,8,2005,10,8,1309,6622,,150000,156622,,,,,1000000,1606259,62.25647853,"[{""adm2_code"":40410,""adm2_name"":""Administrative unit not available""},{""adm2_code"":40414,""adm2_name"":""Administrative unit not available""},{""adm2_code"":72802,""adm2_name"":""Administrative unit not available""},{""adm2_code"":72789,""adm2_name"":""Administrative unit not available""},{""adm2_code"":72810,""adm2_name"":""Administrative unit not available""}]",,2014-03-26,2025-06-25
2005-0631-IND,No,nat-bio-epi-vir,Natural,Biological,Epidemic,Viral disease,,Japanese encephalitis,IND,India,Southern Asia,Asia,Uttar Pradesh and Bihar states,,,No,No,No,,,Vaccinated,,,,2005,7,1,2005,11,10,296,,1145,,1145,,,,,,,62.25647853,,,2005-11-17,2023-09-25
2005-0754-IND,No,nat-bio-epi-vir,Natural,Biological,Epidemic,Viral disease,,Chikungunya virus disease,IND,India,Southern Asia,Asia,"Andhra Prasdesh, Maharashtra, Karnataka states",,,No,No,No,,,Vaccinated,,,,2005,12,,2006,4,,,,153324,,153324,,,,,,,62.25647853,,,2006-04-20,2023-09-25
2008-0062-IND,No,nat-hyd-mmw-lan,Natural,Hydrological,Mass movement (wet),Landslide (wet),GLIDE:LS-2008-000007,,IND,India,Southern Asia,Asia,Administrative unit not available districts (Jammu and Kashmir province),Heavy snow fall,,No,No,No,,,,,,,2008,2,8,2008,2,8,37,,,,,,,,,,,68.63567228,"[{""adm2_code"":72802,""adm2_name"":""Administrative unit not available""},{""adm2_code"":72789,""adm2_name"":""Administrative unit not available""}]",,2008-07-31,2023-09-25
2019-0499-IND,No,nat-hyd-flo-flo,Natural,Hydrological,Flood,Flood (General),,,IND,India,Southern Asia,Asia,"Belagavi, Gadag, Koppal districts (Karnataka); Kerala, Tamil Nadu states",Monsoon rain,"Slide (land, mud, snow, rock)",No,No,No,,,Km2,,,,2019,10,19,2019,10,23,12,,27500,,27500,,,,,,,81.50030941,"[{""adm1_code"":1495,""adm1_name"":""Kerala""},{""adm1_code"":1508,""adm1_name"":""Tamil Nadu""},{""adm2_code"":17679,""adm2_name"":""Belgaum""},{""adm2_code"":70163,""adm2_name"":""Gadag""},{""adm2_code"":70165,""adm2_name"":""Koppal""}]","[{""gid_1"":""IND.17_1"",""migration_date"":""2025-12-20"",""migration_method"":""jaccard1"",""name_1"":""Kerala""},{""gid_1"":""IND.31_1"",""migration_date"":""2025-12-20"",""migration_method"":""jaccard1"",""name_1"":""Tamil Nadu""},{""gid_2"":""IND.16.15_1"",""migration_date"":""2025-12-20"",""migration_method"":""jaccard2"",""name_2"":""Gadag""},{""gid_2"":""IND.16.21_1"",""migration_date"":""2025-12-20"",""migration_method"":""jaccard2"",""name_2"":""Koppal""},{""gid_2"":""IND.16.4_1"",""migration_date"":""2025-12-20"",""migration_method"":""jaccard2"",""name_2"":""Belgaum""}]",2019-10-24,2025-12-20
2009-0403-IND,No,nat-bio-epi-vir,Natural,Biological,Epidemic,Viral disease,,Japanese Encephalitis and Acute Encephalitis Syndrome,IND,India,Southern Asia,Asia,Uttar Pradesh,,,No,No,No,,,Vaccinated,,,,2009,1,,2009,10,,311,,1521,,1521,,,,,,,68.39164268,,,2010-01-06,2023-09-25
2010-0052-IND,No,nat-hyd-mmw-ava,Natural,Hydrological,Mass movement (wet),Avalanche (wet),,,IND,India,Southern Asia,Asia,Administrative unit not available district (Jammu and Kashmir province),,,No,No,No,,,,,,,2010,2,8,2010,2,8,17,,,,,,,,,,,69.51329329,"[{""adm2_code"":72789,""adm2_name"":""Administrative unit not available""}]",,2010-02-10,2023-09-25
2010-0694-IND,No,nat-met-sto-hai,Natural,Meteorological,Storm,Hail,,,IND,India,Southern Asia,Asia,"Mushalpur, Baksa towns (Nalbari district, Assam province)",,,No,No,No,,,Kph,,,,2010,4,10,2010,4,10,28,,,5000,5000,,,,,,,69.51329329,"[{""adm2_code"":17590,""adm2_name"":""Nalbari""}]",,2011-03-17,2023-09-25
2012-0049-IND,No,nat-geo-mmd-ava,Natural,Geophysical,Mass movement (dry),Avalanche (dry),,,IND,India,Southern Asia,Asia,Adminitrative unit not available districts (Jammu and Kashmir province),,,No,No,No,,,,,,,2012,2,23,2012,2,23,16,,,,,,,,,,,73.19159161,"[{""adm2_code"":72794,""adm2_name"":""Administrative unit not available""},{""adm2_code"":72789,""adm2_name"":""Administrative unit not available""}]",,2013-02-04,2023-09-25
2009-0383-IND,No,nat-hyd-mmw-lan,Natural,Hydrological,Mass movement (wet),Landslide (wet),,,IND,India,Southern Asia,Asia,"Lal, Bahadur, Shastri, Nagar slums (Mumbai Suburban district, Maharashtra province)",,,No,No,No,,,,,,,2009,9,3,2009,9,3,10,,,,,,,,,,,68.39164268,"[{""adm2_code"":70183,""adm2_name"":""Mumbai Suburban""}]","[{""gid_2"":""IND.20.18_1"",""migration_date"":""2025-12-20"",""migration_method"":""jaccard2"",""name_2"":""Mumbai Suburban""}]",2009-10-01,2025-12-20
2013-0140-IND,No,nat-geo-ear-gro,Natural,Geophysical,Earthquake,Ground movement,GLIDE:EQ-2013-000056|USGS:usb000gjhz,,IND,India,Southern Asia,Asia,Administrive unit not available district (Jammu and Kashmir province),,,No,No,No,,5.7,Moment Magnitude,33.061,75.863,,2013,5,1,2013,5,1,3,70,59280,,59350,,,,,120000,161586,74.26372907,"[{""adm2_code"":72809,""adm2_name"":""Administrative unit not available""}]",,2013-07-05,2023-09-25
2013-0260-IND,No,nat-hyd-flo-riv,Natural,Hydrological,Flood,Riverine flood,,,IND,India,Southern Asia,Asia,"Sultanpur, Sitapur, Rae Bareli, Bara Banki, Faizabad, Gorakhpur, Basti, Kushinagar, Bahraich, Gonda, Shravasti districts (Uttar Pradesh province)",Monsoon rains,,No,No,No,,,Km2,,,"Ganges, Ghagra, Kuano, Saryu, Sharda",2013,7,9,2013,7,10,174,,500000,,500000,,,,,2000,2693,74.26372907,"[{""adm2_code"":17893,""adm2_name"":""Bahraich""},{""adm2_code"":17896,""adm2_name"":""Bara Banki""},{""adm2_code"":17898,""adm2_name"":""Basti""},{""adm2_code"":17907,""adm2_name"":""Faizabad""},{""adm2_code"":17913,""adm2_name"":""Gonda""},{""adm2_code"":17914,""adm2_name"":""Gorakhpur""},{""adm2_code"":17934,""adm2_name"":""Rae Bareli""},{""adm2_code"":17938,""adm2_name"":""Sitapur""},{""adm2_code"":17939,""adm2_name"":""Sultanpur""},{""adm2_code"":70271,""adm2_name"":""Kushinagar""},{""adm2_code"":70277,""adm2_name"":""Shravasti""}]",,2013-11-28,2023-09-25
2021-0225-IND,No,nat-geo-ear-gro,Natural,Geophysical,Earthquake,Ground movement,,,IND,India,Southern Asia,Asia,"Kamrup and Nagaon (Sonitpur District, northern Assam State)",,,No,No,No,,6.4,Moment Magnitude,26.781,92.457,,2021,4,28,2021,4,28,2,10,3000,,3010,,,,,,,86.38165694,"[{""adm2_code"":17593,""adm2_name"":""Sonitpur""}]","[{""gid_2"":""IND.4.25_1"",""migration_date"":""2025-12-20"",""migration_method"":""jaccard2"",""name_2"":""Sonitpur""}]",2021-04-29,2025-12-20
2015-0107-IND,No,nat-hyd-flo-fla,Natural,Hydrological,Flood,Flash flood,DFO:4239|GLIDE:FL-2015-000029,,IND,India,Southern Asia,Asia,"Chadoora village (72811 district, Jammu and Kashmir province)",Heavy rains,"Slide (land, mud, snow, rock)",No,No,No,,70287.98,Km2,33.1767,76.41,Jhelum river,2015,3,20,2015,3,31,44,25,,2097,2122,,,,,76000,100585,75.55797677,"[{""adm2_code"":72811,""adm2_name"":""Administrative unit not available""}]",,2015-04-01,2023-09-25
2006-0263-IND,No,nat-hyd-flo-riv,Natural,Hydrological,Flood,Riverine flood,,,IND,India,Southern Asia,Asia,Kerala province,Monsoonal rain,,No,No,No,,42690,Km2,10.54,76.05,,2006,5,25,2006,6,2,32,,10800,,10800,,,,,,,64.26483222,"[{""adm1_code"":1495,""adm1_name"":""Kerala""}]","[{""gid_1"":""IND.17_1"",""migration_date"":""2025-12-20"",""migration_method"":""jaccard1"",""name_1"":""Kerala""}]",2007-01-06,2025-12-20
2017-0266-IND,No,nat-hyd-mmw-lan,Natural,Hydrological,Mass movement (wet),Landslide (wet),,,IND,India,Southern Asia,Asia,"Laptap Village, Papumpare district (Arunachal Pradesh)",,,No,No,No,,,,,,,2017,7,11,2017,7,11,22,,,,,,,,,,,78.14100176,"[{""adm2_code"":70085,""adm2_name"":""Papum Pare""}]",,2017-07-18,2023-09-25
2017-0294-IND,No,nat-hyd-flo-flo,Natural,Hydrological,Flood,Flood (General),,,IND,India,Southern Asia,Asia,"Banaskantha, Valsad, Navsari, Surat, Sabarkantha, Patan (Gujarat), Barmer, Jalore, Udaipur, Sirohi, Pali (Rajasthan), Kolkata (West Bengal)",Monsoon,,No,No,No,,,Km2,,,Banas river,2017,6,,2017,8,,284,,520000,,520000,,,,,250000,319934,78.14100176,,,2017-07-31,2023-09-25
2019-0218-IND,No,nat-bio-epi-vir,Natural,Biological,Epidemic,Viral disease,,Acute Encephalitis Syndrome (AES),IND,India,Southern Asia,Asia,"Muzaffarpur, Vaishali, Sheohar, East Champaran districts (Bihar)",,,No,No,No,,,Vaccinated,,,,2019,1,1,2019,6,17,121,418,,,418,,,,,,,81.50030941,,,2019-06-17,2023-09-25
2019-0480-IND,No,nat-bio-epi-vir,Natural,Biological,Epidemic,Viral disease,,Dengue,IND,India,Southern Asia,Asia,Rajendranagar area (Bihar),,,No,No,No,,,Vaccinated,,,,2019,10,,2019,10,,,900,,,900,,,,,,,81.50030941,,,2019-10-07,2023-09-25
2010-0428-IND,No,nat-met-sto-lig,Natural,Meteorological,Storm,Lightning/Thunderstorms,,,IND,India,Southern Asia,Asia,"Bihar, Jharkhand provinces",,,No,No,No,,,Kph,,,,2010,8,25,2010,8,25,25,,,,,,,,,,,69.51329329,"[{""adm1_code"":70073,""adm1_name"":""Bihar""},{""adm1_code"":70078,""adm1_name"":""Jharkhand""}]","[{""gid_1"":""IND.15_1"",""migration_date"":""2025-12-20"",""migration_method"":""jaccard1"",""name_1"":""Jharkhand""},{""gid_1"":""IND.5_1"",""migration_date"":""2025-12-20"",""migration_method"":""jaccard1"",""name_1"":""Bihar""}]",2010-08-26,2025-12-20
2022-0248-IND,No,nat-met-ext-hea,Natural,Meteorological,Extreme temperature,Heat wave,,,IND,India,Southern Asia,Asia,"Maharashtra State, West Rajasthan",,,No,No,No,,45,°C,,,,2022,3,,2022,4,,25,,,,,,,,,,,93.29460735,,,2022-04-29,2025-03-18
2023-0161-IND,No,nat-met-sto-sev,Natural,Meteorological,Storm,Severe weather,,,IND,India,Southern Asia,Asia,"Khandwa, Sagar, Satna, Raisen, Narmadapura, Dhar, Ratlam, Ashok Nagar and Damoh (Madhya Pradesh State)",,Hail|Lightening,No,No,No,,,Kph,,,,2023,3,17,2023,3,21,16,14,,,14,,,,,,,97.13499264,,,2023-03-23,2023-09-26
2023-0234-IND,No,nat-met-ext-hea,Natural,Meteorological,Extreme temperature,Heat wave,,,IND,India,Southern Asia,Asia,Maharashtra state,,,No,No,No,,38,°C,,,,2023,4,,2023,4,,11,330,,,330,,,,,,,97.13499264,,,2023-04-19,2023-09-26
2023-0294-IND,No,nat-met-sto-tro,Natural,Meteorological,Storm,Tropical cyclone,GLIDE:TC-2023-000069|GLIDE:TC-2023-000071,Cyclone 'Mocha',IND,India,Southern Asia,Asia,"Mizoram, Tripura, and Manipur states",,,No,No,No,,,Kph,,,,2023,5,14,2023,5,14,,,1000,,1000,,,,,,,97.13499264,,,2023-05-23,2025-03-05
2023-0328-IND,No,nat-met-ext-hea,Natural,Meteorological,Extreme temperature,Heat wave,,,IND,India,Southern Asia,Asia,"Uttar Pradesh, Bihar, Tripura, Odisha",,,No,No,No,,45,°C,,,,2023,4,,2023,6,,179,460,,,460,,,,,,,97.13499264,,,2023-06-26,2024-02-27
2023-0330-IND,No,nat-hyd-flo-flo,Natural,Hydrological,Flood,Flood (General),GLIDE:FL-2023-000104,,IND,India,Southern Asia,Asia,"Nalbari, Baksa, Lakhimpur, Bajali, Barpet distrcits (Assam);Sikkim",Heavy rains,"Slide (land, mud, snow, rock)",No,No,No,,,Km2,,,,2023,6,14,2023,6,23,,,500000,,500000,,,,,,,97.13499264,,,2023-06-26,2025-07-16
2023-0428-IND,No,nat-hyd-flo-flo,Natural,Hydrological,Flood,Flood (General),,,IND,India,Southern Asia,Asia,"Himachal Pradesh, Uttarakhand, Delhi, Bihar, Madyah Pradesh, Maharashtra, Chhattisgarh, Gujarat, Punjab, Karnataka, Assam",Monsoon rains,,No,No,No,,,Km2,,,,2023,6,25,2023,9,7,1529,,10250000,,10250000,,,,,,,97.13499264,,,2023-07-14,2024-03-25
2023-0486-IND,No,nat-hyd-flo-flo,Natural,Hydrological,Flood,Flood (General),,,IND,India,Southern Asia,Asia,Mulugu District (western Telangana),Monsoonal rains,,No,No,No,,,Km2,,,,2023,7,27,2023,7,31,23,,,,,,,,,,,97.13499264,,,2023-07-31,2023-09-26
2023-0547-IND,No,nat-hyd-mmw-lan,Natural,Hydrological,Mass movement (wet),Landslide (wet),,,IND,India,Southern Asia,Asia,Himachal Pradesh and Uttarakhand states,,,No,No,No,,,,,,,2023,8,23,2023,8,24,10,,605,,605,,,,,,,97.13499264,,,2023-08-28,2024-03-25
2023-0606-IND,No,nat-met-sto-lig,Natural,Meteorological,Storm,Lightning/Thunderstorms,,,IND,India,Southern Asia,Asia,"Khurda, Balangir, Angul, Boudh, Dhenkanal, Gajapati, Jagatsinghpur, and Puri (Odisha State)",,Flood,No,No,No,,,Kph,,,,2023,9,2,2023,9,6,12,14,1060,,1074,,,,,,,97.13499264,,,2023-09-11,2023-09-26
2023-0622-IND,No,nat-cli-glo-glo,Natural,Climatological,Glacial lake outburst flood,Glacial lake outburst flood,,,IND,India,Southern Asia,Asia,"Sikkim state Gangtok, Mangan and Pakyong (Bengal state)",,Flood,No,No,No,,,,,,Teesta river; Lhonak lake,2023,10,5,2023,10,5,178,,88400,,88400,,,,,,,97.13499264,,,2023-10-05,2023-11-02
2023-0792-IND,No,nat-met-sto-tro,Natural,Meteorological,Storm,Tropical cyclone,,Tropical storm 'Michaung',IND,India,Southern Asia,Asia,"Andra Pradesh, Telangana, Tamil Nadu States",,Flood,No,No,No,,110,Kph,,,,2023,12,5,2023,12,6,20,,4390000,,4390000,,,,,125000,128687,97.13499264,,,2023-12-06,2024-02-12
2023-0812-IND,No,nat-met-sto-sev,Natural,Meteorological,Storm,Severe weather,,,IND,India,Southern Asia,Asia,Gujarat state,,Flood|Hail|Lightening,No,No,No,,,Kph,,,,2023,11,26,2023,11,27,24,25,,,25,,,,,,,97.13499264,,,2023-11-28,2023-12-01
2024-0149-IND,No,nat-met-sto-sev,Natural,Meteorological,Storm,Severe weather,,,IND,India,Southern Asia,Asia,"Unakoti, Sepahijala, Dhalai, South, West, Khowai and Gomati Districts (Tripura state); Una District (Himachal Pradesh State)",,Flood|Lightening,No,No,No,,,Kph,,,,2024,3,27,2024,3,27,4,7,22810,115,22932,,,,,,,100,,,2024-03-27,2024-04-03
2024-0246-IND,No,nat-met-ext-hea,Natural,Meteorological,Extreme temperature,Heat wave,GLIDE:HT-2024-000056,,IND,India,Southern Asia,Asia,"New Delhi; Rajasthan, Bihar, Gujarat, West Rajasthan, Punjab, Haryana, Chandigarh",,,No,No,No,,50.5,°C,,,,2024,3,,2024,6,,733,25000,,,25000,,,,,,,100,,,2024-06-06,2025-03-18
2024-0280-IND,No,nat-met-sto-hai,Natural,Meteorological,Storm,Hail,,,IND,India,Southern Asia,Asia,"Bishnupur, Imphal West, Imphal East, Thoubal, Kakching, Tengnoupal, Kangpokpi, Noney, and Churachandpur districts (Manipur state)",,Flood,No,No,No,,,Kph,,,,2024,5,5,2024,5,5,1,,77000,,77000,,,,,,,100,,,2024-05-07,2024-05-13
2024-0290-IND,No,nat-met-sto-sev,Natural,Meteorological,Storm,Severe weather,,,IND,India,Southern Asia,Asia,Bombay,,Collapse,No,No,No,,,Kph,,,,2024,5,13,2024,5,13,16,75,,,75,,,,,,,100,,,2024-05-14,2025-01-28
2024-0320-IND,No,nat-met-sto-tro,Natural,Meteorological,Storm,Tropical cyclone,GLIDE:TC-2024-000083,Cyclone 'Remal',IND,India,Southern Asia,Asia,"Aizawl (Mizoram state); Bengal, Assam, Nagaland, Meghalaya states; West Bengal, Telangana",,"Flood|Industrial accidents|Slide (land, mud, snow, rock)",No,No,No,,,Kph,,,,2024,5,26,2024,5,30,51,500,2109143,,2109643,,,,,,,100,,,2024-06-06,2024-06-14
2024-0399-IND,No,nat-hyd-flo-fla,Natural,Hydrological,Flood,Flash flood,GLIDE:FF-2024-000100|GLIDE:FF-2024-000154,,IND,India,Southern Asia,Asia,Assam and Meghalaya states,Monsoon rains,,No,No,No,,,Km2,,,,2024,5,,2024,7,8,48,,2100000,,2100000,,,,,,,100,,,2024-06-21,2024-10-22
2024-0481-IND,No,nat-hyd-flo-flo,Natural,Hydrological,Flood,Flood (General),,,IND,India,Southern Asia,Asia,"Pratapgarh, Sultanpur, Chandauli, Mainpuri, Prayagraj, Auraiya, Deoria, Hathras, Varanasi and Siddharthnagar districts (Uttar Pradesh); Assam",Monsoon rain,Lightening,No,No,No,,,Km2,,,,2024,7,9,2024,7,15,125,20,1000000,,1000020,,,,,,,100,,,2024-07-15,2024-07-23
2024-0547-IND,No,nat-hyd-mmw-lan,Natural,Hydrological,Mass movement (wet),Landslide (wet),,,IND,India,Southern Asia,Asia,"Mundakkai, Chooralmala, Attamala, and Noolpuzha villages (Wayanad district, Kerala state)",Monsoon rain,,No,No,No,,,,,,,2024,7,30,2024,7,30,378,91,,3000,3091,,,,,140000,140000,100,,,2024-07-31,2025-02-06
2024-0561-IND,No,nat-hyd-flo-flo,Natural,Hydrological,Flood,Flood (General),,,IND,India,Southern Asia,Asia,"Mandi, Kullu, Shimla districts (Himachal Pradesh)",Heavy rains,,No,No,No,,,Km2,,,,2024,7,31,2024,8,23,46,,,,,,,,,,,100,,,2024-08-01,2025-03-18
2024-0627-IND,No,nat-hyd-mmw-lan,Natural,Hydrological,Mass movement (wet),Landslide (wet),,,IND,India,Southern Asia,Asia,"Dipu Dara village (Singtam municipality, Gangtok district, Sikkim state)",Heavy rains,,No,No,No,,,,,,,2024,8,22,2024,8,22,10,,90,,90,,,,,,,100,,,2024-08-22,2024-08-23
2024-0647-IND,No,nat-hyd-flo-flo,Natural,Hydrological,Flood,Flood (General),,,IND,India,Southern Asia,Asia,"Gujarat, Maharashtra, Tripura States",Monsoon rains,"Slide (land, mud, snow, rock)|Storm",No,No,No,,,Km2,,,,2024,8,26,2024,8,27,25,23,8007150,,8007173,,,,,,,100,,,2024-08-29,2024-10-22
2024-0719-IND,No,nat-hyd-flo-flo,Natural,Hydrological,Flood,Flood (General),,,IND,India,Southern Asia,Asia,Meghalaya,Heavy rains,"Slide (land, mud, snow, rock)",No,No,No,,,Km2,,,,2024,10,4,2024,10,7,15,,,,,,,,,,,100,,,2024-10-09,2024-10-28
2024-0778-IND,No,nat-met-sto-tro,Natural,Meteorological,Storm,Tropical cyclone,,Tropical storm 'Dana',IND,India,Southern Asia,Asia,Odisha and West Bengal,,Flood|Surge,No,No,No,,120,Kph,,,,2024,10,24,2024,10,25,9,12,3810000,,3810012,,,,,73300,73300,100,,,2024-10-28,2025-01-22
2024-0881-IND,No,nat-met-sto-tro,Natural,Meteorological,Storm,Tropical cyclone,GLIDE:TC-2024-000219,Storm 'Fengal',IND,India,Southern Asia,Asia,"Chennai city, Ooty town, Vellore city , Puducherry city (Tamil Nadu)",,"Flood|Slide (land, mud, snow, rock)|Surge",No,No,No,,80,Kph,,,,2024,12,1,2024,12,1,20,,,,,,,,,,,100,,,2024-12-06,2024-12-19
2025-0143-IND,No,nat-hyd-mmw-ava,Natural,Hydrological,Mass movement (wet),Avalanche (wet),,,IND,India,Southern Asia,Asia,Chamoli district (Uttarakhand),,,No,No,No,,,,,,,2025,2,28,2025,2,28,8,46,173,,219,,,,,,,,,,2025-02-28,2025-03-04
2025-0217-IND,No,nat-met-sto-sev,Natural,Meteorological,Storm,Severe weather,,,IND,India,Southern Asia,Asia,"Ganjam, Puri, Mayurbhanj districts (Odisha state)",,Flood|Hail|Lightening,No,No,No,,,Kph,,,,2025,3,22,2025,3,26,2,67,3000,,3067,,,,,2900,,,,,2025-03-27,2025-04-01
2025-0300-IND,No,nat-met-sto-sev,Natural,Meteorological,Storm,Severe weather,,,IND,India,Southern Asia,Asia,Tripura state,,Flood,No,No,No,,,Kph,,,,2025,4,18,2025,4,24,2,2,2500,,2502,,,,,,,,,,2025-04-28,2025-05-06
2025-0339-IND,No,nat-met-sto-sev,Natural,Meteorological,Storm,Severe weather,,,IND,India,Southern Asia,Asia,"Kheda, Dahod, Vadodara, Ahmedabad, Aravalli, Panchmahal districts (Gujarat state)",,Flood|Hail|Lightening,No,No,No,,,Kph,,,,2025,5,4,2025,5,7,14,16,35,,51,,,,,,,,,,2025-05-07,2025-05-16
2025-0451-IND,No,nat-met-sto-sev,Natural,Meteorological,Storm,Severe weather,,,IND,India,Southern Asia,Asia,"Rajasthan, Madhya Pradesh, Gujarat, Odisha, Uttarakhand",,"Flood|Slide (land, mud, snow, rock)",No,No,No,,,Kph,,,,2025,6,20,2025,6,26,27,1,33583,,33584,,,,,,,,,,2025-07-03,2025-07-14
2025-0469-IND,No,nat-hyd-flo-fla,Natural,Hydrological,Flood,Flash flood,,,IND,India,Southern Asia,Asia,"Himachal Pradesh, Uttarakhand",Monsoonal rains,"Slide (land, mud, snow, rock)",No,No,No,,,Km2,,,,2025,6,20,2025,7,7,140,74,80000,,80074,,,,,,,,,,2025-07-07,2025-07-16
2025-0651-IND,No,nat-hyd-mmw-mud,Natural,Hydrological,Mass movement (wet),Mudslide,,,IND,India,Southern Asia,Asia,"Dharali village (Uttarkashi district, Uttarakhand state)",Violent cloudburst,,No,No,No,,,,,,,2025,8,5,2025,8,5,105,,,,,,,,,,,,,,2025-08-06,2025-08-08
2025-0736-IND,No,nat-hyd-mmw-lan,Natural,Hydrological,Mass movement (wet),Landslide (wet),,,IND,India,Southern Asia,Asia,Jammu and Kashmir region,Heavy rain,,No,No,No,,,,,,,2025,8,26,2025,8,26,41,,3500,,3500,,,,,,,,,,2025-08-28,2025-08-29
2025-0751-IND,No,nat-hyd-flo-flo,Natural,Hydrological,Flood,Flood (General),,,IND,India,Southern Asia,Asia,Punjab state,Monsoon rain,"Slide (land, mud, snow, rock)",No,No,No,,,Km2,,,,2025,8,15,2025,9,19,52,,400000,,400000,,,,,,,,,,2025-09-01,2025-09-26
2025-0803-IND,No,nat-hyd-flo-fla,Natural,Hydrological,Flood,Flash flood,,,IND,India,Southern Asia,Asia,"Dehradun, Champawat, Haridwar, Pauri Garhwal, Bageshwar, Pithoragarh, Nainital, and Udham Singh Nagar districts (Uttarakhand State)",,"Lightening|Slide (land, mud, snow, rock)",No,No,No,,,Km2,,,,2025,9,15,2025,9,17,33,,900,,900,,,,,,,,,,2025-09-26,2025-09-29
2025-0859-IND,No,nat-hyd-flo-flo,Natural,Hydrological,Flood,Flood (General),,,IND,India,Southern Asia,Asia,Darjeeling (West Bengal); Bihar states,Heavy rains,"Slide (land, mud, snow, rock)",No,No,No,,,Km2,,,,2025,10,3,2025,10,7,32,13,,2500,2513,,,,,2200,,,,,2025-10-07,2025-10-20
2025-1000-IND,No,nat-met-sto-tro,Natural,Meteorological,Storm,Tropical cyclone,GLIDE:TC-2025-000213|GLIDE:TC-2025-000218,Tropical storm 'Ditwah',IND,India,Southern Asia,Asia,Tamil Nadu,,,No,No,No,,,Kph,,,,2025,11,27,2025,11,29,3,,,,,,,,,40000,,,,,2025-12-01,2025-12-17
2018-0295-IND,No,nat-hyd-flo-fla,Natural,Hydrological,Flood,Flash flood,GLIDE:FL-2018-000134,,IND,India,Southern Asia,Asia,"Thrissur, Chengannur (Kerala state); West Bengal, Odisha, Assam, Nagaland, Uttar Pradesh, Himachal Pradesh, Maharashtra states",Monsoonal rains,"Broken Dam/Burst bank|Slide (land, mud, snow, rock)",No,No,No,,,Km2,,,,2018,8,7,2018,8,20,504,,23000000,220000,23220000,,,,,2852480,3563391,80.04959626,"[{""adm1_code"":1487,""adm1_name"":""Assam""},{""adm1_code"":1493,""adm1_name"":""Himachal Pradesh""},{""adm1_code"":1498,""adm1_name"":""Maharashtra""},{""adm1_code"":1503,""adm1_name"":""Nagaland""},{""adm1_code"":1504,""adm1_name"":""Orissa""},{""adm1_code"":1511,""adm1_name"":""West Bengal""},{""adm1_code"":70081,""adm1_name"":""Uttar Pradesh""},{""adm2_code"":17708,""adm2_name"":""Thrissur""},{""adm2_code"":70298,""adm2_name"":""Alappuzha""}]","[{""gid_1"":""IND.13_1"",""migration_date"":""2025-12-20"",""migration_method"":""jaccard1"",""name_1"":""Himachal Pradesh""},{""gid_1"":""IND.20_1"",""migration_date"":""2025-12-20"",""migration_method"":""jaccard1"",""name_1"":""Maharashtra""},{""gid_1"":""IND.24_1"",""migration_date"":""2025-12-20"",""migration_method"":""jaccard1"",""name_1"":""Nagaland""},{""gid_1"":""IND.26_1"",""migration_date"":""2025-12-20"",""migration_method"":""jaccard1"",""name_1"":""Odisha""},{""gid_1"":""IND.34_1"",""migration_date"":""2025-12-20"",""migration_method"":""jaccard1"",""name_1"":""Uttar Pradesh""},{""gid_1"":""IND.36_1"",""migration_date"":""2025-12-20"",""migration_method"":""jaccard1"",""name_1"":""West Bengal""},{""gid_1"":""IND.4_1"",""migration_date"":""2025-12-20"",""migration_method"":""jaccard1"",""name_1"":""Assam""},{""gid_2"":""IND.17.13_1"",""migration_date"":""2025-12-20"",""migration_method"":""jaccard2"",""name_2"":""Thrissur""},{""gid_2"":""IND.17.1_1"",""migration_date"":""2025-12-20"",""migration_method"":""jaccard2"",""name_2"":""Alappuzha""}]",2018-08-13,2025-12-20
2019-0217-IND,No,nat-met-ext-hea,Natural,Meteorological,Extreme temperature,Heat wave,,,IND,India,Southern Asia,Asia,"Patna, Gaya, Bhagalpur cities; Aurangabad, Nawada districts (Bihar)",,,No,No,No,,42.2,°C,,,,2019,6,,2019,6,,90,,,,,,,,,,,81.50030941,"[{""adm2_code"":17786,""adm2_name"":""Aurangabad""},{""adm2_code"":17596,""adm2_name"":""Bhagalpur""},{""adm2_code"":17601,""adm2_name"":""Gaya""},{""adm2_code"":17616,""adm2_name"":""Nawada""},{""adm2_code"":17619,""adm2_name"":""Patna""}]","[{""gid_2"":""IND.20.4_1"",""migration_date"":""2025-12-20"",""migration_method"":""jaccard2"",""name_2"":""Aurangabad""},{""gid_2"":""IND.5.10_1"",""migration_date"":""2025-12-20"",""migration_method"":""jaccard2"",""name_2"":""Gaya""},{""gid_2"":""IND.5.24_1"",""migration_date"":""2025-12-20"",""migration_method"":""jaccard2"",""name_2"":""Nawada""},{""gid_2"":""IND.5.26_1"",""migration_date"":""2025-12-20"",""migration_method"":""jaccard2"",""name_2"":""Patna""},{""gid_2"":""IND.5.6_1"",""migration_date"":""2025-12-20"",""migration_method"":""jaccard2"",""name_2"":""Bhagalpur""}]",2019-06-17,2025-12-20
2019-0321-IND,No,nat-met-sto-lig,Natural,Meteorological,Storm,Lightning/Thunderstorms,,,IND,India,Southern Asia,Asia,"Uttar Pradesh, Maharashtra, and Bihar",,Flood|Hail,No,No,No,,,Kph,,,,2019,6,6,2019,6,14,50,,,,,,,,,,,81.50030941,"[{""adm1_code"":1498,""adm1_name"":""Maharashtra""},{""adm1_code"":70073,""adm1_name"":""Bihar""},{""adm1_code"":70081,""adm1_name"":""Uttar Pradesh""}]","[{""gid_1"":""IND.20_1"",""migration_date"":""2025-12-20"",""migration_method"":""jaccard1"",""name_1"":""Maharashtra""},{""gid_1"":""IND.34_1"",""migration_date"":""2025-12-20"",""migration_method"":""jaccard1"",""name_1"":""Uttar Pradesh""},{""gid_1"":""IND.5_1"",""migration_date"":""2025-12-20"",""migration_method"":""jaccard1"",""name_1"":""Bihar""}]",2019-07-12,2025-12-20
2020-0057-IND,No,nat-met-sto-bli,Natural,Meteorological,Storm,Blizzard/Winter storm,,,IND,India,Southern Asia,Asia,Jammu & Kashmir state,,"Avalanche (Snow, Debris)",No,No,No,,,Kph,,,,2020,1,11,2020,1,14,11,,,,,,,,,,,82.50568385,"[{""adm1_code"":40408,""adm1_name"":""Administrative unit not available""},{""adm1_code"":40409,""adm1_name"":""Administrative unit not available""},{""adm1_code"":40422,""adm1_name"":""Administrative unit not available""},{""adm1_code"":40423,""adm1_name"":""Administrative unit not available""},{""adm1_code"":40424,""adm1_name"":""Administrative unit not available""},{""adm1_code"":40425,""adm1_name"":""Administrative unit not available""},{""adm1_code"":40426,""adm1_name"":""Administrative unit not available""},{""adm1_code"":40427,""adm1_name"":""Administrative unit not available""},{""adm1_code"":40428,""adm1_name"":""Administrative unit not available""},{""adm1_code"":40429,""adm1_name"":""Administrative unit not available""},{""adm1_code"":40430,""adm1_name"":""Administrative unit not available""},{""adm1_code"":40431,""adm1_name"":""Administrative unit not available""}]","[{""gid_1"":""Z06.1_1"",""migration_date"":""2025-12-20"",""migration_method"":""jaccard1"",""name_1"":""Azad Kashmir""},{""gid_1"":""Z06.6_1"",""migration_date"":""2025-12-20"",""migration_method"":""jaccard1"",""name_1"":""Gilgit-Baltistan""},{""gid_2"":""Z01.14.10_1"",""migration_date"":""2025-12-20"",""migration_method"":""puzzle1_2"",""name_2"":""Kishtwar""},{""gid_2"":""Z01.14.12_1"",""migration_date"":""2025-12-20"",""migration_method"":""puzzle1_2"",""name_2"":""Kupwara""},{""gid_2"":""Z01.14.13_1"",""migration_date"":""2025-12-20"",""migration_method"":""puzzle1_2"",""name_2"":""Leh (Ladakh)""},{""gid_2"":""Z01.14.14_1"",""migration_date"":""2025-12-20"",""migration_method"":""puzzle1_2"",""name_2"":""Poonch""},{""gid_2"":""Z01.14.16_1"",""migration_date"":""2025-12-20"",""migration_method"":""puzzle1_2"",""name_2"":""Rajouri""},{""gid_2"":""Z01.14.17_1"",""migration_date"":""2025-12-20"",""migration_method"":""puzzle1_2"",""name_2"":""Ramban""},{""gid_2"":""Z01.14.18_1"",""migration_date"":""2025-12-20"",""migration_method"":""puzzle1_2"",""name_2"":""Reasi""},{""gid_2"":""Z01.14.19_1"",""migration_date"":""2025-12-20"",""migration_method"":""puzzle1_2"",""name_2"":""Samba""},{""gid_2"":""Z01.14.21_1"",""migration_date"":""2025-12-20"",""migration_method"":""puzzle1_2"",""name_2"":""Srinagar""},{""gid_2"":""Z01.14.22_1"",""migration_date"":""2025-12-20"",""migration_method"":""puzzle1_2"",""name_2"":""Udhampur""},{""gid_2"":""Z01.14.2_1"",""migration_date"":""2025-12-20"",""migration_method"":""puzzle1_2"",""name_2"":""Badgam""},{""gid_2"":""Z01.14.3_1"",""migration_date"":""2025-12-20"",""migration_method"":""puzzle1_2"",""name_2"":""Bandipore""},{""gid_2"":""Z01.14.4_1"",""migration_date"":""2025-12-20"",""migration_method"":""puzzle1_2"",""name_2"":""Baramulla""},{""gid_2"":""Z01.14.5_1"",""migration_date"":""2025-12-20"",""migration_method"":""puzzle1_2"",""name_2"":""Doda""},{""gid_2"":""Z01.14.6_1"",""migration_date"":""2025-12-20"",""migration_method"":""puzzle1_2"",""name_2"":""Ganderbal""},{""gid_2"":""Z01.14.7_1"",""migration_date"":""2025-12-20"",""migration_method"":""puzzle1_2"",""name_2"":""Jammu""},{""gid_2"":""Z01.14.8_1"",""migration_date"":""2025-12-20"",""migration_method"":""puzzle1_2"",""name_2"":""Kargil""},{""gid_2"":""Z01.14.9_1"",""migration_date"":""2025-12-20"",""migration_method"":""puzzle1_2"",""name_2"":""Kathua""}]",2020-02-12,2025-12-20
2020-0211-IND,No,nat-met-sto-tro,Natural,Meteorological,Storm,Tropical cyclone,GLIDE:TC-2020-000137,Cyclone 'Amphan',IND,India,Southern Asia,Asia,"Balasore (Baleshwar) , Bhadrak, Kendrapada and Jagatsinghpur (Odisha); East Midunapur, West Midhunapur, North24 Parganas, South24 Parganas, Nadia, Howrah, Kolkata and Hoogli (West Bengal)",,,No,No,No,,185,Kph,,,,2020,5,20,2020,5,20,90,,18000000,,18000000,,,,,13500000,16362509,82.50568385,"[{""adm2_code"":70207,""adm2_name"":""Baleshwar""},{""adm2_code"":70209,""adm2_name"":""Bhadrak""},{""adm2_code"":70214,""adm2_name"":""Jagatsinghpur""},{""adm2_code"":70218,""adm2_name"":""Kendrapara""},{""adm2_code"":17949,""adm2_name"":""Haora""},{""adm2_code"":17950,""adm2_name"":""Hugli""},{""adm2_code"":17956,""adm2_name"":""Nadia""},{""adm2_code"":70291,""adm2_name"":""East Midnapore""},{""adm2_code"":70292,""adm2_name"":""Kolkata""},{""adm2_code"":70293,""adm2_name"":""North 24 Parganas""},{""adm2_code"":70294,""adm2_name"":""South 24 Parganas""},{""adm2_code"":70296,""adm2_name"":""West Midnapore""}]","[{""gid_2"":""IND.26.12_1"",""migration_date"":""2025-12-20"",""migration_method"":""jaccard2"",""name_2"":""Jagatsinghapur""},{""gid_2"":""IND.26.17_1"",""migration_date"":""2025-12-20"",""migration_method"":""jaccard2"",""name_2"":""Kendrapara""},{""gid_2"":""IND.26.3_1"",""migration_date"":""2025-12-20"",""migration_method"":""jaccard2"",""name_2"":""Baleshwar""},{""gid_2"":""IND.26.6_1"",""migration_date"":""2025-12-20"",""migration_method"":""jaccard2"",""name_2"":""Bhadrak""},{""gid_2"":""IND.36.11_1"",""migration_date"":""2025-12-20"",""migration_method"":""jaccard2"",""name_2"":""Kolkata""},{""gid_2"":""IND.36.14_1"",""migration_date"":""2025-12-20"",""migration_method"":""jaccard2"",""name_2"":""Nadia""},{""gid_2"":""IND.36.15_1"",""migration_date"":""2025-12-20"",""migration_method"":""jaccard2"",""name_2"":""North 24 Parganas""},{""gid_2"":""IND.36.16_1"",""migration_date"":""2025-12-20"",""migration_method"":""jaccard2"",""name_2"":""Pashchim Medinipur""},{""gid_2"":""IND.36.17_1"",""migration_date"":""2025-12-20"",""migration_method"":""jaccard2"",""name_2"":""Purba Medinipur""},{""gid_2"":""IND.36.19_1"",""migration_date"":""2025-12-20"",""migration_method"":""jaccard2"",""name_2"":""South 24 Parganas""},{""gid_2"":""IND.36.7_1"",""migration_date"":""2025-12-20"",""migration_method"":""jaccard2"",""name_2"":""Haora""},{""gid_2"":""IND.36.8_1"",""migration_date"":""2025-12-20"",""migration_method"":""jaccard2"",""name_2"":""Hugli""}]",2020-05-27,2025-12-20
2021-0252-IND,No,nat-met-sto-tro,Natural,Meteorological,Storm,Tropical cyclone,GLIDE:TC-2021-000056,Tropical cyclone 'Tauktae',IND,India,Southern Asia,Asia,"Kerala, Karnataka, Goa, Maharashtra, Gujarat, Rajasthan, Delhi, Haryana, Uttar Pradesh and Uttarakhand",,,No,No,No,,222,Kph,,,,2021,5,14,2021,5,19,198,153,700000,,700153,,,,,1400000,1620714,86.38165694,"[{""adm1_code"":1489,""adm1_name"":""Delhi""},{""adm1_code"":1490,""adm1_name"":""Goa""},{""adm1_code"":1491,""adm1_name"":""Gujarat""},{""adm1_code"":1492,""adm1_name"":""Haryana""},{""adm1_code"":1494,""adm1_name"":""Karnataka""},{""adm1_code"":1495,""adm1_name"":""Kerala""},{""adm1_code"":1498,""adm1_name"":""Maharashtra""},{""adm1_code"":1506,""adm1_name"":""Rajasthan""},{""adm1_code"":70081,""adm1_name"":""Uttar Pradesh""},{""adm1_code"":70082,""adm1_name"":""Uttarakhand""}]","[{""gid_1"":""IND.10_1"",""migration_date"":""2025-12-20"",""migration_method"":""jaccard1"",""name_1"":""Goa""},{""gid_1"":""IND.11_1"",""migration_date"":""2025-12-20"",""migration_method"":""jaccard1"",""name_1"":""Gujarat""},{""gid_1"":""IND.12_1"",""migration_date"":""2025-12-20"",""migration_method"":""jaccard1"",""name_1"":""Haryana""},{""gid_1"":""IND.16_1"",""migration_date"":""2025-12-20"",""migration_method"":""jaccard1"",""name_1"":""Karnataka""},{""gid_1"":""IND.17_1"",""migration_date"":""2025-12-20"",""migration_method"":""jaccard1"",""name_1"":""Kerala""},{""gid_1"":""IND.20_1"",""migration_date"":""2025-12-20"",""migration_method"":""jaccard1"",""name_1"":""Maharashtra""},{""gid_1"":""IND.25_1"",""migration_date"":""2025-12-20"",""migration_method"":""jaccard1"",""name_1"":""NCT of Delhi""},{""gid_1"":""IND.29_1"",""migration_date"":""2025-12-20"",""migration_method"":""jaccard1"",""name_1"":""Rajasthan""},{""gid_1"":""IND.34_1"",""migration_date"":""2025-12-20"",""migration_method"":""jaccard1"",""name_1"":""Uttar Pradesh""},{""gid_1"":""IND.35_1"",""migration_date"":""2025-12-20"",""migration_method"":""jaccard1"",""name_1"":""Uttarakhand""}]",2021-05-17,2025-12-20
2021-0295-IND,No,nat-met-sto-tro,Natural,Meteorological,Storm,Tropical cyclone,GLIDE:TC-2021-000058,Cyclone 'Yaas',IND,India,Southern Asia,Asia,"Bengale occidental, Odisha",,Surge,No,No,No,,155,Kph,,,,2021,5,25,2021,5,29,19,,1625000,,1625000,,,,,3000000,3472960,86.38165694,"[{""adm1_code"":1504,""adm1_name"":""Orissa""},{""adm1_code"":1511,""adm1_name"":""West Bengal""}]","[{""gid_1"":""IND.26_1"",""migration_date"":""2025-12-20"",""migration_method"":""jaccard1"",""name_1"":""Odisha""},{""gid_1"":""IND.36_1"",""migration_date"":""2025-12-20"",""migration_method"":""jaccard1"",""name_1"":""West Bengal""}]",2021-06-21,2025-12-20
2021-0316-IND,No,nat-hyd-flo-flo,Natural,Hydrological,Flood,Flood (General),,,IND,India,Southern Asia,Asia,"Bihar, Uttar Pradesh, Gujarat, Kerala, Karnataka, Uttarakhand, Maharashtra, Chhattisgarh, West Bengal, and Tripura states",Heavy rains,,No,No,No,,,Km2,,,,2021,6,1,2021,6,30,59,,1000,,1000,,,,,100000,115765,86.38165694,"[{""adm1_code"":1491,""adm1_name"":""Gujarat""},{""adm1_code"":1494,""adm1_name"":""Karnataka""},{""adm1_code"":1495,""adm1_name"":""Kerala""},{""adm1_code"":1498,""adm1_name"":""Maharashtra""},{""adm1_code"":1509,""adm1_name"":""Tripura""},{""adm1_code"":1511,""adm1_name"":""West Bengal""},{""adm1_code"":70073,""adm1_name"":""Bihar""},{""adm1_code"":70075,""adm1_name"":""Chhattisgarh""},{""adm1_code"":70081,""adm1_name"":""Uttar Pradesh""},{""adm1_code"":70082,""adm1_name"":""Uttarakhand""}]","[{""gid_1"":""IND.11_1"",""migration_date"":""2025-12-20"",""migration_method"":""jaccard1"",""name_1"":""Gujarat""},{""gid_1"":""IND.16_1"",""migration_date"":""2025-12-20"",""migration_method"":""jaccard1"",""name_1"":""Karnataka""},{""gid_1"":""IND.17_1"",""migration_date"":""2025-12-20"",""migration_method"":""jaccard1"",""name_1"":""Kerala""},{""gid_1"":""IND.20_1"",""migration_date"":""2025-12-20"",""migration_method"":""jaccard1"",""name_1"":""Maharashtra""},{""gid_1"":""IND.33_1"",""migration_date"":""2025-12-20"",""migration_method"":""jaccard1"",""name_1"":""Tripura""},{""gid_1"":""IND.34_1"",""migration_date"":""2025-12-20"",""migration_method"":""jaccard1"",""name_1"":""Uttar Pradesh""},{""gid_1"":""IND.35_1"",""migration_date"":""2025-12-20"",""migration_method"":""jaccard1"",""name_1"":""Uttarakhand""},{""gid_1"":""IND.36_1"",""migration_date"":""2025-12-20"",""migration_method"":""jaccard1"",""name_1"":""West Bengal""},{""gid_1"":""IND.5_1"",""migration_date"":""2025-12-20"",""migration_method"":""jaccard1"",""name_1"":""Bihar""},{""gid_1"":""IND.7_1"",""migration_date"":""2025-12-20"",""migration_method"":""jaccard1"",""name_1"":""Chhattisgarh""}]",2021-06-22,2025-12-20
2021-0435-IND,No,nat-hyd-flo-flo,Natural,Hydrological,Flood,Flood (General),,,IND,India,Southern Asia,Asia,"Pune, Raigada, Satara and Ratnagiri (Maharasthra); Goa, Karnataka, Jharkhand, Bengale, Himachal Pradesh, Uttarakand states",Monsoon rains,"Slide (land, mud, snow, rock)",No,No,No,,,Km2,,,,2021,6,1,2021,9,30,1282,,375000,,375000,,,,,3100000,3588725,86.38165694,"[{""adm1_code"":1490,""adm1_name"":""Goa""},{""adm1_code"":1493,""adm1_name"":""Himachal Pradesh""},{""adm1_code"":1494,""adm1_name"":""Karnataka""},{""adm1_code"":1511,""adm1_name"":""West Bengal""},{""adm1_code"":70078,""adm1_name"":""Jharkhand""},{""adm1_code"":70082,""adm1_name"":""Uttarakhand""},{""adm2_code"":17776,""adm2_name"":""Pune""},{""adm2_code"":17777,""adm2_name"":""Raigarh""},{""adm2_code"":17778,""adm2_name"":""Ratnagiri""},{""adm2_code"":17781,""adm2_name"":""Satara""}]","[{""gid_1"":""IND.10_1"",""migration_date"":""2025-12-20"",""migration_method"":""jaccard1"",""name_1"":""Goa""},{""gid_1"":""IND.13_1"",""migration_date"":""2025-12-20"",""migration_method"":""jaccard1"",""name_1"":""Himachal Pradesh""},{""gid_1"":""IND.15_1"",""migration_date"":""2025-12-20"",""migration_method"":""jaccard1"",""name_1"":""Jharkhand""},{""gid_1"":""IND.16_1"",""migration_date"":""2025-12-20"",""migration_method"":""jaccard1"",""name_1"":""Karnataka""},{""gid_1"":""IND.35_1"",""migration_date"":""2025-12-20"",""migration_method"":""jaccard1"",""name_1"":""Uttarakhand""},{""gid_1"":""IND.36_1"",""migration_date"":""2025-12-20"",""migration_method"":""jaccard1"",""name_1"":""West Bengal""},{""gid_2"":""IND.20.26_1"",""migration_date"":""2025-12-20"",""migration_method"":""jaccard2"",""name_2"":""Pune""},{""gid_2"":""IND.20.27_1"",""migration_date"":""2025-12-20"",""migration_method"":""jaccard2"",""name_2"":""Raigarh""},{""gid_2"":""IND.20.28_1"",""migration_date"":""2025-12-20"",""migration_method"":""jaccard2"",""name_2"":""Ratnagiri""},{""gid_2"":""IND.20.30_1"",""migration_date"":""2025-12-20"",""migration_method"":""jaccard2"",""name_2"":""Satara""}]",2021-07-26,2025-12-20
2021-0722-IND,No,nat-hyd-flo-flo,Natural,Hydrological,Flood,Flood (General),GLIDE:FL-2021-000172,,IND,India,Southern Asia,Asia,Tamil Nadu,Heavy rains,,No,No,No,,,Km2,,,,2021,11,6,2021,11,8,14,,11000,,11000,,,,,,,86.38165694,"[{""adm1_code"":1508,""adm1_name"":""Tamil Nadu""}]","[{""gid_1"":""IND.31_1"",""migration_date"":""2025-12-20"",""migration_method"":""jaccard1"",""name_1"":""Tamil Nadu""}]",2021-11-08,2025-12-20
2021-0748-IND,No,nat-hyd-flo-flo,Natural,Hydrological,Flood,Flood (General),,,IND,India,Southern Asia,Asia,"Chittoor, Kadapa, Anantapur, Nellore districts (Andhra Pradesh)",Heavy rains,Broken Dam/Burst bank,No,No,Yes,,,Km2,,,,2021,11,18,2021,11,19,62,,74500,,74500,,,,,,,86.38165694,"[{""adm2_code"":17548,""adm2_name"":""Anantapur""},{""adm2_code"":17549,""adm2_name"":""Chittoor""},{""adm2_code"":17550,""adm2_name"":""Cuddapah""},{""adm2_code"":17561,""adm2_name"":""Nellore""}]","[{""gid_2"":""IND.2.13_1"",""migration_date"":""2025-12-20"",""migration_method"":""jaccard2"",""name_2"":""Y.S.R.""},{""gid_2"":""IND.2.1_1"",""migration_date"":""2025-12-20"",""migration_method"":""jaccard2"",""name_2"":""Anantapur""},{""gid_2"":""IND.2.2_1"",""migration_date"":""2025-12-20"",""migration_method"":""jaccard2"",""name_2"":""Chittoor""},{""gid_2"":""IND.2.7_1"",""migration_date"":""2025-12-20"",""migration_method"":""jaccard2"",""name_2"":""Nellore""}]",2021-11-23,2025-12-20
2022-0395-IND,No,nat-hyd-mmw-lan,Natural,Hydrological,Mass movement (wet),Landslide (wet),,,IND,India,Southern Asia,Asia,"Tapul village (Noney District, Manipur State); Mumbai",Heavy rains,,No,No,No,,,,,,,2022,6,30,2022,7,6,67,,,,,,,,,,,93.29460735,"[{""adm1_code"":1500,""adm1_name"":""Manipur""},{""adm2_code"":70184,""adm2_name"":""Mumbai city""}]","[{""gid_1"":""IND.21_1"",""migration_date"":""2025-12-20"",""migration_method"":""jaccard1"",""name_1"":""Manipur""},{""gid_2"":""IND.20.17_1"",""migration_date"":""2025-12-20"",""migration_method"":""jaccard2"",""name_2"":""Mumbai City""}]",2022-07-05,2025-12-20
2023-0359-IND,No,nat-hyd-flo-fla,Natural,Hydrological,Flood,Flash flood,,,IND,India,Southern Asia,Asia,"Mandi, Solan and Hamirpur districts (Himachal Pradesh); Uttarakhand, Punjab, NewDelhi, Haryana",Monsoon rains,"Slide (land, mud, snow, rock)",No,No,No,,,Km2,,,,2023,6,26,2023,7,12,62,,5,,5,,,,,3000,3088,97.13499264,"[{""adm1_code"":1489,""adm1_name"":""Delhi""},{""adm1_code"":1492,""adm1_name"":""Haryana""},{""adm1_code"":1505,""adm1_name"":""Punjab""},{""adm1_code"":70082,""adm1_name"":""Uttarakhand""},{""adm2_code"":17668,""adm2_name"":""Hamirpur""},{""adm2_code"":17673,""adm2_name"":""Mandi""},{""adm2_code"":17676,""adm2_name"":""Solan""}]","[{""gid_1"":""IND.12_1"",""migration_date"":""2025-12-20"",""migration_method"":""jaccard1"",""name_1"":""Haryana""},{""gid_1"":""IND.25_1"",""migration_date"":""2025-12-20"",""migration_method"":""jaccard1"",""name_1"":""NCT of Delhi""},{""gid_1"":""IND.28_1"",""migration_date"":""2025-12-20"",""migration_method"":""jaccard1"",""name_1"":""Punjab""},{""gid_1"":""IND.35_1"",""migration_date"":""2025-12-20"",""migration_method"":""jaccard1"",""name_1"":""Uttarakhand""},{""gid_2"":""IND.13.11_1"",""migration_date"":""2025-12-20"",""migration_method"":""jaccard2"",""name_2"":""Solan""},{""gid_2"":""IND.13.3_1"",""migration_date"":""2025-12-20"",""migration_method"":""jaccard2"",""name_2"":""Hamirpur""},{""gid_2"":""IND.13.8_1"",""migration_date"":""2025-12-20"",""migration_method"":""jaccard2"",""name_2"":""Mandi""}]",2023-06-29,2025-12-20
2000-0415-IND,No,nat-hyd-mmw-lan,Natural,Hydrological,Mass movement (wet),Landslide (wet),,,IND,India,Southern Asia,Asia,"Ghatkopar village (Mumbai Suburban district, Maharashtra province)",Heavy rain,,No,No,No,,,,,,,2000,7,12,2000,7,12,58,38,7000,,7038,,,,,,,54.89515197,"[{""adm2_code"":70183,""adm2_name"":""Mumbai Suburban""}]","[{""gid_2"":""IND.20.18_1"",""migration_date"":""2025-12-20"",""migration_method"":""jaccard2"",""name_2"":""Mumbai Suburban""}]",2005-04-24,2025-12-20
2018-0119-IND,No,nat-cli-wil-for,Natural,Climatological,Wildfire,Forest fire,,,IND,India,Southern Asia,Asia,Tamil nadu,,,No,No,No,,,Km2,,,,2018,3,10,2018,3,10,17,,,,,,,,,,,80.04959626,"[{""adm1_code"":1508,""adm1_name"":""Tamil Nadu""}]","[{""gid_1"":""IND.31_1"",""migration_date"":""2025-12-20"",""migration_method"":""jaccard1"",""name_1"":""Tamil Nadu""}]",2018-04-16,2025-12-20
2000-0534-IND,No,nat-hyd-flo-fla,Natural,Hydrological,Flood,Flash flood,,,IND,India,Southern Asia,Asia,"Adilabad, Cuddapah, East Godavari, Guntur, Hyderabad, Karimnagar, Khammam, Krishna, Kurnool, Mahbubnagar, Medak, Nalgonda, Nellore, Nizamabad, Prakasam, Rangareddi, Vishakhapatnam, Warangal, West Godavari districts (Andhra Pradesh province)",Brief torrential rain,,No,No,No,,129500,Km2,,,Godavari,2000,8,23,2000,8,31,179,16,,252000,252016,,,,,173000,315146,54.89515197,"[{""adm2_code"":17547,""adm2_name"":""Adilabad""},{""adm2_code"":17550,""adm2_name"":""Cuddapah""},{""adm2_code"":17551,""adm2_name"":""East Godavari""},{""adm2_code"":17552,""adm2_name"":""Guntur""},{""adm2_code"":17553,""adm2_name"":""Hyderabad""},{""adm2_code"":17554,""adm2_name"":""Karimnagar""},{""adm2_code"":17555,""adm2_name"":""Khammam""},{""adm2_code"":17556,""adm2_name"":""Krishna""},{""adm2_code"":17557,""adm2_name"":""Kurnool""},{""adm2_code"":17558,""adm2_name"":""Mahbubnagar""},{""adm2_code"":17559,""adm2_name"":""Medak""},{""adm2_code"":17560,""adm2_name"":""Nalgonda""},{""adm2_code"":17561,""adm2_name"":""Nellore""},{""adm2_code"":17562,""adm2_name"":""Nizamabad""},{""adm2_code"":17563,""adm2_name"":""Prakasam""},{""adm2_code"":17564,""adm2_name"":""Rangareddi""},{""adm2_code"":17566,""adm2_name"":""Vishakhapatnam""},{""adm2_code"":17568,""adm2_name"":""Warangal""},{""adm2_code"":17569,""adm2_name"":""West Godavari""}]","[{""gid_2"":""IND.2.10_1"",""migration_date"":""2025-12-20"",""migration_method"":""jaccard2"",""name_2"":""Visakhapatnam""},{""gid_2"":""IND.2.12_1"",""migration_date"":""2025-12-20"",""migration_method"":""jaccard2"",""name_2"":""West Godavari""},{""gid_2"":""IND.2.13_1"",""migration_date"":""2025-12-20"",""migration_method"":""jaccard2"",""name_2"":""Y.S.R.""},{""gid_2"":""IND.2.3_1"",""migration_date"":""2025-12-20"",""migration_method"":""jaccard2"",""name_2"":""East Godavari""},{""gid_2"":""IND.2.4_1"",""migration_date"":""2025-12-20"",""migration_method"":""jaccard2"",""name_2"":""Guntur""},{""gid_2"":""IND.2.5_1"",""migration_date"":""2025-12-20"",""migration_method"":""jaccard2"",""name_2"":""Krishna""},{""gid_2"":""IND.2.6_1"",""migration_date"":""2025-12-20"",""migration_method"":""jaccard2"",""name_2"":""Kurnool""},{""gid_2"":""IND.2.7_1"",""migration_date"":""2025-12-20"",""migration_method"":""jaccard2"",""name_2"":""Nellore""},{""gid_2"":""IND.2.8_1"",""migration_date"":""2025-12-20"",""migration_method"":""jaccard2"",""name_2"":""Prakasam""},{""gid_2"":""IND.32.10_1"",""migration_date"":""2025-12-20"",""migration_method"":""jaccard2"",""name_2"":""Warangal""},{""gid_2"":""IND.32.1_1"",""migration_date"":""2025-12-20"",""migration_method"":""jaccard2"",""name_2"":""Adilabad""},{""gid_2"":""IND.32.2_1"",""migration_date"":""2025-12-20"",""migration_method"":""jaccard2"",""name_2"":""Hyderabad""},{""gid_2"":""IND.32.3_1"",""migration_date"":""2025-12-20"",""migration_method"":""jaccard2"",""name_2"":""Karimnagar""},{""gid_2"":""IND.32.4_1"",""migration_date"":""2025-12-20"",""migration_method"":""jaccard2"",""name_2"":""Khammam""},{""gid_2"":""IND.32.5_1"",""migration_date"":""2025-12-20"",""migration_method"":""jaccard2"",""name_2"":""Mahbubnagar""},{""gid_2"":""IND.32.6_1"",""migration_date"":""2025-12-20"",""migration_method"":""jaccard2"",""name_2"":""Medak""},{""gid_2"":""IND.32.7_1"",""migration_date"":""2025-12-20"",""migration_method"":""jaccard2"",""name_2"":""Nalgonda""},{""gid_2"":""IND.32.8_1"",""migration_date"":""2025-12-20"",""migration_method"":""jaccard2"",""name_2"":""Nizamabad""},{""gid_2"":""IND.32.9_1"",""migration_date"":""2025-12-20"",""migration_method"":""jaccard2"",""name_2"":""Ranga Reddy""}]",2006-02-23,2025-12-20
2000-0610-IND,No,nat-hyd-flo-riv,Natural,Hydrological,Flood,Riverine flood,,,IND,India,Southern Asia,Asia,"Birbhum, Bardhaman, Murshidabad, Maldah districts (West Bengal province), Dumka, Sahibganj, Deoghar districts (Jharkhand province), Banka, Bhagalpur, Munger, Sheikhpura districts (Bihar province)",Monsoonal rain,,No,No,No,,12680,Km2,,,"Ganges, Kosi, Bagmati, Burhi Ganduk, Hoogly, Kharia, Ichamati and Jamuna",2000,9,18,2000,10,21,884,,24600000,,24600000,,,,,691500,1259674,54.89515197,"[{""adm2_code"":17946,""adm2_name"":""Barddhaman""},{""adm2_code"":17947,""adm2_name"":""Birbhum""},{""adm2_code"":17953,""adm2_name"":""Maldah""},{""adm2_code"":17955,""adm2_name"":""Murshidabad""},{""adm2_code"":17596,""adm2_name"":""Bhagalpur""},{""adm2_code"":17614,""adm2_name"":""Munger""},{""adm2_code"":70095,""adm2_name"":""Banka""},{""adm2_code"":70102,""adm2_name"":""Sheikhpura""},{""adm2_code"":17600,""adm2_name"":""Deoghar""},{""adm2_code"":70142,""adm2_name"":""Dumka""},{""adm2_code"":70154,""adm2_name"":""Sahibganj""}]","[{""gid_2"":""IND.15.22_1"",""migration_date"":""2025-12-20"",""migration_method"":""jaccard2"",""name_2"":""Sahibganj""},{""gid_2"":""IND.15.3_1"",""migration_date"":""2025-12-20"",""migration_method"":""jaccard2"",""name_2"":""Deoghar""},{""gid_2"":""IND.15.5_1"",""migration_date"":""2025-12-20"",""migration_method"":""jaccard2"",""name_2"":""Dumka""},{""gid_2"":""IND.36.12_1"",""migration_date"":""2025-12-20"",""migration_method"":""jaccard2"",""name_2"":""Maldah""},{""gid_2"":""IND.36.13_1"",""migration_date"":""2025-12-20"",""migration_method"":""jaccard2"",""name_2"":""Murshidabad""},{""gid_2"":""IND.36.3_1"",""migration_date"":""2025-12-20"",""migration_method"":""jaccard2"",""name_2"":""Barddhaman""},{""gid_2"":""IND.36.4_1"",""migration_date"":""2025-12-20"",""migration_method"":""jaccard2"",""name_2"":""Birbhum""},{""gid_2"":""IND.5.21_1"",""migration_date"":""2025-12-20"",""migration_method"":""jaccard2"",""name_2"":""Munger""},{""gid_2"":""IND.5.33_1"",""migration_date"":""2025-12-20"",""migration_method"":""jaccard2"",""name_2"":""Sheikhpura""},{""gid_2"":""IND.5.4_1"",""migration_date"":""2025-12-20"",""migration_method"":""jaccard2"",""name_2"":""Banka""},{""gid_2"":""IND.5.6_1"",""migration_date"":""2025-12-20"",""migration_method"":""jaccard2"",""name_2"":""Bhagalpur""}]",2005-09-15,2025-12-20
2001-0387-IND,No,nat-hyd-flo-riv,Natural,Hydrological,Flood,Riverine flood,,,IND,India,Southern Asia,Asia,"Idukki, Kottayam, Pattanamtitta, Kollam, Alappuzha districts (Kerala province)",Monsoonal rain,,No,No,No,,4470,Km2,,,,2001,7,4,2001,7,16,86,,40000,,40000,,,,,116924,207141,56.44657635,"[{""adm2_code"":17700,""adm2_name"":""Idukki""},{""adm2_code"":17702,""adm2_name"":""Kottayam""},{""adm2_code"":17706,""adm2_name"":""Pattanamtitta""},{""adm2_code"":17707,""adm2_name"":""Kollam""},{""adm2_code"":70298,""adm2_name"":""Alappuzha""}]","[{""gid_2"":""IND.17.11_1"",""migration_date"":""2025-12-20"",""migration_method"":""jaccard2"",""name_2"":""Pathanamthitta""},{""gid_2"":""IND.17.1_1"",""migration_date"":""2025-12-20"",""migration_method"":""jaccard2"",""name_2"":""Alappuzha""},{""gid_2"":""IND.17.3_1"",""migration_date"":""2025-12-20"",""migration_method"":""jaccard2"",""name_2"":""Idukki""},{""gid_2"":""IND.17.6_1"",""migration_date"":""2025-12-20"",""migration_method"":""jaccard2"",""name_2"":""Kollam""},{""gid_2"":""IND.17.7_1"",""migration_date"":""2025-12-20"",""migration_method"":""jaccard2"",""name_2"":""Kottayam""}]",2005-09-20,2025-12-20
2001-0501-IND,No,nat-hyd-mmw-lan,Natural,Hydrological,Mass movement (wet),Landslide (wet),,,IND,India,Southern Asia,Asia,Chamba district (Himachal Pradesh province),,,No,No,No,,,,,,,2001,8,14,2001,8,14,16,,,,,,,,,,,56.44657635,"[{""adm2_code"":17667,""adm2_name"":""Chamba""}]","[{""gid_2"":""IND.13.2_1"",""migration_date"":""2025-12-20"",""migration_method"":""jaccard2"",""name_2"":""Chamba""}]",2003-07-01,2025-12-20
2001-0584-IND,No,nat-met-sto-tro,Natural,Meteorological,Storm,Tropical cyclone,,,IND,India,Southern Asia,Asia,Andhra Pradesh province,,,No,No,No,,,Kph,,,,2001,10,,2001,10,,78,,25000,2000,27000,,,,,,,56.44657635,"[{""adm1_code"":1485,""adm1_name"":""Andhra Pradesh""}]","[{""gid_1"":""IND.2_1"",""migration_date"":""2025-12-20"",""migration_method"":""puzzle1_1"",""name_1"":""Andhra Pradesh""},{""gid_1"":""IND.32_1"",""migration_date"":""2025-12-20"",""migration_method"":""puzzle1_1"",""name_1"":""Telangana""}]",2003-07-01,2025-12-20
2001-0794-IND,No,nat-hyd-flo-flo,Natural,Hydrological,Flood,Flood (General),,,IND,India,Southern Asia,Asia,"Saran, Gopalganj districts (Bihar province)",,,No,No,No,,,Km2,,,,2001,9,7,2001,9,24,146,,,,,,,,,103000,182473,56.44657635,"[{""adm2_code"":17604,""adm2_name"":""Gopalganj""},{""adm2_code"":17628,""adm2_name"":""Saran""}]","[{""gid_2"":""IND.5.11_1"",""migration_date"":""2025-12-20"",""migration_method"":""jaccard2"",""name_2"":""Gopalganj""},{""gid_2"":""IND.5.32_1"",""migration_date"":""2025-12-20"",""migration_method"":""jaccard2"",""name_2"":""Saran""}]",2006-07-20,2025-12-20
2002-0216-IND,No,nat-met-sto-hai,Natural,Meteorological,Storm,Hail,,,IND,India,Southern Asia,Asia,Orissa province,,,No,No,No,,,Kph,,,,2002,4,11,2002,4,11,,200,10000,,10200,,,,,,,57.34184015,"[{""adm1_code"":1504,""adm1_name"":""Orissa""}]","[{""gid_1"":""IND.26_1"",""migration_date"":""2025-12-20"",""migration_method"":""jaccard1"",""name_1"":""Odisha""}]",2003-07-01,2025-12-20
2002-0374-IND,No,nat-hyd-flo-riv,Natural,Hydrological,Flood,Riverine flood,,,IND,India,Southern Asia,Asia,"Barpeta, Bongaigaon, Cachar, Darrang, Dhemaji, Dhuburi, Dibrugarh, Goalpara, Golaghat, Jorhat, Kamrup, Karimganj, Kokrajhar, Lakhimpur, Marigaon, Nagaon, Nalbari, Sibsagar, Sonitpur, Tinsukia districts (Assam province), Araria, Begusarai, Bhagalpur, Darbhanga, Gopalganj, Katihar, Khagaria, Kishanganj, Madhepura, Madhubani, Muzaffarpur, Nalanda, Pashchim Champaran, Patna, Pruba Champaran, Purnia, Saharsa, Samastipur, Saran, Sheikhpura, Sheohar, Sitamarhi, Siwan, Supaul districts (Bihar province), Lahul and Spiti district (Himachal Pradesh province), Balaghat district (Madhya Pradesh province), Tehri Garhwal district (Uttarakhand province), Adilabad, Khammam, Karimnagar districts (Andhra Pradesh province), Jalpaiguri, Kochbihar, Darjiling districts (West Bengal province), Meghalaya, Tripura, Arunachal Pradesh, Gujarat, Kerala, Manipur, Maharashrta provinces",Monssonal rain,,No,No,No,93065,276600,Km2,,,"Ganga-Padma, Brammaputra-Jumuna and the Meghna river , Torsa, Tista, Bagmati, Kosi, Gandak, Kareh, Adhwara, Ganga, Burhi Gandak, Punpun. Jiadhal, Subansiri, Bramaputra, Barak and Kathakal,",2002,6,21,2002,8,28,549,,42000000,,42000000,,,,,30772,53664,57.34184015,"[{""adm1_code"":1491,""adm1_name"":""Gujarat""},{""adm1_code"":1495,""adm1_name"":""Kerala""},{""adm1_code"":1498,""adm1_name"":""Maharashtra""},{""adm1_code"":1500,""adm1_name"":""Manipur""},{""adm1_code"":1501,""adm1_name"":""Meghalaya""},{""adm1_code"":1509,""adm1_name"":""Tripura""},{""adm1_code"":70036,""adm1_name"":""Administrative unit not available""},{""adm1_code"":70037,""adm1_name"":""Administrative unit not available""},{""adm1_code"":70072,""adm1_name"":""Arunachal Pradesh""},{""adm2_code"":17547,""adm2_name"":""Adilabad""},{""adm2_code"":17554,""adm2_name"":""Karimnagar""},{""adm2_code"":17555,""adm2_name"":""Khammam""},{""adm2_code"":17576,""adm2_name"":""Barpeta""},{""adm2_code"":17577,""adm2_name"":""Cachar""},{""adm2_code"":17578,""adm2_name"":""Darrang""},{""adm2_code"":17579,""adm2_name"":""Dhuburi""},{""adm2_code"":17580,""adm2_name"":""Dibrugarh""},{""adm2_code"":17581,""adm2_name"":""Goalpara""},{""adm2_code"":17582,""adm2_name"":""Golaghat""},{""adm2_code"":17583,""adm2_name"":""Kamrup""},{""adm2_code"":17585,""adm2_name"":""Karimganj""},{""adm2_code"":17589,""adm2_name"":""Nagaon""},{""adm2_code"":17590,""adm2_name"":""Nalbari""},{""adm2_code"":17592,""adm2_name"":""Sibsagar""},{""adm2_code"":17593,""adm2_name"":""Sonitpur""},{""adm2_code"":70086,""adm2_name"":""Bongaigaon""},{""adm2_code"":70087,""adm2_name"":""Dhemaji""},{""adm2_code"":70089,""adm2_name"":""Jorhat""},{""adm2_code"":70090,""adm2_name"":""Kokrajhar""},{""adm2_code"":70091,""adm2_name"":""Lakhimpur""},{""adm2_code"":70092,""adm2_name"":""Marigaon""},{""adm2_code"":70093,""adm2_name"":""Tinsukia""},{""adm2_code"":17672,""adm2_name"":""Lahul and Spiti""},{""adm2_code"":17948,""adm2_name"":""Darjiling""},{""adm2_code"":17951,""adm2_name"":""Jalpaiguri""},{""adm2_code"":17952,""adm2_name"":""Kochbihar""},{""adm2_code"":17595,""adm2_name"":""Begusarai""},{""adm2_code"":17596,""adm2_name"":""Bhagalpur""},{""adm2_code"":17598,""adm2_name"":""Darbhanga""},{""adm2_code"":17604,""adm2_name"":""Gopalganj""},{""adm2_code"":17608,""adm2_name"":""Katihar""},{""adm2_code"":17609,""adm2_name"":""Khagaria""},{""adm2_code"":17611,""adm2_name"":""Madhubani""},{""adm2_code"":17612,""adm2_name"":""Madhepura""},{""adm2_code"":17613,""adm2_name"":""Muzaffarpur""},{""adm2_code"":17615,""adm2_name"":""Nalanda""},{""adm2_code"":17618,""adm2_name"":""Pashchim Champaran""},{""adm2_code"":17619,""adm2_name"":""Patna""},{""adm2_code"":17620,""adm2_name"":""Purba Champaran""},{""adm2_code"":17621,""adm2_name"":""Purnia""},{""adm2_code"":17624,""adm2_name"":""Saharsa""},{""adm2_code"":17626,""adm2_name"":""Samastipur""},{""adm2_code"":17628,""adm2_name"":""Saran""},{""adm2_code"":17630,""adm2_name"":""Sitamarhi""},{""adm2_code"":17631,""adm2_name"":""Siwan""},{""adm2_code"":70094,""adm2_name"":""Araria""},{""adm2_code"":70100,""adm2_name"":""Kishanganj""},{""adm2_code"":70102,""adm2_name"":""Sheikhpura""},{""adm2_code"":70103,""adm2_name"":""Sheohar""},{""adm2_code"":70104,""adm2_name"":""Supaul""},{""adm2_code"":17712,""adm2_name"":""Balaghat""},{""adm2_code"":70287,""adm2_name"":""Tehri Garhwal""}]","[{""gid_1"":""IND.11_1"",""migration_date"":""2025-12-20"",""migration_method"":""jaccard1"",""name_1"":""Gujarat""},{""gid_1"":""IND.17_1"",""migration_date"":""2025-12-20"",""migration_method"":""jaccard1"",""name_1"":""Kerala""},{""gid_1"":""IND.20_1"",""migration_date"":""2025-12-20"",""migration_method"":""jaccard1"",""name_1"":""Maharashtra""},{""gid_1"":""IND.21_1"",""migration_date"":""2025-12-20"",""migration_method"":""jaccard1"",""name_1"":""Manipur""},{""gid_1"":""IND.22_1"",""migration_date"":""2025-12-20"",""migration_method"":""jaccard1"",""name_1"":""Meghalaya""},{""gid_1"":""IND.33_1"",""migration_date"":""2025-12-20"",""migration_method"":""jaccard1"",""name_1"":""Tripura""},{""gid_1"":""IND.3_1"",""migration_date"":""2025-12-20"",""migration_method"":""jaccard1"",""name_1"":""Arunachal Pradesh""},{""gid_1"":""IND.4_1"",""migration_date"":""2025-12-20"",""migration_method"":""parent2_1"",""name_1"":""Assam""},{""gid_1"":""Z07.3_1"",""migration_date"":""2025-12-20"",""migration_method"":""jaccard1"",""name_1"":""Arunachal Pradesh""},{""gid_2"":""IND.13.7_1"",""migration_date"":""2025-12-20"",""migration_method"":""jaccard2"",""name_2"":""Lahul \u0026 Spiti""},{""gid_2"":""IND.19.5_1"",""migration_date"":""2025-12-20"",""migration_method"":""jaccard2"",""name_2"":""Balaghat""},{""gid_2"":""IND.32.1_1"",""migration_date"":""2025-12-20"",""migration_method"":""jaccard2"",""name_2"":""Adilabad""},{""gid_2"":""IND.32.3_1"",""migration_date"":""2025-12-20"",""migration_method"":""jaccard2"",""name_2"":""Karimnagar""},{""gid_2"":""IND.32.4_1"",""migration_date"":""2025-12-20"",""migration_method"":""jaccard2"",""name_2"":""Khammam""},{""gid_2"":""IND.35.11_1"",""migration_date"":""2025-12-20"",""migration_method"":""jaccard2"",""name_2"":""Tehri Garhwal""},{""gid_2"":""IND.36.10_1"",""migration_date"":""2025-12-20"",""migration_method"":""jaccard2"",""name_2"":""Koch Bihar""},{""gid_2"":""IND.36.1_1"",""migration_date"":""2025-12-20"",""migration_method"":""puzzle2_2"",""name_2"":""Alipurduar""},{""gid_2"":""IND.36.6_1"",""migration_date"":""2025-12-20"",""migration_method"":""jaccard2"",""name_2"":""Darjiling""},{""gid_2"":""IND.36.9_1"",""migration_date"":""2025-12-20"",""migration_method"":""puzzle2_2"",""name_2"":""Jalpaiguri""},{""gid_2"":""IND.5.11_1"",""migration_date"":""2025-12-20"",""migration_method"":""jaccard2"",""name_2"":""Gopalganj""},{""gid_2"":""IND.5.15_1"",""migration_date"":""2025-12-20"",""migration_method"":""jaccard2"",""name_2"":""Katihar""},{""gid_2"":""IND.5.16_1"",""migration_date"":""2025-12-20"",""migration_method"":""jaccard2"",""name_2"":""Khagaria""},{""gid_2"":""IND.5.17_1"",""migration_date"":""2025-12-20"",""migration_method"":""jaccard2"",""name_2"":""Kishanganj""},{""gid_2"":""IND.5.19_1"",""migration_date"":""2025-12-20"",""migration_method"":""jaccard2"",""name_2"":""Madhepura""},{""gid_2"":""IND.5.1_1"",""migration_date"":""2025-12-20"",""migration_method"":""jaccard2"",""name_2"":""Araria""},{""gid_2"":""IND.5.20_1"",""migration_date"":""2025-12-20"",""migration_method"":""jaccard2"",""name_2"":""Madhubani""},{""gid_2"":""IND.5.22_1"",""migration_date"":""2025-12-20"",""migration_method"":""jaccard2"",""name_2"":""Muzaffarpur""},{""gid_2"":""IND.5.23_1"",""migration_date"":""2025-12-20"",""migration_method"":""jaccard2"",""name_2"":""Nalanda""},{""gid_2"":""IND.5.25_1"",""migration_date"":""2025-12-20"",""migration_method"":""jaccard2"",""name_2"":""Pashchim Champaran""},{""gid_2"":""IND.5.26_1"",""migration_date"":""2025-12-20"",""migration_method"":""jaccard2"",""name_2"":""Patna""},{""gid_2"":""IND.5.27_1"",""migration_date"":""2025-12-20"",""migration_method"":""jaccard2"",""name_2"":""Purba Champaran""},{""gid_2"":""IND.5.28_1"",""migration_date"":""2025-12-20"",""migration_method"":""jaccard2"",""name_2"":""Purnia""},{""gid_2"":""IND.5.30_1"",""migration_date"":""2025-12-20"",""migration_method"":""jaccard2"",""name_2"":""Saharsa""},{""gid_2"":""IND.5.31_1"",""migration_date"":""2025-12-20"",""migration_method"":""jaccard2"",""name_2"":""Samastipur""},{""gid_2"":""IND.5.32_1"",""migration_date"":""2025-12-20"",""migration_method"":""jaccard2"",""name_2"":""Saran""},{""gid_2"":""IND.5.33_1"",""migration_date"":""2025-12-20"",""migration_method"":""jaccard2"",""name_2"":""Sheikhpura""},{""gid_2"":""IND.5.34_1"",""migration_date"":""2025-12-20"",""migration_method"":""jaccard2"",""name_2"":""Sheohar""},{""gid_2"":""IND.5.35_1"",""migration_date"":""2025-12-20"",""migration_method"":""jaccard2"",""name_2"":""Sitamarhi""},{""gid_2"":""IND.5.36_1"",""migration_date"":""2025-12-20"",""migration_method"":""jaccard2"",""name_2"":""Siwan""},{""gid_2"":""IND.5.37_1"",""migration_date"":""2025-12-20"",""migration_method"":""jaccard2"",""name_2"":""Supaul""},{""gid_2"":""IND.5.5_1"",""migration_date"":""2025-12-20"",""migration_method"":""jaccard2"",""name_2"":""Begusarai""},{""gid_2"":""IND.5.6_1"",""migration_date"":""2025-12-20"",""migration_method"":""jaccard2"",""name_2"":""Bhagalpur""},{""gid_2"":""IND.5.9_1"",""migration_date"":""2025-12-20"",""migration_method"":""jaccard2"",""name_2"":""Darbhanga""}]",2005-09-23,2025-12-20
2002-0584-IND,No,nat-geo-ear-gro,Natural,Geophysical,Earthquake,Ground movement,USGS:usp000bc65,,IND,India,Southern Asia,Asia,Andaman Islands district (Andaman and Nicobar province),,Tsunami/Tidal wave,No,No,No,,6.5,Moment Magnitude,13.036,93.068,,2002,9,13,2002,9,13,2,,,200,200,,,,,,,57.34184015,"[{""adm2_code"":17545,""adm2_name"":""Andaman Islands""}]","[{""gid_2"":""IND.1.2_1"",""migration_date"":""2025-12-20"",""migration_method"":""puzzle2_2"",""name_2"":""North and Middle Andaman""},{""gid_2"":""IND.1.3_1"",""migration_date"":""2025-12-20"",""migration_method"":""puzzle2_2"",""name_2"":""South Andaman""}]",2005-06-27,2025-12-20
2002-0729-IND,No,nat-hyd-flo-flo,Natural,Hydrological,Flood,Flood (General),,,IND,India,Southern Asia,Asia,"Chennai, Coimbatore, Cuddalore districts (Tamil Nadu province",,,No,No,No,,,Km2,,,,2002,10,1,2002,10,1,20,,200,,200,,,,,,,57.34184015,"[{""adm2_code"":17867,""adm2_name"":""Coimbatore""},{""adm2_code"":70242,""adm2_name"":""Chennai""},{""adm2_code"":70243,""adm2_name"":""Cuddalore""}]","[{""gid_2"":""IND.31.28_1"",""migration_date"":""2025-12-20"",""migration_method"":""puzzle2_2"",""name_2"":""Tiruppur""},{""gid_2"":""IND.31.2_1"",""migration_date"":""2025-12-20"",""migration_method"":""jaccard2"",""name_2"":""Chennai""},{""gid_2"":""IND.31.3_1"",""migration_date"":""2025-12-20"",""migration_method"":""puzzle2_2"",""name_2"":""Coimbatore""},{""gid_2"":""IND.31.4_1"",""migration_date"":""2025-12-20"",""migration_method"":""jaccard2"",""name_2"":""Cuddalore""}]",2003-07-01,2025-12-20
2002-0818-IND,No,nat-met-ext-col,Natural,Meteorological,Extreme temperature,Cold wave,,,IND,India,Southern Asia,Asia,"Bihar, Uttar Pradesh, Himachal Pradesh, Rajasthan, Jharkhand, Jammu and Kashmir, Punjab, Haryana, Delhi provinces",,,No,No,No,,5,°C,,,,2002,12,,2002,12,,900,,,,,,,,,,,57.34184015,"[{""adm1_code"":1489,""adm1_name"":""Delhi""},{""adm1_code"":1492,""adm1_name"":""Haryana""},{""adm1_code"":1493,""adm1_name"":""Himachal Pradesh""},{""adm1_code"":1505,""adm1_name"":""Punjab""},{""adm1_code"":1506,""adm1_name"":""Rajasthan""},{""adm1_code"":40408,""adm1_name"":""Administrative unit not available""},{""adm1_code"":40409,""adm1_name"":""Administrative unit not available""},{""adm1_code"":40422,""adm1_name"":""Administrative unit not available""},{""adm1_code"":40423,""adm1_name"":""Administrative unit not available""},{""adm1_code"":40424,""adm1_name"":""Administrative unit not available""},{""adm1_code"":40425,""adm1_name"":""Administrative unit not available""},{""adm1_code"":40426,""adm1_name"":""Administrative unit not available""},{""adm1_code"":40427,""adm1_name"":""Administrative unit not available""},{""adm1_code"":40428,""adm1_name"":""Administrative unit not available""},{""adm1_code"":40429,""adm1_name"":""Administrative unit not available""},{""adm1_code"":40430,""adm1_name"":""Administrative unit not available""},{""adm1_code"":40431,""adm1_name"":""Administrative unit not available""},{""adm1_code"":70073,""adm1_name"":""Bihar""},{""adm1_code"":70078,""adm1_name"":""Jharkhand""},{""adm1_code"":70081,""adm1_name"":""Uttar Pradesh""}]","[{""gid_1"":""IND.12_1"",""migration_date"":""2025-12-20"",""migration_method"":""jaccard1"",""name_1"":""Haryana""},{""gid_1"":""IND.13_1"",""migration_date"":""2025-12-20"",""migration_method"":""jaccard1"",""name_1"":""Himachal Pradesh""},{""gid_1"":""IND.15_1"",""migration_date"":""2025-12-20"",""migration_method"":""jaccard1"",""name_1"":""Jharkhand""},{""gid_1"":""IND.25_1"",""migration_date"":""2025-12-20"",""migration_method"":""jaccard1"",""name_1"":""NCT of Delhi""},{""gid_1"":""IND.28_1"",""migration_date"":""2025-12-20"",""migration_method"":""jaccard1"",""name_1"":""Punjab""},{""gid_1"":""IND.29_1"",""migration_date"":""2025-12-20"",""migration_method"":""jaccard1"",""name_1"":""Rajasthan""},{""gid_1"":""IND.34_1"",""migration_date"":""2025-12-20"",""migration_method"":""jaccard1"",""name_1"":""Uttar Pradesh""},{""gid_1"":""IND.5_1"",""migration_date"":""2025-12-20"",""migration_method"":""jaccard1"",""name_1"":""Bihar""},{""gid_1"":""Z06.1_1"",""migration_date"":""2025-12-20"",""migration_method"":""jaccard1"",""name_1"":""Azad Kashmir""},{""gid_1"":""Z06.6_1"",""migration_date"":""2025-12-20"",""migration_method"":""jaccard1"",""name_1"":""Gilgit-Baltistan""},{""gid_2"":""Z01.14.10_1"",""migration_date"":""2025-12-20"",""migration_method"":""puzzle1_2"",""name_2"":""Kishtwar""},{""gid_2"":""Z01.14.12_1"",""migration_date"":""2025-12-20"",""migration_method"":""puzzle1_2"",""name_2"":""Kupwara""},{""gid_2"":""Z01.14.13_1"",""migration_date"":""2025-12-20"",""migration_method"":""puzzle1_2"",""name_2"":""Leh (Ladakh)""},{""gid_2"":""Z01.14.14_1"",""migration_date"":""2025-12-20"",""migration_method"":""puzzle1_2"",""name_2"":""Poonch""},{""gid_2"":""Z01.14.16_1"",""migration_date"":""2025-12-20"",""migration_method"":""puzzle1_2"",""name_2"":""Rajouri""},{""gid_2"":""Z01.14.17_1"",""migration_date"":""2025-12-20"",""migration_method"":""puzzle1_2"",""name_2"":""Ramban""},{""gid_2"":""Z01.14.18_1"",""migration_date"":""2025-12-20"",""migration_method"":""puzzle1_2"",""name_2"":""Reasi""},{""gid_2"":""Z01.14.19_1"",""migration_date"":""2025-12-20"",""migration_method"":""puzzle1_2"",""name_2"":""Samba""},{""gid_2"":""Z01.14.21_1"",""migration_date"":""2025-12-20"",""migration_method"":""puzzle1_2"",""name_2"":""Srinagar""},{""gid_2"":""Z01.14.22_1"",""migration_date"":""2025-12-20"",""migration_method"":""puzzle1_2"",""name_2"":""Udhampur""},{""gid_2"":""Z01.14.2_1"",""migration_date"":""2025-12-20"",""migration_method"":""puzzle1_2"",""name_2"":""Badgam""},{""gid_2"":""Z01.14.3_1"",""migration_date"":""2025-12-20"",""migration_method"":""puzzle1_2"",""name_2"":""Bandipore""},{""gid_2"":""Z01.14.4_1"",""migration_date"":""2025-12-20"",""migration_method"":""puzzle1_2"",""name_2"":""Baramulla""},{""gid_2"":""Z01.14.5_1"",""migration_date"":""2025-12-20"",""migration_method"":""puzzle1_2"",""name_2"":""Doda""},{""gid_2"":""Z01.14.6_1"",""migration_date"":""2025-12-20"",""migration_method"":""puzzle1_2"",""name_2"":""Ganderbal""},{""gid_2"":""Z01.14.7_1"",""migration_date"":""2025-12-20"",""migration_method"":""puzzle1_2"",""name_2"":""Jammu""},{""gid_2"":""Z01.14.8_1"",""migration_date"":""2025-12-20"",""migration_method"":""puzzle1_2"",""name_2"":""Kargil""},{""gid_2"":""Z01.14.9_1"",""migration_date"":""2025-12-20"",""migration_method"":""puzzle1_2"",""name_2"":""Kathua""}]",2003-07-01,2025-12-20
2003-0387-IND,No,nat-hyd-flo-riv,Natural,Hydrological,Flood,Riverine flood,,,IND,India,Southern Asia,Asia,"Khavda, Banni, Natkharana, Lakhpat villages (Kachchh district, Gujarat province)",Monsoon rains,,No,No,No,,,Km2,,,,2003,7,15,2003,9,1,13,,10000,4500,14500,,,,,,,58.64355298,"[{""adm2_code"":17643,""adm2_name"":""Kachchh""}]","[{""gid_2"":""IND.11.16_1"",""migration_date"":""2025-12-20"",""migration_method"":""bufhaus2"",""name_2"":""Kachchh""}]",2004-02-18,2025-12-20
2003-0775-IND,No,nat-hyd-flo-riv,Natural,Hydrological,Flood,Riverine flood,,,IND,India,Southern Asia,Asia,Uttar Pradesh province,Hevay rains,,No,No,No,,,Km2,,,,2003,9,10,2003,9,10,37,,,,,,,,,,,58.64355298,"[{""adm1_code"":70081,""adm1_name"":""Uttar Pradesh""}]","[{""gid_1"":""IND.34_1"",""migration_date"":""2025-12-20"",""migration_method"":""jaccard1"",""name_1"":""Uttar Pradesh""}]",2004-03-02,2025-12-20
2004-0321-IND,No,nat-hyd-flo-riv,Natural,Hydrological,Flood,Riverine flood,,,IND,India,Southern Asia,Asia,"Wayanad, Kozhikode, Kannur, Kasaragod districts (Kerala province)",Early monsoonal rain,"Slide (land, mud, snow, rock)",No,No,No,,9000,Km2,,,,2004,6,9,2004,6,11,45,,1000,,1000,,,,,,,60.21357973,"[{""adm2_code"":17698,""adm2_name"":""Kannur""},{""adm2_code"":17701,""adm2_name"":""Kasaragod""},{""adm2_code"":17703,""adm2_name"":""Kozhikode""},{""adm2_code"":17710,""adm2_name"":""Wayanad""}]","[{""gid_2"":""IND.17.14_1"",""migration_date"":""2025-12-20"",""migration_method"":""jaccard2"",""name_2"":""Wayanad""},{""gid_2"":""IND.17.4_1"",""migration_date"":""2025-12-20"",""migration_method"":""jaccard2"",""name_2"":""Kannur""},{""gid_2"":""IND.17.5_1"",""migration_date"":""2025-12-20"",""migration_method"":""jaccard2"",""name_2"":""Kasaragod""},{""gid_2"":""IND.17.8_1"",""migration_date"":""2025-12-20"",""migration_method"":""jaccard2"",""name_2"":""Kozhikode""}]",2005-03-08,2025-12-20
2004-0509-IND,No,nat-hyd-flo-fla,Natural,Hydrological,Flood,Flash flood,GLIDE:FF-2004-000150,,IND,India,Southern Asia,Asia,"Goalpara district (Assam province), Meghalaya, Arunachal Pradesh, West Bengal provinces",Heavy rains,"Rain|Slide (land, mud, snow, rock)",No,No,No,,,Km2,,,"Krishnai, Rongjuli and Dudhnoi, Hugli",2004,10,7,2004,10,18,160,,,100000,100000,,,,,,,60.21357973,"[{""adm1_code"":1501,""adm1_name"":""Meghalaya""},{""adm1_code"":1511,""adm1_name"":""West Bengal""},{""adm1_code"":70072,""adm1_name"":""Arunachal Pradesh""},{""adm2_code"":17581,""adm2_name"":""Goalpara""}]","[{""gid_1"":""IND.22_1"",""migration_date"":""2025-12-20"",""migration_method"":""jaccard1"",""name_1"":""Meghalaya""},{""gid_1"":""IND.36_1"",""migration_date"":""2025-12-20"",""migration_method"":""jaccard1"",""name_1"":""West Bengal""},{""gid_1"":""IND.3_1"",""migration_date"":""2025-12-20"",""migration_method"":""jaccard1"",""name_1"":""Arunachal Pradesh""},{""gid_2"":""IND.4.11_1"",""migration_date"":""2025-12-20"",""migration_method"":""jaccard2"",""name_2"":""Goalpara""}]",2004-11-02,2025-12-20
2009-0315-IND,No,nat-hyd-mmw-lan,Natural,Hydrological,Mass movement (wet),Landslide (wet),,,IND,India,Southern Asia,Asia,Pithoragarh district (Uttarakhand province),Torrential rain,,No,No,No,,,,,,,2009,8,8,2009,8,8,45,,,,,,,,,,,68.39164268,"[{""adm2_code"":17932,""adm2_name"":""Pithoragarh""}]","[{""gid_2"":""IND.35.9_1"",""migration_date"":""2025-12-20"",""migration_method"":""jaccard2"",""name_2"":""Pithoragarh""}]",2010-03-05,2025-12-20
2014-0538-IND,No,nat-met-sto-sto,Natural,Meteorological,Storm,Storm (General),,,IND,India,Southern Asia,Asia,Uttar Pradesh province,,,No,No,No,,,Kph,,,,2014,4,17,2014,4,20,27,,,,,,,,,,,75.46845568,"[{""adm1_code"":70081,""adm1_name"":""Uttar Pradesh""}]","[{""gid_1"":""IND.34_1"",""migration_date"":""2025-12-20"",""migration_method"":""jaccard1"",""name_1"":""Uttar Pradesh""}]",2015-03-25,2025-12-20
2004-0734-IND,No,nat-hyd-flo-riv,Natural,Hydrological,Flood,Riverine flood,,,IND,India,Southern Asia,Asia,"Uttarakhand, Gujarat, Maharashtra, Punjab, Haryana, Rajasthan provinces",Monsoonal rain,,No,No,No,,,Km2,,,"Narmada, Mahi, Kailash, Bayal, Punjab, Ghaggar River",2004,8,1,2004,9,8,210,,100000,,100000,,,,,276000,458368,60.21357973,"[{""adm1_code"":1491,""adm1_name"":""Gujarat""},{""adm1_code"":1492,""adm1_name"":""Haryana""},{""adm1_code"":1498,""adm1_name"":""Maharashtra""},{""adm1_code"":1505,""adm1_name"":""Punjab""},{""adm1_code"":1506,""adm1_name"":""Rajasthan""},{""adm1_code"":70082,""adm1_name"":""Uttarakhand""}]","[{""gid_1"":""IND.11_1"",""migration_date"":""2025-12-20"",""migration_method"":""jaccard1"",""name_1"":""Gujarat""},{""gid_1"":""IND.12_1"",""migration_date"":""2025-12-20"",""migration_method"":""jaccard1"",""name_1"":""Haryana""},{""gid_1"":""IND.20_1"",""migration_date"":""2025-12-20"",""migration_method"":""jaccard1"",""name_1"":""Maharashtra""},{""gid_1"":""IND.28_1"",""migration_date"":""2025-12-20"",""migration_method"":""jaccard1"",""name_1"":""Punjab""},{""gid_1"":""IND.29_1"",""migration_date"":""2025-12-20"",""migration_method"":""jaccard1"",""name_1"":""Rajasthan""},{""gid_1"":""IND.35_1"",""migration_date"":""2025-12-20"",""migration_method"":""jaccard1"",""name_1"":""Uttarakhand""}]",2005-03-25,2025-12-20
2005-0323-IND,No,nat-met-ext-hea,Natural,Meteorological,Extreme temperature,Heat wave,GLIDE:HT-2005-000093,,IND,India,Southern Asia,Asia,"Uttar Pradesh, Bihar, West Bengal, Orissa, Maharashtra, Andhra Pradesh provinces",,,No,No,No,,49,°C,,,,2005,6,,2005,6,,329,,,,,,,,,,,62.25647853,"[{""adm1_code"":1485,""adm1_name"":""Andhra Pradesh""},{""adm1_code"":1498,""adm1_name"":""Maharashtra""},{""adm1_code"":1504,""adm1_name"":""Orissa""},{""adm1_code"":1511,""adm1_name"":""West Bengal""},{""adm1_code"":70073,""adm1_name"":""Bihar""},{""adm1_code"":70081,""adm1_name"":""Uttar Pradesh""}]","[{""gid_1"":""IND.20_1"",""migration_date"":""2025-12-20"",""migration_method"":""jaccard1"",""name_1"":""Maharashtra""},{""gid_1"":""IND.26_1"",""migration_date"":""2025-12-20"",""migration_method"":""jaccard1"",""name_1"":""Odisha""},{""gid_1"":""IND.2_1"",""migration_date"":""2025-12-20"",""migration_method"":""puzzle1_1"",""name_1"":""Andhra Pradesh""},{""gid_1"":""IND.32_1"",""migration_date"":""2025-12-20"",""migration_method"":""puzzle1_1"",""name_1"":""Telangana""},{""gid_1"":""IND.34_1"",""migration_date"":""2025-12-20"",""migration_method"":""jaccard1"",""name_1"":""Uttar Pradesh""},{""gid_1"":""IND.36_1"",""migration_date"":""2025-12-20"",""migration_method"":""jaccard1"",""name_1"":""West Bengal""},{""gid_1"":""IND.5_1"",""migration_date"":""2025-12-20"",""migration_method"":""jaccard1"",""name_1"":""Bihar""}]",2006-03-07,2025-12-20
2005-0409-IND,No,nat-hyd-flo-riv,Natural,Hydrological,Flood,Riverine flood,GLIDE:FL-2005-000125,,IND,India,Southern Asia,Asia,"Gujarat, Madhya Pradesh, Maharashtra, Goa, Orissa, Karnataka, Himachal Pradesh, Jammu and Kashmir provinces",Monsoon rain,"Broken Dam/Burst bank|Slide (land, mud, snow, rock)",Yes,No,No,12,35550,Km2,,,"Ghawanda, Koyna, Kal, Savitira, Karad, Pawana, Mithi, Mitha and Mula",2005,7,24,2005,8,5,1200,55,20000000,,20000055,,,844000,1355682,3330000,5348841,62.25647853,"[{""adm1_code"":1490,""adm1_name"":""Goa""},{""adm1_code"":1491,""adm1_name"":""Gujarat""},{""adm1_code"":1493,""adm1_name"":""Himachal Pradesh""},{""adm1_code"":1494,""adm1_name"":""Karnataka""},{""adm1_code"":1498,""adm1_name"":""Maharashtra""},{""adm1_code"":1504,""adm1_name"":""Orissa""},{""adm1_code"":40408,""adm1_name"":""Administrative unit not available""},{""adm1_code"":40409,""adm1_name"":""Administrative unit not available""},{""adm1_code"":40422,""adm1_name"":""Administrative unit not available""},{""adm1_code"":40423,""adm1_name"":""Administrative unit not available""},{""adm1_code"":40424,""adm1_name"":""Administrative unit not available""},{""adm1_code"":40425,""adm1_name"":""Administrative unit not available""},{""adm1_code"":40426,""adm1_name"":""Administrative unit not available""},{""adm1_code"":40427,""adm1_name"":""Administrative unit not available""},{""adm1_code"":40428,""adm1_name"":""Administrative unit not available""},{""adm1_code"":40429,""adm1_name"":""Administrative unit not available""},{""adm1_code"":40430,""adm1_name"":""Administrative unit not available""},{""adm1_code"":40431,""adm1_name"":""Administrative unit not available""},{""adm1_code"":70079,""adm1_name"":""Madhya Pradesh""}]","[{""gid_1"":""IND.10_1"",""migration_date"":""2025-12-20"",""migration_method"":""jaccard1"",""name_1"":""Goa""},{""gid_1"":""IND.11_1"",""migration_date"":""2025-12-20"",""migration_method"":""jaccard1"",""name_1"":""Gujarat""},{""gid_1"":""IND.13_1"",""migration_date"":""2025-12-20"",""migration_method"":""jaccard1"",""name_1"":""Himachal Pradesh""},{""gid_1"":""IND.16_1"",""migration_date"":""2025-12-20"",""migration_method"":""jaccard1"",""name_1"":""Karnataka""},{""gid_1"":""IND.19_1"",""migration_date"":""2025-12-20"",""migration_method"":""jaccard1"",""name_1"":""Madhya Pradesh""},{""gid_1"":""IND.20_1"",""migration_date"":""2025-12-20"",""migration_method"":""jaccard1"",""name_1"":""Maharashtra""},{""gid_1"":""IND.26_1"",""migration_date"":""2025-12-20"",""migration_method"":""jaccard1"",""name_1"":""Odisha""},{""gid_1"":""Z06.1_1"",""migration_date"":""2025-12-20"",""migration_method"":""jaccard1"",""name_1"":""Azad Kashmir""},{""gid_1"":""Z06.6_1"",""migration_date"":""2025-12-20"",""migration_method"":""jaccard1"",""name_1"":""Gilgit-Baltistan""},{""gid_2"":""Z01.14.10_1"",""migration_date"":""2025-12-20"",""migration_method"":""puzzle1_2"",""name_2"":""Kishtwar""},{""gid_2"":""Z01.14.12_1"",""migration_date"":""2025-12-20"",""migration_method"":""puzzle1_2"",""name_2"":""Kupwara""},{""gid_2"":""Z01.14.13_1"",""migration_date"":""2025-12-20"",""migration_method"":""puzzle1_2"",""name_2"":""Leh (Ladakh)""},{""gid_2"":""Z01.14.14_1"",""migration_date"":""2025-12-20"",""migration_method"":""puzzle1_2"",""name_2"":""Poonch""},{""gid_2"":""Z01.14.16_1"",""migration_date"":""2025-12-20"",""migration_method"":""puzzle1_2"",""name_2"":""Rajouri""},{""gid_2"":""Z01.14.17_1"",""migration_date"":""2025-12-20"",""migration_method"":""puzzle1_2"",""name_2"":""Ramban""},{""gid_2"":""Z01.14.18_1"",""migration_date"":""2025-12-20"",""migration_method"":""puzzle1_2"",""name_2"":""Reasi""},{""gid_2"":""Z01.14.19_1"",""migration_date"":""2025-12-20"",""migration_method"":""puzzle1_2"",""name_2"":""Samba""},{""gid_2"":""Z01.14.21_1"",""migration_date"":""2025-12-20"",""migration_method"":""puzzle1_2"",""name_2"":""Srinagar""},{""gid_2"":""Z01.14.22_1"",""migration_date"":""2025-12-20"",""migration_method"":""puzzle1_2"",""name_2"":""Udhampur""},{""gid_2"":""Z01.14.2_1"",""migration_date"":""2025-12-20"",""migration_method"":""puzzle1_2"",""name_2"":""Badgam""},{""gid_2"":""Z01.14.3_1"",""migration_date"":""2025-12-20"",""migration_method"":""puzzle1_2"",""name_2"":""Bandipore""},{""gid_2"":""Z01.14.4_1"",""migration_date"":""2025-12-20"",""migration_method"":""puzzle1_2"",""name_2"":""Baramulla""},{""gid_2"":""Z01.14.5_1"",""migration_date"":""2025-12-20"",""migration_method"":""puzzle1_2"",""name_2"":""Doda""},{""gid_2"":""Z01.14.6_1"",""migration_date"":""2025-12-20"",""migration_method"":""puzzle1_2"",""name_2"":""Ganderbal""},{""gid_2"":""Z01.14.7_1"",""migration_date"":""2025-12-20"",""migration_method"":""puzzle1_2"",""name_2"":""Jammu""},{""gid_2"":""Z01.14.8_1"",""migration_date"":""2025-12-20"",""migration_method"":""puzzle1_2"",""name_2"":""Kargil""},{""gid_2"":""Z01.14.9_1"",""migration_date"":""2025-12-20"",""migration_method"":""puzzle1_2"",""name_2"":""Kathua""}]",2006-01-16,2025-12-20
2005-0627-IND,No,nat-hyd-flo-riv,Natural,Hydrological,Flood,Riverine flood,,,IND,India,Southern Asia,Asia,"Salem, Namakkal, Karur, Erode, Tiruchchirappalli, Vellore, Perambalur, Nagapattinam, Kanniyakumari, Dharmapuri, Madurai, Villupuram, Chennai, Cuddalore districts (Tamil Nadu province), Karaikal district (Puducherry province), Bangalore Rural, Bangalore Urban, Mysore districts (Karnataka province), Nellore, Chittoor, Vishakhapatnam, Srikakulam, Vizianagaram, Cuddapah districts (Andhra Pradesh province), West Bengal, Orissa provinces",Monsoonal rain,,No,No,No,,131300,Km2,,,"Cauvery, Coleroon, Palar, Pennar, Papaghni, Nagavali, Vamsadhara, Bhavani",2005,10,23,2005,11,13,162,,2000000,,2000000,,,,,,,62.25647853,"[{""adm1_code"":1504,""adm1_name"":""Orissa""},{""adm1_code"":1511,""adm1_name"":""West Bengal""},{""adm2_code"":17549,""adm2_name"":""Chittoor""},{""adm2_code"":17550,""adm2_name"":""Cuddapah""},{""adm2_code"":17561,""adm2_name"":""Nellore""},{""adm2_code"":17565,""adm2_name"":""Srikakulam""},{""adm2_code"":17566,""adm2_name"":""Vishakhapatnam""},{""adm2_code"":17567,""adm2_name"":""Vizianagaram""},{""adm2_code"":17692,""adm2_name"":""Mysore""},{""adm2_code"":70158,""adm2_name"":""Bangalore Rural""},{""adm2_code"":70159,""adm2_name"":""Bangalore Urban""},{""adm2_code"":17868,""adm2_name"":""Dharmapuri""},{""adm2_code"":17870,""adm2_name"":""Kanniyakumari""},{""adm2_code"":17875,""adm2_name"":""Erode""},{""adm2_code"":17879,""adm2_name"":""Salem""},{""adm2_code"":17883,""adm2_name"":""Tiruchchirappalli""},{""adm2_code"":70242,""adm2_name"":""Chennai""},{""adm2_code"":70243,""adm2_name"":""Cuddalore""},{""adm2_code"":70245,""adm2_name"":""Karur""},{""adm2_code"":70246,""adm2_name"":""Madurai""},{""adm2_code"":70247,""adm2_name"":""Nagapattinam""},{""adm2_code"":70248,""adm2_name"":""Namakkal""},{""adm2_code"":70249,""adm2_name"":""Perambalur""},{""adm2_code"":70254,""adm2_name"":""Vellore""},{""adm2_code"":70255,""adm2_name"":""Villupuram""},{""adm2_code"":70226,""adm2_name"":""Karaikal""}]","[{""gid_1"":""IND.26_1"",""migration_date"":""2025-12-20"",""migration_method"":""jaccard1"",""name_1"":""Odisha""},{""gid_1"":""IND.36_1"",""migration_date"":""2025-12-20"",""migration_method"":""jaccard1"",""name_1"":""West Bengal""},{""gid_2"":""IND.16.23_1"",""migration_date"":""2025-12-20"",""migration_method"":""jaccard2"",""name_2"":""Mysore""},{""gid_2"":""IND.16.25_1"",""migration_date"":""2025-12-20"",""migration_method"":""puzzle2_2"",""name_2"":""Ramanagara""},{""gid_2"":""IND.16.2_1"",""migration_date"":""2025-12-20"",""migration_method"":""puzzle2_2"",""name_2"":""Bangalore Rural""},{""gid_2"":""IND.16.3_1"",""migration_date"":""2025-12-20"",""migration_method"":""jaccard2"",""name_2"":""Bangalore""},{""gid_2"":""IND.2.10_1"",""migration_date"":""2025-12-20"",""migration_method"":""jaccard2"",""name_2"":""Visakhapatnam""},{""gid_2"":""IND.2.11_1"",""migration_date"":""2025-12-20"",""migration_method"":""jaccard2"",""name_2"":""Vizianagaram""},{""gid_2"":""IND.2.13_1"",""migration_date"":""2025-12-20"",""migration_method"":""jaccard2"",""name_2"":""Y.S.R.""},{""gid_2"":""IND.2.2_1"",""migration_date"":""2025-12-20"",""migration_method"":""jaccard2"",""name_2"":""Chittoor""},{""gid_2"":""IND.2.7_1"",""migration_date"":""2025-12-20"",""migration_method"":""jaccard2"",""name_2"":""Nellore""},{""gid_2"":""IND.2.9_1"",""migration_date"":""2025-12-20"",""migration_method"":""jaccard2"",""name_2"":""Srikakulam""},{""gid_2"":""IND.27.1_1"",""migration_date"":""2025-12-20"",""migration_method"":""jaccard2"",""name_2"":""Karaikal""},{""gid_2"":""IND.31.10_1"",""migration_date"":""2025-12-20"",""migration_method"":""jaccard2"",""name_2"":""Karur""},{""gid_2"":""IND.31.11_1"",""migration_date"":""2025-12-20"",""migration_method"":""puzzle2_2"",""name_2"":""Krishnagiri""},{""gid_2"":""IND.31.12_1"",""migration_date"":""2025-12-20"",""migration_method"":""jaccard2"",""name_2"":""Madurai""},{""gid_2"":""IND.31.13_1"",""migration_date"":""2025-12-20"",""migration_method"":""puzzle2_2"",""name_2"":""Nagappattinam""},{""gid_2"":""IND.31.14_1"",""migration_date"":""2025-12-20"",""migration_method"":""jaccard2"",""name_2"":""Namakkal""},{""gid_2"":""IND.31.15_1"",""migration_date"":""2025-12-20"",""migration_method"":""jaccard2"",""name_2"":""Perambalur""},{""gid_2"":""IND.31.18_1"",""migration_date"":""2025-12-20"",""migration_method"":""jaccard2"",""name_2"":""Salem""},{""gid_2"":""IND.31.24_1"",""migration_date"":""2025-12-20"",""migration_method"":""puzzle2_2"",""name_2"":""Thiruvarur""},{""gid_2"":""IND.31.26_1"",""migration_date"":""2025-12-20"",""migration_method"":""jaccard2"",""name_2"":""Tiruchirappalli""},{""gid_2"":""IND.31.2_1"",""migration_date"":""2025-12-20"",""migration_method"":""jaccard2"",""name_2"":""Chennai""},{""gid_2"":""IND.31.30_1"",""migration_date"":""2025-12-20"",""migration_method"":""jaccard2"",""name_2"":""Vellore""},{""gid_2"":""IND.31.31_1"",""migration_date"":""2025-12-20"",""migration_method"":""jaccard2"",""name_2"":""Viluppuram""},{""gid_2"":""IND.31.4_1"",""migration_date"":""2025-12-20"",""migration_method"":""jaccard2"",""name_2"":""Cuddalore""},{""gid_2"":""IND.31.5_1"",""migration_date"":""2025-12-20"",""migration_method"":""puzzle2_2"",""name_2"":""Dharmapuri""},{""gid_2"":""IND.31.7_1"",""migration_date"":""2025-12-20"",""migration_method"":""jaccard2"",""name_2"":""Erode""},{""gid_2"":""IND.31.9_1"",""migration_date"":""2025-12-20"",""migration_method"":""jaccard2"",""name_2"":""Kanniyakumari""}]",2006-04-27,2025-12-20
2006-0342-IND,No,nat-hyd-flo-riv,Natural,Hydrological,Flood,Riverine flood,,,IND,India,Southern Asia,Asia,"Ballia, Chandauli districts (Uttar Pradesh province)",Monsoonal rain,,No,No,No,,13110,Km2,25.62,83.67,Ganges and tributaries,2006,6,24,2006,6,27,130,,300000,,300000,,,,,,,64.26483222,"[{""adm2_code"":17894,""adm2_name"":""Ballia""},{""adm2_code"":70262,""adm2_name"":""Chandauli""}]","[{""gid_2"":""IND.34.11_1"",""migration_date"":""2025-12-20"",""migration_method"":""jaccard2"",""name_2"":""Ballia""},{""gid_2"":""IND.34.20_1"",""migration_date"":""2025-12-20"",""migration_method"":""jaccard2"",""name_2"":""Chandauli""}]",2007-01-06,2025-12-20
2006-0389-IND,No,nat-hyd-flo-riv,Natural,Hydrological,Flood,Riverine flood,,,IND,India,Southern Asia,Asia,Jammu and Kashmir provinces,Monsoonal rain,,No,No,No,,,Km2,34.61,73.2,"Jelum, Chenab",2006,7,24,2006,8,22,15,,800,,800,,,,,,,64.26483222,"[{""adm1_code"":40422,""adm1_name"":""Administrative unit not available""},{""adm1_code"":40423,""adm1_name"":""Administrative unit not available""},{""adm1_code"":40424,""adm1_name"":""Administrative unit not available""},{""adm1_code"":40425,""adm1_name"":""Administrative unit not available""},{""adm1_code"":40426,""adm1_name"":""Administrative unit not available""},{""adm1_code"":40427,""adm1_name"":""Administrative unit not available""},{""adm1_code"":40428,""adm1_name"":""Administrative unit not available""},{""adm1_code"":40429,""adm1_name"":""Administrative unit not available""},{""adm1_code"":40430,""adm1_name"":""Administrative unit not available""},{""adm1_code"":40431,""adm1_name"":""Administrative unit not available""}]","[{""gid_2"":""Z01.14.10_1"",""migration_date"":""2025-12-20"",""migration_method"":""puzzle1_2"",""name_2"":""Kishtwar""},{""gid_2"":""Z01.14.12_1"",""migration_date"":""2025-12-20"",""migration_method"":""puzzle1_2"",""name_2"":""Kupwara""},{""gid_2"":""Z01.14.13_1"",""migration_date"":""2025-12-20"",""migration_method"":""puzzle1_2"",""name_2"":""Leh (Ladakh)""},{""gid_2"":""Z01.14.14_1"",""migration_date"":""2025-12-20"",""migration_method"":""puzzle1_2"",""name_2"":""Poonch""},{""gid_2"":""Z01.14.16_1"",""migration_date"":""2025-12-20"",""migration_method"":""puzzle1_2"",""name_2"":""Rajouri""},{""gid_2"":""Z01.14.17_1"",""migration_date"":""2025-12-20"",""migration_method"":""puzzle1_2"",""name_2"":""Ramban""},{""gid_2"":""Z01.14.18_1"",""migration_date"":""2025-12-20"",""migration_method"":""puzzle1_2"",""name_2"":""Reasi""},{""gid_2"":""Z01.14.19_1"",""migration_date"":""2025-12-20"",""migration_method"":""puzzle1_2"",""name_2"":""Samba""},{""gid_2"":""Z01.14.21_1"",""migration_date"":""2025-12-20"",""migration_method"":""puzzle1_2"",""name_2"":""Srinagar""},{""gid_2"":""Z01.14.22_1"",""migration_date"":""2025-12-20"",""migration_method"":""puzzle1_2"",""name_2"":""Udhampur""},{""gid_2"":""Z01.14.2_1"",""migration_date"":""2025-12-20"",""migration_method"":""puzzle1_2"",""name_2"":""Badgam""},{""gid_2"":""Z01.14.3_1"",""migration_date"":""2025-12-20"",""migration_method"":""puzzle1_2"",""name_2"":""Bandipore""},{""gid_2"":""Z01.14.4_1"",""migration_date"":""2025-12-20"",""migration_method"":""puzzle1_2"",""name_2"":""Baramulla""},{""gid_2"":""Z01.14.5_1"",""migration_date"":""2025-12-20"",""migration_method"":""puzzle1_2"",""name_2"":""Doda""},{""gid_2"":""Z01.14.6_1"",""migration_date"":""2025-12-20"",""migration_method"":""puzzle1_2"",""name_2"":""Ganderbal""},{""gid_2"":""Z01.14.7_1"",""migration_date"":""2025-12-20"",""migration_method"":""puzzle1_2"",""name_2"":""Jammu""},{""gid_2"":""Z01.14.8_1"",""migration_date"":""2025-12-20"",""migration_method"":""puzzle1_2"",""name_2"":""Kargil""},{""gid_2"":""Z01.14.9_1"",""migration_date"":""2025-12-20"",""migration_method"":""puzzle1_2"",""name_2"":""Kathua""}]",2007-01-06,2025-12-20
2006-0510-IND,No,nat-met-sto-tro,Natural,Meteorological,Storm,Tropical cyclone,GLIDE:ST-2006-000152,,IND,India,Southern Asia,Asia,"Andhra Pradesh, West Bengal, Bihar provinces",Monsoonal rain,Flood,No,No,No,,,Kph,19.73,83.75,,2006,9,18,2006,10,5,114,300,,150000,150300,,,,,,,64.26483222,"[{""adm1_code"":1485,""adm1_name"":""Andhra Pradesh""},{""adm1_code"":1511,""adm1_name"":""West Bengal""},{""adm1_code"":70073,""adm1_name"":""Bihar""}]","[{""gid_1"":""IND.2_1"",""migration_date"":""2025-12-20"",""migration_method"":""puzzle1_1"",""name_1"":""Andhra Pradesh""},{""gid_1"":""IND.32_1"",""migration_date"":""2025-12-20"",""migration_method"":""puzzle1_1"",""name_1"":""Telangana""},{""gid_1"":""IND.36_1"",""migration_date"":""2025-12-20"",""migration_method"":""jaccard1"",""name_1"":""West Bengal""},{""gid_1"":""IND.5_1"",""migration_date"":""2025-12-20"",""migration_method"":""jaccard1"",""name_1"":""Bihar""}]",2007-01-07,2025-12-20
2006-0731-IND,No,nat-hyd-flo-riv,Natural,Hydrological,Flood,Riverine flood,,,IND,India,Southern Asia,Asia,"Madhya Pradesh, Maharashtra, Rajasthan provinces",Heavy rains and hailstorms,,No,No,No,,,Km2,,,,2006,3,9,2006,3,10,61,113,,,113,,,,,,,64.26483222,"[{""adm1_code"":1498,""adm1_name"":""Maharashtra""},{""adm1_code"":1506,""adm1_name"":""Rajasthan""},{""adm1_code"":70079,""adm1_name"":""Madhya Pradesh""}]","[{""gid_1"":""IND.19_1"",""migration_date"":""2025-12-20"",""migration_method"":""jaccard1"",""name_1"":""Madhya Pradesh""},{""gid_1"":""IND.20_1"",""migration_date"":""2025-12-20"",""migration_method"":""jaccard1"",""name_1"":""Maharashtra""},{""gid_1"":""IND.29_1"",""migration_date"":""2025-12-20"",""migration_method"":""jaccard1"",""name_1"":""Rajasthan""}]",2007-03-08,2025-12-20
2006-0734-IND,No,nat-hyd-flo-fla,Natural,Hydrological,Flood,Flash flood,,,IND,India,Southern Asia,Asia,Madhya Pradesh province,,,No,No,No,,,Km2,,,,2006,10,1,2006,10,1,39,,,,,,,,,,,64.26483222,"[{""adm1_code"":70079,""adm1_name"":""Madhya Pradesh""}]","[{""gid_1"":""IND.19_1"",""migration_date"":""2025-12-20"",""migration_method"":""jaccard1"",""name_1"":""Madhya Pradesh""}]",2007-03-09,2025-12-20
2006-0712-IND,No,nat-hyd-flo-riv,Natural,Hydrological,Flood,Riverine flood,GLIDE:FL-2006-000117,,IND,India,Southern Asia,Asia,"Orissa, Andhra Pradesh, Chhattisgarh provinces",Monsoonal rain,,No,No,No,,302800,Km2,18.1,81.53,,2006,8,1,2006,9,10,185,,2000000,,2000000,,,,,,,64.26483222,"[{""adm1_code"":1485,""adm1_name"":""Andhra Pradesh""},{""adm1_code"":1504,""adm1_name"":""Orissa""},{""adm1_code"":70075,""adm1_name"":""Chhattisgarh""}]","[{""gid_1"":""IND.26_1"",""migration_date"":""2025-12-20"",""migration_method"":""jaccard1"",""name_1"":""Odisha""},{""gid_1"":""IND.2_1"",""migration_date"":""2025-12-20"",""migration_method"":""puzzle1_1"",""name_1"":""Andhra Pradesh""},{""gid_1"":""IND.32_1"",""migration_date"":""2025-12-20"",""migration_method"":""puzzle1_1"",""name_1"":""Telangana""},{""gid_1"":""IND.7_1"",""migration_date"":""2025-12-20"",""migration_method"":""jaccard1"",""name_1"":""Chhattisgarh""}]",2007-01-08,2025-12-20
2007-0250-IND,No,nat-hyd-flo-fla,Natural,Hydrological,Flood,Flash flood,,,IND,India,Southern Asia,Asia,"Kurnool, Mahbubnagar, Guntur, Prakasam, East Godavari, West Godavari, Anantapur, Cuddapah districts (Andhra Pradesh province), Thrissur district (Kerala province), Belgaum, Bijapur, Bagalkot, Kodagu, Hassan, Mysore districts (Karnataka province), Mumbai City, Pune districts (Maharashtra province)",Monsoonal rain and tropical cyclone,"Slide (land, mud, snow, rock)",No,No,No,,449300,Km2,14.94,78.16,"Krishna, Godavari and tributaries",2007,6,22,2007,7,4,127,,200000,,200000,,,,,,,66.09810297,"[{""adm2_code"":17548,""adm2_name"":""Anantapur""},{""adm2_code"":17550,""adm2_name"":""Cuddapah""},{""adm2_code"":17551,""adm2_name"":""East Godavari""},{""adm2_code"":17552,""adm2_name"":""Guntur""},{""adm2_code"":17557,""adm2_name"":""Kurnool""},{""adm2_code"":17558,""adm2_name"":""Mahbubnagar""},{""adm2_code"":17563,""adm2_name"":""Prakasam""},{""adm2_code"":17569,""adm2_name"":""West Godavari""},{""adm2_code"":17679,""adm2_name"":""Belgaum""},{""adm2_code"":17682,""adm2_name"":""Bijapur""},{""adm2_code"":17688,""adm2_name"":""Hassan""},{""adm2_code"":17689,""adm2_name"":""Kodagu""},{""adm2_code"":17692,""adm2_name"":""Mysore""},{""adm2_code"":70157,""adm2_name"":""Bagalkot""},{""adm2_code"":17708,""adm2_name"":""Thrissur""},{""adm2_code"":17776,""adm2_name"":""Pune""},{""adm2_code"":70184,""adm2_name"":""Mumbai city""}]","[{""gid_2"":""IND.16.17_1"",""migration_date"":""2025-12-20"",""migration_method"":""jaccard2"",""name_2"":""Hassan""},{""gid_2"":""IND.16.19_1"",""migration_date"":""2025-12-20"",""migration_method"":""jaccard2"",""name_2"":""Kodagu""},{""gid_2"":""IND.16.1_1"",""migration_date"":""2025-12-20"",""migration_method"":""jaccard2"",""name_2"":""Bagalkot""},{""gid_2"":""IND.16.23_1"",""migration_date"":""2025-12-20"",""migration_method"":""jaccard2"",""name_2"":""Mysore""},{""gid_2"":""IND.16.4_1"",""migration_date"":""2025-12-20"",""migration_method"":""jaccard2"",""name_2"":""Belgaum""},{""gid_2"":""IND.16.7_1"",""migration_date"":""2025-12-20"",""migration_method"":""jaccard2"",""name_2"":""Bijapur""},{""gid_2"":""IND.17.13_1"",""migration_date"":""2025-12-20"",""migration_method"":""jaccard2"",""name_2"":""Thrissur""},{""gid_2"":""IND.2.12_1"",""migration_date"":""2025-12-20"",""migration_method"":""jaccard2"",""name_2"":""West Godavari""},{""gid_2"":""IND.2.13_1"",""migration_date"":""2025-12-20"",""migration_method"":""jaccard2"",""name_2"":""Y.S.R.""},{""gid_2"":""IND.2.1_1"",""migration_date"":""2025-12-20"",""migration_method"":""jaccard2"",""name_2"":""Anantapur""},{""gid_2"":""IND.2.3_1"",""migration_date"":""2025-12-20"",""migration_method"":""jaccard2"",""name_2"":""East Godavari""},{""gid_2"":""IND.2.4_1"",""migration_date"":""2025-12-20"",""migration_method"":""jaccard2"",""name_2"":""Guntur""},{""gid_2"":""IND.2.6_1"",""migration_date"":""2025-12-20"",""migration_method"":""jaccard2"",""name_2"":""Kurnool""},{""gid_2"":""IND.2.8_1"",""migration_date"":""2025-12-20"",""migration_method"":""jaccard2"",""name_2"":""Prakasam""},{""gid_2"":""IND.20.17_1"",""migration_date"":""2025-12-20"",""migration_method"":""jaccard2"",""name_2"":""Mumbai City""},{""gid_2"":""IND.20.26_1"",""migration_date"":""2025-12-20"",""migration_method"":""jaccard2"",""name_2"":""Pune""},{""gid_2"":""IND.32.5_1"",""migration_date"":""2025-12-20"",""migration_method"":""jaccard2"",""name_2"":""Mahbubnagar""}]",2008-03-11,2025-12-20
2007-0415-IND,No,nat-hyd-flo-riv,Natural,Hydrological,Flood,Riverine flood,,,IND,India,Southern Asia,Asia,Gujarat province,Monsoonal rain,,No,No,No,,133800,Km2,22.68,70.93,,2007,8,8,2007,8,15,16,,,,,,,,,,,66.09810297,"[{""adm1_code"":1491,""adm1_name"":""Gujarat""}]","[{""gid_1"":""IND.11_1"",""migration_date"":""2025-12-20"",""migration_method"":""jaccard1"",""name_1"":""Gujarat""}]",2007-12-14,2025-12-20
2007-0469-IND,No,nat-hyd-flo-riv,Natural,Hydrological,Flood,Riverine flood,,,IND,India,Southern Asia,Asia,"Kurnool, Cuddapah, Warangal, Nalgonda, Karimnagar, Mahbubnagar, Anantapur, Nellore, Krishna districts (Andhra Pradesh province), Gadag district (Karnataka province)",Monsoonal rain,,No,No,No,,90280,Km2,15.71,79.88,"Tungabhadra, Pennar, Hundri, Kundu",2007,9,16,2007,10,7,94,,20000,,20000,,,,,,,66.09810297,"[{""adm2_code"":17548,""adm2_name"":""Anantapur""},{""adm2_code"":17550,""adm2_name"":""Cuddapah""},{""adm2_code"":17554,""adm2_name"":""Karimnagar""},{""adm2_code"":17556,""adm2_name"":""Krishna""},{""adm2_code"":17557,""adm2_name"":""Kurnool""},{""adm2_code"":17558,""adm2_name"":""Mahbubnagar""},{""adm2_code"":17560,""adm2_name"":""Nalgonda""},{""adm2_code"":17561,""adm2_name"":""Nellore""},{""adm2_code"":17568,""adm2_name"":""Warangal""},{""adm2_code"":70163,""adm2_name"":""Gadag""}]","[{""gid_2"":""IND.16.15_1"",""migration_date"":""2025-12-20"",""migration_method"":""jaccard2"",""name_2"":""Gadag""},{""gid_2"":""IND.2.13_1"",""migration_date"":""2025-12-20"",""migration_method"":""jaccard2"",""name_2"":""Y.S.R.""},{""gid_2"":""IND.2.1_1"",""migration_date"":""2025-12-20"",""migration_method"":""jaccard2"",""name_2"":""Anantapur""},{""gid_2"":""IND.2.5_1"",""migration_date"":""2025-12-20"",""migration_method"":""jaccard2"",""name_2"":""Krishna""},{""gid_2"":""IND.2.6_1"",""migration_date"":""2025-12-20"",""migration_method"":""jaccard2"",""name_2"":""Kurnool""},{""gid_2"":""IND.2.7_1"",""migration_date"":""2025-12-20"",""migration_method"":""jaccard2"",""name_2"":""Nellore""},{""gid_2"":""IND.32.10_1"",""migration_date"":""2025-12-20"",""migration_method"":""jaccard2"",""name_2"":""Warangal""},{""gid_2"":""IND.32.3_1"",""migration_date"":""2025-12-20"",""migration_method"":""jaccard2"",""name_2"":""Karimnagar""},{""gid_2"":""IND.32.5_1"",""migration_date"":""2025-12-20"",""migration_method"":""jaccard2"",""name_2"":""Mahbubnagar""},{""gid_2"":""IND.32.7_1"",""migration_date"":""2025-12-20"",""migration_method"":""jaccard2"",""name_2"":""Nalgonda""}]",2007-12-15,2025-12-20
2007-0556-IND,No,nat-met-sto-tro,Natural,Meteorological,Storm,Tropical cyclone,GLIDE:TC-2007-000208,Cyclone 'Sidr',IND,India,Southern Asia,Asia,"West Bengal, Orissa provinces",,,No,No,No,,,Kph,,,,2007,11,15,2007,11,15,,,,,,,,,,,,66.09810297,"[{""adm1_code"":1504,""adm1_name"":""Orissa""},{""adm1_code"":1511,""adm1_name"":""West Bengal""}]","[{""gid_1"":""IND.26_1"",""migration_date"":""2025-12-20"",""migration_method"":""jaccard1"",""name_1"":""Odisha""},{""gid_1"":""IND.36_1"",""migration_date"":""2025-12-20"",""migration_method"":""jaccard1"",""name_1"":""West Bengal""}]",2008-08-01,2025-12-20
2007-0687-IND,No,nat-met-ext-col,Natural,Meteorological,Extreme temperature,Cold wave,,,IND,India,Southern Asia,Asia,Jammu and Kashmir province,,Rain|Snow/ice,No,No,No,,,°C,,,,2007,3,11,2007,3,14,66,25,,,25,,,,,,,66.09810297,"[{""adm1_code"":40408,""adm1_name"":""Administrative unit not available""},{""adm1_code"":40409,""adm1_name"":""Administrative unit not available""},{""adm1_code"":40422,""adm1_name"":""Administrative unit not available""},{""adm1_code"":40423,""adm1_name"":""Administrative unit not available""},{""adm1_code"":40424,""adm1_name"":""Administrative unit not available""},{""adm1_code"":40425,""adm1_name"":""Administrative unit not available""},{""adm1_code"":40426,""adm1_name"":""Administrative unit not available""},{""adm1_code"":40427,""adm1_name"":""Administrative unit not available""},{""adm1_code"":40428,""adm1_name"":""Administrative unit not available""},{""adm1_code"":40429,""adm1_name"":""Administrative unit not available""},{""adm1_code"":40430,""adm1_name"":""Administrative unit not available""},{""adm1_code"":40431,""adm1_name"":""Administrative unit not available""}]","[{""gid_1"":""Z06.1_1"",""migration_date"":""2025-12-20"",""migration_method"":""jaccard1"",""name_1"":""Azad Kashmir""},{""gid_1"":""Z06.6_1"",""migration_date"":""2025-12-20"",""migration_method"":""jaccard1"",""name_1"":""Gilgit-Baltistan""},{""gid_2"":""Z01.14.10_1"",""migration_date"":""2025-12-20"",""migration_method"":""puzzle1_2"",""name_2"":""Kishtwar""},{""gid_2"":""Z01.14.12_1"",""migration_date"":""2025-12-20"",""migration_method"":""puzzle1_2"",""name_2"":""Kupwara""},{""gid_2"":""Z01.14.13_1"",""migration_date"":""2025-12-20"",""migration_method"":""puzzle1_2"",""name_2"":""Leh (Ladakh)""},{""gid_2"":""Z01.14.14_1"",""migration_date"":""2025-12-20"",""migration_method"":""puzzle1_2"",""name_2"":""Poonch""},{""gid_2"":""Z01.14.16_1"",""migration_date"":""2025-12-20"",""migration_method"":""puzzle1_2"",""name_2"":""Rajouri""},{""gid_2"":""Z01.14.17_1"",""migration_date"":""2025-12-20"",""migration_method"":""puzzle1_2"",""name_2"":""Ramban""},{""gid_2"":""Z01.14.18_1"",""migration_date"":""2025-12-20"",""migration_method"":""puzzle1_2"",""name_2"":""Reasi""},{""gid_2"":""Z01.14.19_1"",""migration_date"":""2025-12-20"",""migration_method"":""puzzle1_2"",""name_2"":""Samba""},{""gid_2"":""Z01.14.21_1"",""migration_date"":""2025-12-20"",""migration_method"":""puzzle1_2"",""name_2"":""Srinagar""},{""gid_2"":""Z01.14.22_1"",""migration_date"":""2025-12-20"",""migration_method"":""puzzle1_2"",""name_2"":""Udhampur""},{""gid_2"":""Z01.14.2_1"",""migration_date"":""2025-12-20"",""migration_method"":""puzzle1_2"",""name_2"":""Badgam""},{""gid_2"":""Z01.14.3_1"",""migration_date"":""2025-12-20"",""migration_method"":""puzzle1_2"",""name_2"":""Bandipore""},{""gid_2"":""Z01.14.4_1"",""migration_date"":""2025-12-20"",""migration_method"":""puzzle1_2"",""name_2"":""Baramulla""},{""gid_2"":""Z01.14.5_1"",""migration_date"":""2025-12-20"",""migration_method"":""puzzle1_2"",""name_2"":""Doda""},{""gid_2"":""Z01.14.6_1"",""migration_date"":""2025-12-20"",""migration_method"":""puzzle1_2"",""name_2"":""Ganderbal""},{""gid_2"":""Z01.14.7_1"",""migration_date"":""2025-12-20"",""migration_method"":""puzzle1_2"",""name_2"":""Jammu""},{""gid_2"":""Z01.14.8_1"",""migration_date"":""2025-12-20"",""migration_method"":""puzzle1_2"",""name_2"":""Kargil""},{""gid_2"":""Z01.14.9_1"",""migration_date"":""2025-12-20"",""migration_method"":""puzzle1_2"",""name_2"":""Kathua""}]",2008-03-12,2025-12-20
2008-0415-IND,No,nat-hyd-flo-riv,Natural,Hydrological,Flood,Riverine flood,,,IND,India,Southern Asia,Asia,"Khammam, West Godavari, Krishna, Guntur districts (Andhra Pradesh province)",Heavy monsoonal rain,,No,No,No,,75490,Km2,16.65,81.38,Munneru,2008,9,5,2008,9,11,74,,,,,,,,,,,68.63567228,"[{""adm2_code"":17552,""adm2_name"":""Guntur""},{""adm2_code"":17555,""adm2_name"":""Khammam""},{""adm2_code"":17556,""adm2_name"":""Krishna""},{""adm2_code"":17569,""adm2_name"":""West Godavari""}]","[{""gid_2"":""IND.2.12_1"",""migration_date"":""2025-12-20"",""migration_method"":""jaccard2"",""name_2"":""West Godavari""},{""gid_2"":""IND.2.4_1"",""migration_date"":""2025-12-20"",""migration_method"":""jaccard2"",""name_2"":""Guntur""},{""gid_2"":""IND.2.5_1"",""migration_date"":""2025-12-20"",""migration_method"":""jaccard2"",""name_2"":""Krishna""},{""gid_2"":""IND.32.4_1"",""migration_date"":""2025-12-20"",""migration_method"":""jaccard2"",""name_2"":""Khammam""}]",2008-09-16,2025-12-20
2008-0246-IND,No,nat-hyd-flo-fla,Natural,Hydrological,Flood,Flash flood,GLIDE:FL-2008-000089,,IND,India,Southern Asia,Asia,"Lakhimpu, Dhemaji, Sonitpur districts (Assam province), West Bengal, Orissa, Bihar, Gujarat, Goa, Haryana, Kerala, Karnataka, Maharastra, Madhya Pradesh, Punjab, Rajasthan, Uttar Pradesh, Tamil Nadu, Arunachal Pradesh, Uttarakhand, Jharkhand provinces",Monsoonal rain,"Slide (land, mud, snow, rock)",No,No,No,1948,350600,Km2,25.18,91.54,Kelegai river,2008,6,11,2008,7,21,1063,,7900000,,7900000,,,,,123000,179207,68.63567228,"[{""adm1_code"":1490,""adm1_name"":""Goa""},{""adm1_code"":1491,""adm1_name"":""Gujarat""},{""adm1_code"":1492,""adm1_name"":""Haryana""},{""adm1_code"":1494,""adm1_name"":""Karnataka""},{""adm1_code"":1495,""adm1_name"":""Kerala""},{""adm1_code"":1498,""adm1_name"":""Maharashtra""},{""adm1_code"":1504,""adm1_name"":""Orissa""},{""adm1_code"":1505,""adm1_name"":""Punjab""},{""adm1_code"":1506,""adm1_name"":""Rajasthan""},{""adm1_code"":1508,""adm1_name"":""Tamil Nadu""},{""adm1_code"":1511,""adm1_name"":""West Bengal""},{""adm1_code"":70036,""adm1_name"":""Administrative unit not available""},{""adm1_code"":70037,""adm1_name"":""Administrative unit not available""},{""adm1_code"":70072,""adm1_name"":""Arunachal Pradesh""},{""adm1_code"":70073,""adm1_name"":""Bihar""},{""adm1_code"":70078,""adm1_name"":""Jharkhand""},{""adm1_code"":70079,""adm1_name"":""Madhya Pradesh""},{""adm1_code"":70081,""adm1_name"":""Uttar Pradesh""},{""adm1_code"":70082,""adm1_name"":""Uttarakhand""},{""adm2_code"":17593,""adm2_name"":""Sonitpur""},{""adm2_code"":70087,""adm2_name"":""Dhemaji""},{""adm2_code"":70091,""adm2_name"":""Lakhimpur""}]","[{""gid_1"":""IND.10_1"",""migration_date"":""2025-12-20"",""migration_method"":""jaccard1"",""name_1"":""Goa""},{""gid_1"":""IND.11_1"",""migration_date"":""2025-12-20"",""migration_method"":""jaccard1"",""name_1"":""Gujarat""},{""gid_1"":""IND.12_1"",""migration_date"":""2025-12-20"",""migration_method"":""jaccard1"",""name_1"":""Haryana""},{""gid_1"":""IND.15_1"",""migration_date"":""2025-12-20"",""migration_method"":""jaccard1"",""name_1"":""Jharkhand""},{""gid_1"":""IND.16_1"",""migration_date"":""2025-12-20"",""migration_method"":""jaccard1"",""name_1"":""Karnataka""},{""gid_1"":""IND.17_1"",""migration_date"":""2025-12-20"",""migration_method"":""jaccard1"",""name_1"":""Kerala""},{""gid_1"":""IND.19_1"",""migration_date"":""2025-12-20"",""migration_method"":""jaccard1"",""name_1"":""Madhya Pradesh""},{""gid_1"":""IND.20_1"",""migration_date"":""2025-12-20"",""migration_method"":""jaccard1"",""name_1"":""Maharashtra""},{""gid_1"":""IND.26_1"",""migration_date"":""2025-12-20"",""migration_method"":""jaccard1"",""name_1"":""Odisha""},{""gid_1"":""IND.28_1"",""migration_date"":""2025-12-20"",""migration_method"":""jaccard1"",""name_1"":""Punjab""},{""gid_1"":""IND.29_1"",""migration_date"":""2025-12-20"",""migration_method"":""jaccard1"",""name_1"":""Rajasthan""},{""gid_1"":""IND.31_1"",""migration_date"":""2025-12-20"",""migration_method"":""jaccard1"",""name_1"":""Tamil Nadu""},{""gid_1"":""IND.34_1"",""migration_date"":""2025-12-20"",""migration_method"":""jaccard1"",""name_1"":""Uttar Pradesh""},{""gid_1"":""IND.35_1"",""migration_date"":""2025-12-20"",""migration_method"":""jaccard1"",""name_1"":""Uttarakhand""},{""gid_1"":""IND.36_1"",""migration_date"":""2025-12-20"",""migration_method"":""jaccard1"",""name_1"":""West Bengal""},{""gid_1"":""IND.3_1"",""migration_date"":""2025-12-20"",""migration_method"":""jaccard1"",""name_1"":""Arunachal Pradesh""},{""gid_1"":""IND.5_1"",""migration_date"":""2025-12-20"",""migration_method"":""jaccard1"",""name_1"":""Bihar""},{""gid_1"":""Z07.3_1"",""migration_date"":""2025-12-20"",""migration_method"":""jaccard1"",""name_1"":""Arunachal Pradesh""},{""gid_2"":""IND.4.20_1"",""migration_date"":""2025-12-20"",""migration_method"":""jaccard2"",""name_2"":""Lakhimpur""},{""gid_2"":""IND.4.25_1"",""migration_date"":""2025-12-20"",""migration_method"":""jaccard2"",""name_2"":""Sonitpur""},{""gid_2"":""IND.4.7_1"",""migration_date"":""2025-12-20"",""migration_method"":""jaccard2"",""name_2"":""Dhemaji""}]",2009-03-18,2025-12-20
2008-0615-IND,No,nat-hyd-flo-riv,Natural,Hydrological,Flood,Riverine flood,,,IND,India,Southern Asia,Asia,"Lakhimpur, Jorhat districts (Assam province), Uttar Pradesh, Bihar provinces",Monsoonal rain,,No,No,No,,283800,Km2,27.5,89.79,,2008,7,20,2008,8,8,142,,225000,,225000,,,,,,,68.63567228,"[{""adm1_code"":70073,""adm1_name"":""Bihar""},{""adm1_code"":70081,""adm1_name"":""Uttar Pradesh""},{""adm2_code"":70089,""adm2_name"":""Jorhat""},{""adm2_code"":70091,""adm2_name"":""Lakhimpur""}]","[{""gid_1"":""IND.34_1"",""migration_date"":""2025-12-20"",""migration_method"":""jaccard1"",""name_1"":""Uttar Pradesh""},{""gid_1"":""IND.5_1"",""migration_date"":""2025-12-20"",""migration_method"":""jaccard1"",""name_1"":""Bihar""},{""gid_2"":""IND.4.14_1"",""migration_date"":""2025-12-20"",""migration_method"":""jaccard2"",""name_2"":""Jorhat""},{""gid_2"":""IND.4.20_1"",""migration_date"":""2025-12-20"",""migration_method"":""jaccard2"",""name_2"":""Lakhimpur""}]",2009-01-12,2025-12-20
2009-0130-IND,No,nat-met-sto-tor,Natural,Meteorological,Storm,Tornado,GLIDE:TO-2009-000071,,IND,India,Southern Asia,Asia,Kendrapara district (Orissa province),,Hail,No,No,No,,,Kph,,,,2009,3,31,2009,3,31,15,50,5000,4000,9050,,,,,,,68.39164268,"[{""adm2_code"":70218,""adm2_name"":""Kendrapara""}]","[{""gid_2"":""IND.26.17_1"",""migration_date"":""2025-12-20"",""migration_method"":""jaccard2"",""name_2"":""Kendrapara""}]",2010-03-05,2025-12-20
2009-0175-IND,No,nat-met-ext-hea,Natural,Meteorological,Extreme temperature,Heat wave,,,IND,India,Southern Asia,Asia,"Orissa, West Bengal, Bihar, Uttar Pradesh, Jharkhand, Andhra Pradesh provinces",,,No,No,No,,48,°C,,,,2009,4,14,2009,6,26,120,25,,,25,,,,,,,68.39164268,"[{""adm1_code"":1485,""adm1_name"":""Andhra Pradesh""},{""adm1_code"":1504,""adm1_name"":""Orissa""},{""adm1_code"":1511,""adm1_name"":""West Bengal""},{""adm1_code"":70073,""adm1_name"":""Bihar""},{""adm1_code"":70078,""adm1_name"":""Jharkhand""},{""adm1_code"":70081,""adm1_name"":""Uttar Pradesh""}]","[{""gid_1"":""IND.15_1"",""migration_date"":""2025-12-20"",""migration_method"":""jaccard1"",""name_1"":""Jharkhand""},{""gid_1"":""IND.26_1"",""migration_date"":""2025-12-20"",""migration_method"":""jaccard1"",""name_1"":""Odisha""},{""gid_1"":""IND.2_1"",""migration_date"":""2025-12-20"",""migration_method"":""puzzle1_1"",""name_1"":""Andhra Pradesh""},{""gid_1"":""IND.32_1"",""migration_date"":""2025-12-20"",""migration_method"":""puzzle1_1"",""name_1"":""Telangana""},{""gid_1"":""IND.34_1"",""migration_date"":""2025-12-20"",""migration_method"":""jaccard1"",""name_1"":""Uttar Pradesh""},{""gid_1"":""IND.36_1"",""migration_date"":""2025-12-20"",""migration_method"":""jaccard1"",""name_1"":""West Bengal""},{""gid_1"":""IND.5_1"",""migration_date"":""2025-12-20"",""migration_method"":""jaccard1"",""name_1"":""Bihar""}]",2010-03-07,2025-12-20
2009-0429-IND,No,nat-hyd-flo-riv,Natural,Hydrological,Flood,Riverine flood,GLIDE:FL-2009-000217,,IND,India,Southern Asia,Asia,"Belgaum, Gulbarga, Bijapur, Raichur, Dharwad, Bagalkot, Bellary, Koppal, Haveri, Bidar, Gadag, Davanegere, Uttar Kannand, Dakshin Kannad districts (Karnataka province), Kurnool, Mahbubnagar, Karimnagar, Anantapur, Krishna, Cuddapah, Guntur, Khammam, Nalgonda districts (Andhra Pradesh province), Maharashtra province",Torrential rains,,Yes,No,No,728,309700,Km2,15.71,78.23,Tungabhadra and Krishna rivers,2009,9,25,2009,10,12,355,,4100000,,4100000,,,51000,74571,2150000,3143659,68.39164268,"[{""adm1_code"":1498,""adm1_name"":""Maharashtra""},{""adm2_code"":17548,""adm2_name"":""Anantapur""},{""adm2_code"":17550,""adm2_name"":""Cuddapah""},{""adm2_code"":17552,""adm2_name"":""Guntur""},{""adm2_code"":17554,""adm2_name"":""Karimnagar""},{""adm2_code"":17555,""adm2_name"":""Khammam""},{""adm2_code"":17556,""adm2_name"":""Krishna""},{""adm2_code"":17557,""adm2_name"":""Kurnool""},{""adm2_code"":17558,""adm2_name"":""Mahbubnagar""},{""adm2_code"":17560,""adm2_name"":""Nalgonda""},{""adm2_code"":17679,""adm2_name"":""Belgaum""},{""adm2_code"":17680,""adm2_name"":""Bellary""},{""adm2_code"":17681,""adm2_name"":""Bidar""},{""adm2_code"":17682,""adm2_name"":""Bijapur""},{""adm2_code"":17685,""adm2_name"":""Dakshin Kannad""},{""adm2_code"":17686,""adm2_name"":""Dharwad""},{""adm2_code"":17687,""adm2_name"":""Gulbarga""},{""adm2_code"":17693,""adm2_name"":""Raichur""},{""adm2_code"":17696,""adm2_name"":""Uttar Kannand""},{""adm2_code"":70157,""adm2_name"":""Bagalkot""},{""adm2_code"":70162,""adm2_name"":""Davanagere""},{""adm2_code"":70163,""adm2_name"":""Gadag""},{""adm2_code"":70164,""adm2_name"":""Haveri""},{""adm2_code"":70165,""adm2_name"":""Koppal""}]","[{""gid_1"":""IND.20_1"",""migration_date"":""2025-12-20"",""migration_method"":""jaccard1"",""name_1"":""Maharashtra""},{""gid_2"":""IND.16.12_1"",""migration_date"":""2025-12-20"",""migration_method"":""jaccard2"",""name_2"":""Dakshina Kannada""},{""gid_2"":""IND.16.13_1"",""migration_date"":""2025-12-20"",""migration_method"":""jaccard2"",""name_2"":""Davanagere""},{""gid_2"":""IND.16.14_1"",""migration_date"":""2025-12-20"",""migration_method"":""jaccard2"",""name_2"":""Dharwad""},{""gid_2"":""IND.16.15_1"",""migration_date"":""2025-12-20"",""migration_method"":""jaccard2"",""name_2"":""Gadag""},{""gid_2"":""IND.16.16_1"",""migration_date"":""2025-12-20"",""migration_method"":""puzzle2_2"",""name_2"":""Gulbarga""},{""gid_2"":""IND.16.18_1"",""migration_date"":""2025-12-20"",""migration_method"":""jaccard2"",""name_2"":""Haveri""},{""gid_2"":""IND.16.1_1"",""migration_date"":""2025-12-20"",""migration_method"":""jaccard2"",""name_2"":""Bagalkot""},{""gid_2"":""IND.16.21_1"",""migration_date"":""2025-12-20"",""migration_method"":""jaccard2"",""name_2"":""Koppal""},{""gid_2"":""IND.16.24_1"",""migration_date"":""2025-12-20"",""migration_method"":""jaccard2"",""name_2"":""Raichur""},{""gid_2"":""IND.16.29_1"",""migration_date"":""2025-12-20"",""migration_method"":""jaccard2"",""name_2"":""Uttara Kannada""},{""gid_2"":""IND.16.30_1"",""migration_date"":""2025-12-20"",""migration_method"":""puzzle2_2"",""name_2"":""Yadgir""},{""gid_2"":""IND.16.4_1"",""migration_date"":""2025-12-20"",""migration_method"":""jaccard2"",""name_2"":""Belgaum""},{""gid_2"":""IND.16.5_1"",""migration_date"":""2025-12-20"",""migration_method"":""jaccard2"",""name_2"":""Bellary""},{""gid_2"":""IND.16.6_1"",""migration_date"":""2025-12-20"",""migration_method"":""jaccard2"",""name_2"":""Bidar""},{""gid_2"":""IND.16.7_1"",""migration_date"":""2025-12-20"",""migration_method"":""jaccard2"",""name_2"":""Bijapur""},{""gid_2"":""IND.2.13_1"",""migration_date"":""2025-12-20"",""migration_method"":""jaccard2"",""name_2"":""Y.S.R.""},{""gid_2"":""IND.2.1_1"",""migration_date"":""2025-12-20"",""migration_method"":""jaccard2"",""name_2"":""Anantapur""},{""gid_2"":""IND.2.4_1"",""migration_date"":""2025-12-20"",""migration_method"":""jaccard2"",""name_2"":""Guntur""},{""gid_2"":""IND.2.5_1"",""migration_date"":""2025-12-20"",""migration_method"":""jaccard2"",""name_2"":""Krishna""},{""gid_2"":""IND.2.6_1"",""migration_date"":""2025-12-20"",""migration_method"":""jaccard2"",""name_2"":""Kurnool""},{""gid_2"":""IND.32.3_1"",""migration_date"":""2025-12-20"",""migration_method"":""jaccard2"",""name_2"":""Karimnagar""},{""gid_2"":""IND.32.4_1"",""migration_date"":""2025-12-20"",""migration_method"":""jaccard2"",""name_2"":""Khammam""},{""gid_2"":""IND.32.5_1"",""migration_date"":""2025-12-20"",""migration_method"":""jaccard2"",""name_2"":""Mahbubnagar""},{""gid_2"":""IND.32.7_1"",""migration_date"":""2025-12-20"",""migration_method"":""jaccard2"",""name_2"":""Nalgonda""}]",2014-05-12,2025-12-20
2010-0321-IND,No,nat-hyd-flo-riv,Natural,Hydrological,Flood,Riverine flood,,,IND,India,Southern Asia,Asia,Delhi province,Heavy rains,,No,No,No,,,Km2,,,,2010,7,13,2010,7,13,11,,,,,,,,,,,69.51329329,"[{""adm1_code"":1489,""adm1_name"":""Delhi""}]","[{""gid_1"":""IND.25_1"",""migration_date"":""2025-12-20"",""migration_method"":""jaccard1"",""name_1"":""NCT of Delhi""}]",2010-07-27,2025-12-20
2009-0638-IND,No,nat-hyd-flo-riv,Natural,Hydrological,Flood,Riverine flood,,,IND,India,Southern Asia,Asia,"Darbhanga, Purnia, Sitamarhi, Saharsa, Madhubani districts (Bihar province)",Heavy rains,,No,No,No,,,Km2,,,,2009,8,26,2009,8,28,52,,,,,,,,,,,68.39164268,"[{""adm2_code"":17598,""adm2_name"":""Darbhanga""},{""adm2_code"":17611,""adm2_name"":""Madhubani""},{""adm2_code"":17621,""adm2_name"":""Purnia""},{""adm2_code"":17624,""adm2_name"":""Saharsa""},{""adm2_code"":17630,""adm2_name"":""Sitamarhi""}]","[{""gid_2"":""IND.5.20_1"",""migration_date"":""2025-12-20"",""migration_method"":""jaccard2"",""name_2"":""Madhubani""},{""gid_2"":""IND.5.28_1"",""migration_date"":""2025-12-20"",""migration_method"":""jaccard2"",""name_2"":""Purnia""},{""gid_2"":""IND.5.30_1"",""migration_date"":""2025-12-20"",""migration_method"":""jaccard2"",""name_2"":""Saharsa""},{""gid_2"":""IND.5.35_1"",""migration_date"":""2025-12-20"",""migration_method"":""jaccard2"",""name_2"":""Sitamarhi""},{""gid_2"":""IND.5.9_1"",""migration_date"":""2025-12-20"",""migration_method"":""jaccard2"",""name_2"":""Darbhanga""}]",2010-03-05,2025-12-20
2009-0641-IND,No,nat-met-sto-sev,Natural,Meteorological,Storm,Severe weather,,,IND,India,Southern Asia,Asia,Uttar Pradesh province,,Flood,No,No,No,,,Kph,,,,2009,6,7,2009,6,7,20,,,,,,,,,,,68.39164268,"[{""adm1_code"":70081,""adm1_name"":""Uttar Pradesh""}]","[{""gid_1"":""IND.34_1"",""migration_date"":""2025-12-20"",""migration_method"":""jaccard1"",""name_1"":""Uttar Pradesh""}]",2010-03-08,2025-12-20
2010-0198-IND,No,nat-met-sto-tro,Natural,Meteorological,Storm,Tropical cyclone,,"Cyclone ""Laila""",IND,India,Southern Asia,Asia,"Krishna, Prakasam, Nellore, Guntur districts (Andhra Pradesh province), Tamil Nadu province",,Rain,No,No,No,,110,Kph,,,,2010,5,20,2010,5,20,32,,,,,,,,,,,69.51329329,"[{""adm1_code"":1508,""adm1_name"":""Tamil Nadu""},{""adm2_code"":17552,""adm2_name"":""Guntur""},{""adm2_code"":17556,""adm2_name"":""Krishna""},{""adm2_code"":17561,""adm2_name"":""Nellore""},{""adm2_code"":17563,""adm2_name"":""Prakasam""}]","[{""gid_1"":""IND.31_1"",""migration_date"":""2025-12-20"",""migration_method"":""jaccard1"",""name_1"":""Tamil Nadu""},{""gid_2"":""IND.2.4_1"",""migration_date"":""2025-12-20"",""migration_method"":""jaccard2"",""name_2"":""Guntur""},{""gid_2"":""IND.2.5_1"",""migration_date"":""2025-12-20"",""migration_method"":""jaccard2"",""name_2"":""Krishna""},{""gid_2"":""IND.2.7_1"",""migration_date"":""2025-12-20"",""migration_method"":""jaccard2"",""name_2"":""Nellore""},{""gid_2"":""IND.2.8_1"",""migration_date"":""2025-12-20"",""migration_method"":""jaccard2"",""name_2"":""Prakasam""}]",2010-05-27,2025-12-20
2010-0276-IND,No,nat-hyd-flo-riv,Natural,Hydrological,Flood,Riverine flood,,,IND,India,Southern Asia,Asia,"Ambala, Kurukshetra districts (Haryana province), Punjab, Kerala provinces",Monsoonal rains,,No,No,No,,147437,Km2,30.18,74.77,,2010,7,5,2010,7,15,53,,,400000,400000,,,,,447000,643042,69.51329329,"[{""adm1_code"":1495,""adm1_name"":""Kerala""},{""adm1_code"":1505,""adm1_name"":""Punjab""},{""adm2_code"":17654,""adm2_name"":""Ambala""},{""adm2_code"":17661,""adm2_name"":""Kurukshetra""}]","[{""gid_1"":""IND.17_1"",""migration_date"":""2025-12-20"",""migration_method"":""jaccard1"",""name_1"":""Kerala""},{""gid_1"":""IND.28_1"",""migration_date"":""2025-12-20"",""migration_method"":""jaccard1"",""name_1"":""Punjab""},{""gid_2"":""IND.12.11_1"",""migration_date"":""2025-12-20"",""migration_method"":""jaccard2"",""name_2"":""Kurukshetra""},{""gid_2"":""IND.12.1_1"",""migration_date"":""2025-12-20"",""migration_method"":""jaccard2"",""name_2"":""Ambala""}]",2011-03-15,2025-12-20
2010-0493-IND,No,nat-hyd-flo-riv,Natural,Hydrological,Flood,Riverine flood,,,IND,India,Southern Asia,Asia,"Punjab, Haryana, Uttar Pradesh provinces",Monsoonal rains,,No,No,No,,10843,Km2,25.965,76.05,Ganges,2010,9,9,2010,9,9,,,12500,,12500,,,,,,,69.51329329,"[{""adm1_code"":1492,""adm1_name"":""Haryana""},{""adm1_code"":1505,""adm1_name"":""Punjab""},{""adm1_code"":70081,""adm1_name"":""Uttar Pradesh""}]","[{""gid_1"":""IND.12_1"",""migration_date"":""2025-12-20"",""migration_method"":""jaccard1"",""name_1"":""Haryana""},{""gid_1"":""IND.28_1"",""migration_date"":""2025-12-20"",""migration_method"":""jaccard1"",""name_1"":""Punjab""},{""gid_1"":""IND.34_1"",""migration_date"":""2025-12-20"",""migration_method"":""jaccard1"",""name_1"":""Uttar Pradesh""}]",2010-10-06,2025-12-20
2011-0566-IND,No,nat-met-sto-tro,Natural,Meteorological,Storm,Tropical cyclone,GLIDE:TC-2011-000201,Cyclone Thane,IND,India,Southern Asia,Asia,"Cuddalore district (Tamil Nadu province), Puducherry district (Puducherry province)",,,No,No,No,1350,140,Kph,,,,2011,12,29,2011,12,30,47,,,250000,250000,,,,,375625,523828,71.70772361,"[{""adm2_code"":70243,""adm2_name"":""Cuddalore""},{""adm2_code"":70228,""adm2_name"":""Puducherry""}]","[{""gid_2"":""IND.27.3_1"",""migration_date"":""2025-12-20"",""migration_method"":""jaccard2"",""name_2"":""Puducherry""},{""gid_2"":""IND.31.4_1"",""migration_date"":""2025-12-20"",""migration_method"":""jaccard2"",""name_2"":""Cuddalore""}]",2012-04-04,2025-12-20
2011-0643-IND,No,nat-met-ext-col,Natural,Meteorological,Extreme temperature,Cold wave,GLIDE:CW-2011-000197,,IND,India,Southern Asia,Asia,"Uttar Pradesh, Punjab, Haryana provinces",,,No,No,No,,0,°C,,,,2011,12,16,2011,12,31,132,,,,,,,,,,,71.70772361,"[{""adm1_code"":1492,""adm1_name"":""Haryana""},{""adm1_code"":1505,""adm1_name"":""Punjab""},{""adm1_code"":70081,""adm1_name"":""Uttar Pradesh""}]","[{""gid_1"":""IND.12_1"",""migration_date"":""2025-12-20"",""migration_method"":""jaccard1"",""name_1"":""Haryana""},{""gid_1"":""IND.28_1"",""migration_date"":""2025-12-20"",""migration_method"":""jaccard1"",""name_1"":""Punjab""},{""gid_1"":""IND.34_1"",""migration_date"":""2025-12-20"",""migration_method"":""jaccard1"",""name_1"":""Uttar Pradesh""}]",2012-04-05,2025-12-20
2012-0425-IND,No,nat-met-sto-tro,Natural,Meteorological,Storm,Tropical cyclone,GLIDE:TC-2012-000185,Cyclone Nilam,IND,India,Southern Asia,Asia,"Andhra Pradesh, Tamil Nadu provinces",,Flood|Surge,No,No,No,,,Kph,11.82,78.08,,2012,11,4,2012,11,8,40,,70000,,70000,,,,,,,73.19159161,"[{""adm1_code"":1485,""adm1_name"":""Andhra Pradesh""},{""adm1_code"":1508,""adm1_name"":""Tamil Nadu""}]","[{""gid_1"":""IND.2_1"",""migration_date"":""2025-12-20"",""migration_method"":""puzzle1_1"",""name_1"":""Andhra Pradesh""},{""gid_1"":""IND.31_1"",""migration_date"":""2025-12-20"",""migration_method"":""jaccard1"",""name_1"":""Tamil Nadu""},{""gid_1"":""IND.32_1"",""migration_date"":""2025-12-20"",""migration_method"":""puzzle1_1"",""name_1"":""Telangana""}]",2013-02-06,2025-12-20
2012-0382-IND,No,nat-hyd-flo-riv,Natural,Hydrological,Flood,Riverine flood,GLIDE:FF-2012-000166,,IND,India,Southern Asia,Asia,"Barpeta, Bongaigaon, Darrang, Dhemaji, Dhuburi, Dibrugarh, Goalpara, Golaghat, Jorhat, Kamrup, Lakhimpur, Marigaon, Nagaon, Nalbari, Papum Pare, Sibsagar, Sonitpur, Tinsukia districts (Assam province), Bhagalpur, Darbhanga, Katihar, Khagaria, Muzaffarpur, Patna, Siwan, Supaul districts (Bihar province), Sahibganj district (Jharkhand province), North Sikkim district (Sikkim province), Ballia, Bara Banki, Faizabad districts (Uttar Pradesh province), Murshidabad district (West Bengal province), West Siang, East Siang, Lohit, Papum Pare districts (Arunachal Pradesh province)",Monsoonal rains,"Slide (land, mud, snow, rock)",No,No,No,,42597,Km2,26.8,93.63,,2012,9,19,2012,9,23,21,,2000000,,2000000,,,,,98000,133895,73.19159161,"[{""adm2_code"":17576,""adm2_name"":""Barpeta""},{""adm2_code"":17578,""adm2_name"":""Darrang""},{""adm2_code"":17579,""adm2_name"":""Dhuburi""},{""adm2_code"":17580,""adm2_name"":""Dibrugarh""},{""adm2_code"":17581,""adm2_name"":""Goalpara""},{""adm2_code"":17582,""adm2_name"":""Golaghat""},{""adm2_code"":17583,""adm2_name"":""Kamrup""},{""adm2_code"":17589,""adm2_name"":""Nagaon""},{""adm2_code"":17590,""adm2_name"":""Nalbari""},{""adm2_code"":17592,""adm2_name"":""Sibsagar""},{""adm2_code"":17593,""adm2_name"":""Sonitpur""},{""adm2_code"":70086,""adm2_name"":""Bongaigaon""},{""adm2_code"":70087,""adm2_name"":""Dhemaji""},{""adm2_code"":70089,""adm2_name"":""Jorhat""},{""adm2_code"":70091,""adm2_name"":""Lakhimpur""},{""adm2_code"":70092,""adm2_name"":""Marigaon""},{""adm2_code"":70093,""adm2_name"":""Tinsukia""},{""adm2_code"":17862,""adm2_name"":""North Sikkim""},{""adm2_code"":17955,""adm2_name"":""Murshidabad""},{""adm2_code"":17571,""adm2_name"":""East Siang""},{""adm2_code"":17572,""adm2_name"":""Lohit""},{""adm2_code"":17575,""adm2_name"":""West Siang""},{""adm2_code"":70085,""adm2_name"":""Papum Pare""},{""adm2_code"":17596,""adm2_name"":""Bhagalpur""},{""adm2_code"":17598,""adm2_name"":""Darbhanga""},{""adm2_code"":17608,""adm2_name"":""Katihar""},{""adm2_code"":17609,""adm2_name"":""Khagaria""},{""adm2_code"":17613,""adm2_name"":""Muzaffarpur""},{""adm2_code"":17619,""adm2_name"":""Patna""},{""adm2_code"":17631,""adm2_name"":""Siwan""},{""adm2_code"":70104,""adm2_name"":""Supaul""},{""adm2_code"":70154,""adm2_name"":""Sahibganj""},{""adm2_code"":17894,""adm2_name"":""Ballia""},{""adm2_code"":17896,""adm2_name"":""Bara Banki""},{""adm2_code"":17907,""adm2_name"":""Faizabad""}]","[{""gid_1"":""IND.4_1"",""migration_date"":""2025-12-20"",""migration_method"":""parent2_1"",""name_1"":""Assam""},{""gid_2"":""IND.15.22_1"",""migration_date"":""2025-12-20"",""migration_method"":""jaccard2"",""name_2"":""Sahibganj""},{""gid_2"":""IND.3.11_1"",""migration_date"":""2025-12-20"",""migration_method"":""puzzle2_2"",""name_2"":""Namsai""},{""gid_2"":""IND.3.1_1"",""migration_date"":""2025-12-20"",""migration_method"":""puzzle2_2"",""name_2"":""Anjaw""},{""gid_2"":""IND.3.5_1"",""migration_date"":""2025-12-20"",""migration_method"":""jaccard2"",""name_2"":""East Siang""},{""gid_2"":""IND.3.7_1"",""migration_date"":""2025-12-20"",""migration_method"":""puzzle2_2"",""name_2"":""Lohit""},{""gid_2"":""IND.30.2_1"",""migration_date"":""2025-12-20"",""migration_method"":""jaccard2"",""name_2"":""North Sikkim""},{""gid_2"":""IND.34.11_1"",""migration_date"":""2025-12-20"",""migration_method"":""jaccard2"",""name_2"":""Ballia""},{""gid_2"":""IND.34.14_1"",""migration_date"":""2025-12-20"",""migration_method"":""jaccard2"",""name_2"":""Barabanki""},{""gid_2"":""IND.34.25_1"",""migration_date"":""2025-12-20"",""migration_method"":""jaccard2"",""name_2"":""Faizabad""},{""gid_2"":""IND.36.13_1"",""migration_date"":""2025-12-20"",""migration_method"":""jaccard2"",""name_2"":""Murshidabad""},{""gid_2"":""IND.5.15_1"",""migration_date"":""2025-12-20"",""migration_method"":""jaccard2"",""name_2"":""Katihar""},{""gid_2"":""IND.5.16_1"",""migration_date"":""2025-12-20"",""migration_method"":""jaccard2"",""name_2"":""Khagaria""},{""gid_2"":""IND.5.22_1"",""migration_date"":""2025-12-20"",""migration_method"":""jaccard2"",""name_2"":""Muzaffarpur""},{""gid_2"":""IND.5.26_1"",""migration_date"":""2025-12-20"",""migration_method"":""jaccard2"",""name_2"":""Patna""},{""gid_2"":""IND.5.36_1"",""migration_date"":""2025-12-20"",""migration_method"":""jaccard2"",""name_2"":""Siwan""},{""gid_2"":""IND.5.37_1"",""migration_date"":""2025-12-20"",""migration_method"":""jaccard2"",""name_2"":""Supaul""},{""gid_2"":""IND.5.6_1"",""migration_date"":""2025-12-20"",""migration_method"":""jaccard2"",""name_2"":""Bhagalpur""},{""gid_2"":""IND.5.9_1"",""migration_date"":""2025-12-20"",""migration_method"":""jaccard2"",""name_2"":""Darbhanga""},{""gid_2"":""Z07.3.12_1"",""migration_date"":""2025-12-20"",""migration_method"":""bufhaus2"",""name_2"":""Papum Pare""},{""gid_2"":""Z07.3.18_1"",""migration_date"":""2025-12-20"",""migration_method"":""bufhaus2"",""name_2"":""West Siang""}]",2013-02-06,2025-12-20
2012-0538-IND,No,nat-met-ext-col,Natural,Meteorological,Extreme temperature,Cold wave,,,IND,India,Southern Asia,Asia,"Bihar, Haryana, Himachal Pradesh, Jammu and Kashmir, Punjab, Rajasthan, Uttar Pradesh provinces",,,No,No,No,,,°C,,,,2012,12,22,2013,1,20,249,,,,,,,,,,,73.19159161,"[{""adm1_code"":1492,""adm1_name"":""Haryana""},{""adm1_code"":1493,""adm1_name"":""Himachal Pradesh""},{""adm1_code"":1505,""adm1_name"":""Punjab""},{""adm1_code"":1506,""adm1_name"":""Rajasthan""},{""adm1_code"":40408,""adm1_name"":""Administrative unit not available""},{""adm1_code"":40409,""adm1_name"":""Administrative unit not available""},{""adm1_code"":40422,""adm1_name"":""Administrative unit not available""},{""adm1_code"":40423,""adm1_name"":""Administrative unit not available""},{""adm1_code"":40424,""adm1_name"":""Administrative unit not available""},{""adm1_code"":40425,""adm1_name"":""Administrative unit not available""},{""adm1_code"":40426,""adm1_name"":""Administrative unit not available""},{""adm1_code"":40427,""adm1_name"":""Administrative unit not available""},{""adm1_code"":40428,""adm1_name"":""Administrative unit not available""},{""adm1_code"":40429,""adm1_name"":""Administrative unit not available""},{""adm1_code"":40430,""adm1_name"":""Administrative unit not available""},{""adm1_code"":40431,""adm1_name"":""Administrative unit not available""},{""adm1_code"":70073,""adm1_name"":""Bihar""},{""adm1_code"":70081,""adm1_name"":""Uttar Pradesh""}]","[{""gid_1"":""IND.12_1"",""migration_date"":""2025-12-20"",""migration_method"":""jaccard1"",""name_1"":""Haryana""},{""gid_1"":""IND.13_1"",""migration_date"":""2025-12-20"",""migration_method"":""jaccard1"",""name_1"":""Himachal Pradesh""},{""gid_1"":""IND.28_1"",""migration_date"":""2025-12-20"",""migration_method"":""jaccard1"",""name_1"":""Punjab""},{""gid_1"":""IND.29_1"",""migration_date"":""2025-12-20"",""migration_method"":""jaccard1"",""name_1"":""Rajasthan""},{""gid_1"":""IND.34_1"",""migration_date"":""2025-12-20"",""migration_method"":""jaccard1"",""name_1"":""Uttar Pradesh""},{""gid_1"":""IND.5_1"",""migration_date"":""2025-12-20"",""migration_method"":""jaccard1"",""name_1"":""Bihar""},{""gid_1"":""Z06.1_1"",""migration_date"":""2025-12-20"",""migration_method"":""jaccard1"",""name_1"":""Azad Kashmir""},{""gid_1"":""Z06.6_1"",""migration_date"":""2025-12-20"",""migration_method"":""jaccard1"",""name_1"":""Gilgit-Baltistan""},{""gid_2"":""Z01.14.10_1"",""migration_date"":""2025-12-20"",""migration_method"":""puzzle1_2"",""name_2"":""Kishtwar""},{""gid_2"":""Z01.14.12_1"",""migration_date"":""2025-12-20"",""migration_method"":""puzzle1_2"",""name_2"":""Kupwara""},{""gid_2"":""Z01.14.13_1"",""migration_date"":""2025-12-20"",""migration_method"":""puzzle1_2"",""name_2"":""Leh (Ladakh)""},{""gid_2"":""Z01.14.14_1"",""migration_date"":""2025-12-20"",""migration_method"":""puzzle1_2"",""name_2"":""Poonch""},{""gid_2"":""Z01.14.16_1"",""migration_date"":""2025-12-20"",""migration_method"":""puzzle1_2"",""name_2"":""Rajouri""},{""gid_2"":""Z01.14.17_1"",""migration_date"":""2025-12-20"",""migration_method"":""puzzle1_2"",""name_2"":""Ramban""},{""gid_2"":""Z01.14.18_1"",""migration_date"":""2025-12-20"",""migration_method"":""puzzle1_2"",""name_2"":""Reasi""},{""gid_2"":""Z01.14.19_1"",""migration_date"":""2025-12-20"",""migration_method"":""puzzle1_2"",""name_2"":""Samba""},{""gid_2"":""Z01.14.21_1"",""migration_date"":""2025-12-20"",""migration_method"":""puzzle1_2"",""name_2"":""Srinagar""},{""gid_2"":""Z01.14.22_1"",""migration_date"":""2025-12-20"",""migration_method"":""puzzle1_2"",""name_2"":""Udhampur""},{""gid_2"":""Z01.14.2_1"",""migration_date"":""2025-12-20"",""migration_method"":""puzzle1_2"",""name_2"":""Badgam""},{""gid_2"":""Z01.14.3_1"",""migration_date"":""2025-12-20"",""migration_method"":""puzzle1_2"",""name_2"":""Bandipore""},{""gid_2"":""Z01.14.4_1"",""migration_date"":""2025-12-20"",""migration_method"":""puzzle1_2"",""name_2"":""Baramulla""},{""gid_2"":""Z01.14.5_1"",""migration_date"":""2025-12-20"",""migration_method"":""puzzle1_2"",""name_2"":""Doda""},{""gid_2"":""Z01.14.6_1"",""migration_date"":""2025-12-20"",""migration_method"":""puzzle1_2"",""name_2"":""Ganderbal""},{""gid_2"":""Z01.14.7_1"",""migration_date"":""2025-12-20"",""migration_method"":""puzzle1_2"",""name_2"":""Jammu""},{""gid_2"":""Z01.14.8_1"",""migration_date"":""2025-12-20"",""migration_method"":""puzzle1_2"",""name_2"":""Kargil""},{""gid_2"":""Z01.14.9_1"",""migration_date"":""2025-12-20"",""migration_method"":""puzzle1_2"",""name_2"":""Kathua""}]",2013-11-27,2025-12-20
2012-0584-IND,No,nat-hyd-flo-riv,Natural,Hydrological,Flood,Riverine flood,,,IND,India,Southern Asia,Asia,Himachel Pradesh province,,"Slide (land, mud, snow, rock)",No,No,No,,,Km2,,,,2012,8,21,2012,8,23,26,,9460,,9460,,,,,16000,21860,73.19159161,"[{""adm1_code"":1493,""adm1_name"":""Himachal Pradesh""}]","[{""gid_1"":""IND.13_1"",""migration_date"":""2025-12-20"",""migration_method"":""jaccard1"",""name_1"":""Himachal Pradesh""}]",2013-02-06,2025-12-20
2013-0400-IND,No,nat-hyd-flo-riv,Natural,Hydrological,Flood,Riverine flood,,,IND,India,Southern Asia,Asia,"Orissa, Andhra Pradesh, West Bengal provinces",Monsoonal rain,,No,No,No,,,Km2,,,,2013,10,21,2013,10,26,72,,375000,,375000,,,,,260000,350104,74.26372907,"[{""adm1_code"":1485,""adm1_name"":""Andhra Pradesh""},{""adm1_code"":1504,""adm1_name"":""Orissa""},{""adm1_code"":1511,""adm1_name"":""West Bengal""}]","[{""gid_1"":""IND.26_1"",""migration_date"":""2025-12-20"",""migration_method"":""jaccard1"",""name_1"":""Odisha""},{""gid_1"":""IND.2_1"",""migration_date"":""2025-12-20"",""migration_method"":""puzzle1_1"",""name_1"":""Andhra Pradesh""},{""gid_1"":""IND.32_1"",""migration_date"":""2025-12-20"",""migration_method"":""puzzle1_1"",""name_1"":""Telangana""},{""gid_1"":""IND.36_1"",""migration_date"":""2025-12-20"",""migration_method"":""jaccard1"",""name_1"":""West Bengal""}]",2013-11-13,2025-12-20
2014-0047-IND,No,nat-met-ext-col,Natural,Meteorological,Extreme temperature,Cold wave,,,IND,India,Southern Asia,Asia,"Uttar Pradesh, Jammu and Kashmir, Uttarakhand, Delhi provinces",,Fog,No,No,No,,-9,°C,,,,2014,1,20,2014,1,24,24,,,,,,,,,,,75.46845568,"[{""adm1_code"":1489,""adm1_name"":""Delhi""},{""adm1_code"":40408,""adm1_name"":""Administrative unit not available""},{""adm1_code"":40409,""adm1_name"":""Administrative unit not available""},{""adm1_code"":40422,""adm1_name"":""Administrative unit not available""},{""adm1_code"":40423,""adm1_name"":""Administrative unit not available""},{""adm1_code"":40424,""adm1_name"":""Administrative unit not available""},{""adm1_code"":40425,""adm1_name"":""Administrative unit not available""},{""adm1_code"":40426,""adm1_name"":""Administrative unit not available""},{""adm1_code"":40427,""adm1_name"":""Administrative unit not available""},{""adm1_code"":40428,""adm1_name"":""Administrative unit not available""},{""adm1_code"":40429,""adm1_name"":""Administrative unit not available""},{""adm1_code"":40430,""adm1_name"":""Administrative unit not available""},{""adm1_code"":40431,""adm1_name"":""Administrative unit not available""},{""adm1_code"":70081,""adm1_name"":""Uttar Pradesh""},{""adm1_code"":70082,""adm1_name"":""Uttarakhand""}]","[{""gid_1"":""IND.25_1"",""migration_date"":""2025-12-20"",""migration_method"":""jaccard1"",""name_1"":""NCT of Delhi""},{""gid_1"":""IND.34_1"",""migration_date"":""2025-12-20"",""migration_method"":""jaccard1"",""name_1"":""Uttar Pradesh""},{""gid_1"":""IND.35_1"",""migration_date"":""2025-12-20"",""migration_method"":""jaccard1"",""name_1"":""Uttarakhand""},{""gid_1"":""Z06.1_1"",""migration_date"":""2025-12-20"",""migration_method"":""jaccard1"",""name_1"":""Azad Kashmir""},{""gid_1"":""Z06.6_1"",""migration_date"":""2025-12-20"",""migration_method"":""jaccard1"",""name_1"":""Gilgit-Baltistan""},{""gid_2"":""Z01.14.10_1"",""migration_date"":""2025-12-20"",""migration_method"":""puzzle1_2"",""name_2"":""Kishtwar""},{""gid_2"":""Z01.14.12_1"",""migration_date"":""2025-12-20"",""migration_method"":""puzzle1_2"",""name_2"":""Kupwara""},{""gid_2"":""Z01.14.13_1"",""migration_date"":""2025-12-20"",""migration_method"":""puzzle1_2"",""name_2"":""Leh (Ladakh)""},{""gid_2"":""Z01.14.14_1"",""migration_date"":""2025-12-20"",""migration_method"":""puzzle1_2"",""name_2"":""Poonch""},{""gid_2"":""Z01.14.16_1"",""migration_date"":""2025-12-20"",""migration_method"":""puzzle1_2"",""name_2"":""Rajouri""},{""gid_2"":""Z01.14.17_1"",""migration_date"":""2025-12-20"",""migration_method"":""puzzle1_2"",""name_2"":""Ramban""},{""gid_2"":""Z01.14.18_1"",""migration_date"":""2025-12-20"",""migration_method"":""puzzle1_2"",""name_2"":""Reasi""},{""gid_2"":""Z01.14.19_1"",""migration_date"":""2025-12-20"",""migration_method"":""puzzle1_2"",""name_2"":""Samba""},{""gid_2"":""Z01.14.21_1"",""migration_date"":""2025-12-20"",""migration_method"":""puzzle1_2"",""name_2"":""Srinagar""},{""gid_2"":""Z01.14.22_1"",""migration_date"":""2025-12-20"",""migration_method"":""puzzle1_2"",""name_2"":""Udhampur""},{""gid_2"":""Z01.14.2_1"",""migration_date"":""2025-12-20"",""migration_method"":""puzzle1_2"",""name_2"":""Badgam""},{""gid_2"":""Z01.14.3_1"",""migration_date"":""2025-12-20"",""migration_method"":""puzzle1_2"",""name_2"":""Bandipore""},{""gid_2"":""Z01.14.4_1"",""migration_date"":""2025-12-20"",""migration_method"":""puzzle1_2"",""name_2"":""Baramulla""},{""gid_2"":""Z01.14.5_1"",""migration_date"":""2025-12-20"",""migration_method"":""puzzle1_2"",""name_2"":""Doda""},{""gid_2"":""Z01.14.6_1"",""migration_date"":""2025-12-20"",""migration_method"":""puzzle1_2"",""name_2"":""Ganderbal""},{""gid_2"":""Z01.14.7_1"",""migration_date"":""2025-12-20"",""migration_method"":""puzzle1_2"",""name_2"":""Jammu""},{""gid_2"":""Z01.14.8_1"",""migration_date"":""2025-12-20"",""migration_method"":""puzzle1_2"",""name_2"":""Kargil""},{""gid_2"":""Z01.14.9_1"",""migration_date"":""2025-12-20"",""migration_method"":""puzzle1_2"",""name_2"":""Kathua""}]",2014-02-06,2025-12-20
2014-0270-IND,No,nat-hyd-mmw-lan,Natural,Hydrological,Mass movement (wet),Landslide (wet),GLIDE:LS-2014-000101,,IND,India,Southern Asia,Asia,"Malin village (Pune district, Maharashtra province)",Monsoonal rains,,No,No,No,,,,,,,2014,7,30,2014,7,30,151,,,200,200,,,,,,,75.46845568,"[{""adm2_code"":17776,""adm2_name"":""Pune""}]","[{""gid_2"":""IND.20.26_1"",""migration_date"":""2025-12-20"",""migration_method"":""jaccard2"",""name_2"":""Pune""}]",2014-08-28,2025-12-20
2014-0392-IND,No,nat-met-sto-tro,Natural,Meteorological,Storm,Tropical cyclone,GLIDE:TC-2014-000141,Cyclone Hudhud,IND,India,Southern Asia,Asia,"Vishakhapatnam, Gangavaram towns (Vishakhapatnam district, Andhra Pradesh province), Baragarh, Bolangir, Boudh, Gajapati, Ganjam, Kalahandi, Kandhamal, Khordha, Koraput, Malkangiri, Nabarangpur, Nayagarh, Nuapada, Puri, Rayagada, Sonepur districts (Orissa province), Chhattisgarh province",,Surge,Yes,No,No,,215,Kph,,,,2014,10,12,2014,10,12,53,,920000,,920000,,,530000,702280,7000000,9275398,75.46845568,"[{""adm1_code"":70075,""adm1_name"":""Chhattisgarh""},{""adm2_code"":17566,""adm2_name"":""Vishakhapatnam""},{""adm2_code"":17811,""adm2_name"":""Ganjam""},{""adm2_code"":17812,""adm2_name"":""Kalahandi""},{""adm2_code"":17814,""adm2_name"":""Koraput""},{""adm2_code"":17818,""adm2_name"":""Puri""},{""adm2_code"":70208,""adm2_name"":""Baragarh""},{""adm2_code"":70210,""adm2_name"":""Bolangir""},{""adm2_code"":70211,""adm2_name"":""Boudh""},{""adm2_code"":70213,""adm2_name"":""Gajapati""},{""adm2_code"":70217,""adm2_name"":""Kandhamal""},{""adm2_code"":70219,""adm2_name"":""Khordha""},{""adm2_code"":70220,""adm2_name"":""Malkangiri""},{""adm2_code"":70221,""adm2_name"":""Nabarangpur""},{""adm2_code"":70222,""adm2_name"":""Nayagarh""},{""adm2_code"":70223,""adm2_name"":""Nuapada""},{""adm2_code"":70224,""adm2_name"":""Rayagada""},{""adm2_code"":70225,""adm2_name"":""Sonepur""}]","[{""gid_1"":""IND.7_1"",""migration_date"":""2025-12-20"",""migration_method"":""jaccard1"",""name_1"":""Chhattisgarh""},{""gid_2"":""IND.2.10_1"",""migration_date"":""2025-12-20"",""migration_method"":""jaccard2"",""name_2"":""Visakhapatnam""},{""gid_2"":""IND.26.10_1"",""migration_date"":""2025-12-20"",""migration_method"":""jaccard2"",""name_2"":""Gajapati""},{""gid_2"":""IND.26.11_1"",""migration_date"":""2025-12-20"",""migration_method"":""jaccard2"",""name_2"":""Ganjam""},{""gid_2"":""IND.26.15_1"",""migration_date"":""2025-12-20"",""migration_method"":""jaccard2"",""name_2"":""Kalahandi""},{""gid_2"":""IND.26.16_1"",""migration_date"":""2025-12-20"",""migration_method"":""jaccard2"",""name_2"":""Kandhamal""},{""gid_2"":""IND.26.19_1"",""migration_date"":""2025-12-20"",""migration_method"":""jaccard2"",""name_2"":""Khordha""},{""gid_2"":""IND.26.20_1"",""migration_date"":""2025-12-20"",""migration_method"":""jaccard2"",""name_2"":""Koraput""},{""gid_2"":""IND.26.21_1"",""migration_date"":""2025-12-20"",""migration_method"":""jaccard2"",""name_2"":""Malkangiri""},{""gid_2"":""IND.26.23_1"",""migration_date"":""2025-12-20"",""migration_method"":""jaccard2"",""name_2"":""Nabarangapur""},{""gid_2"":""IND.26.24_1"",""migration_date"":""2025-12-20"",""migration_method"":""jaccard2"",""name_2"":""Nayagarh""},{""gid_2"":""IND.26.25_1"",""migration_date"":""2025-12-20"",""migration_method"":""jaccard2"",""name_2"":""Nuapada""},{""gid_2"":""IND.26.26_1"",""migration_date"":""2025-12-20"",""migration_method"":""jaccard2"",""name_2"":""Puri""},{""gid_2"":""IND.26.27_1"",""migration_date"":""2025-12-20"",""migration_method"":""jaccard2"",""name_2"":""Rayagada""},{""gid_2"":""IND.26.29_1"",""migration_date"":""2025-12-20"",""migration_method"":""jaccard2"",""name_2"":""Subarnapur""},{""gid_2"":""IND.26.2_1"",""migration_date"":""2025-12-20"",""migration_method"":""jaccard2"",""name_2"":""Balangir""},{""gid_2"":""IND.26.4_1"",""migration_date"":""2025-12-20"",""migration_method"":""jaccard2"",""name_2"":""Bargarh""},{""gid_2"":""IND.26.5_1"",""migration_date"":""2025-12-20"",""migration_method"":""jaccard2"",""name_2"":""Bauda""}]",2014-10-14,2025-12-20
2014-0520-IND,No,nat-met-ext-col,Natural,Meteorological,Extreme temperature,Cold wave,,,IND,India,Southern Asia,Asia,Muzaffarnagar district (Uttar Pradesh province),,,No,No,No,,3.1,°C,,,,2014,12,7,2014,12,9,16,,,,,,,,,,,75.46845568,"[{""adm2_code"":17929,""adm2_name"":""Muzaffarnagar""}]","[{""gid_2"":""IND.34.58_1"",""migration_date"":""2025-12-20"",""migration_method"":""puzzle2_2"",""name_2"":""Muzaffarnagar""},{""gid_2"":""IND.34.68_1"",""migration_date"":""2025-12-20"",""migration_method"":""puzzle2_2"",""name_2"":""Shamli""}]",2015-01-14,2025-12-20
2014-0551-IND,No,nat-met-sto-lig,Natural,Meteorological,Storm,Lightning/Thunderstorms,,,IND,India,Southern Asia,Asia,Hyderabad district (Andhra Pradesh province),,Flood|Hail,No,No,No,,,Kph,,,,2014,3,6,2014,3,7,7,58,1870,,1928,,,,,,,75.46845568,"[{""adm2_code"":17553,""adm2_name"":""Hyderabad""}]","[{""gid_2"":""IND.32.2_1"",""migration_date"":""2025-12-20"",""migration_method"":""jaccard2"",""name_2"":""Hyderabad""}]",2015-03-27,2025-12-20
2016-0049-IND,No,nat-hyd-mmw-ava,Natural,Hydrological,Mass movement (wet),Avalanche (wet),,,IND,India,Southern Asia,Asia,Jammu and Kashmir (Administrative unit not available) (Siachen glacier),,,No,No,No,,,,,,,2016,2,3,2016,2,3,10,,,,,,,,,,,76.5112162,"[{""adm1_code"":40409,""adm1_name"":""Administrative unit not available""}]","[{""gid_1"":""Z06.6_1"",""migration_date"":""2025-12-20"",""migration_method"":""jaccard1"",""name_1"":""Gilgit-Baltistan""}]",2016-02-23,2025-12-20
2016-0234-IND,No,nat-met-sto-lig,Natural,Meteorological,Storm,Lightning/Thunderstorms,,,IND,India,Southern Asia,Asia,"Muzaffarpur, Patna, Siwan districts (Bihar province)",,,No,No,No,,,Kph,,,,2016,6,12,2016,6,12,11,,,,,,,,,,,76.5112162,"[{""adm2_code"":17613,""adm2_name"":""Muzaffarpur""},{""adm2_code"":17619,""adm2_name"":""Patna""},{""adm2_code"":17631,""adm2_name"":""Siwan""}]","[{""gid_2"":""IND.5.22_1"",""migration_date"":""2025-12-20"",""migration_method"":""jaccard2"",""name_2"":""Muzaffarpur""},{""gid_2"":""IND.5.26_1"",""migration_date"":""2025-12-20"",""migration_method"":""jaccard2"",""name_2"":""Patna""},{""gid_2"":""IND.5.36_1"",""migration_date"":""2025-12-20"",""migration_method"":""jaccard2"",""name_2"":""Siwan""}]",2016-07-13,2025-12-20
2016-0276-IND,No,nat-hyd-flo-flo,Natural,Hydrological,Flood,Flood (General),DFO:4378,,IND,India,Southern Asia,Asia,"Bhopal, Hoshangabad, Rewa, Sagar, Shajapur, Jabalpur, Satna, Harda, Panna, Vidisha, Raisen, Mandla, Tikamgarh, Seoni, Damoh, Sehore, Agar-Malwa districts (Madhya Pradesh province)",Monsoonal rains,,No,No,No,,,Km2,,,,2016,7,9,2016,8,22,184,,100000,,100000,,,,,160000,209120,76.5112162,"[{""adm2_code"":17716,""adm2_name"":""Bhopal""},{""adm2_code"":17720,""adm2_name"":""Damoh""},{""adm2_code"":17728,""adm2_name"":""Hoshangabad""},{""adm2_code"":17730,""adm2_name"":""Jabalpur""},{""adm2_code"":17732,""adm2_name"":""Mandla""},{""adm2_code"":17736,""adm2_name"":""Panna""},{""adm2_code"":17739,""adm2_name"":""Raisen""},{""adm2_code"":17743,""adm2_name"":""Rewa""},{""adm2_code"":17744,""adm2_name"":""Sagar""},{""adm2_code"":17745,""adm2_name"":""Satna""},{""adm2_code"":17746,""adm2_name"":""Sehore""},{""adm2_code"":17747,""adm2_name"":""Seoni""},{""adm2_code"":17749,""adm2_name"":""Shajapur""},{""adm2_code"":17753,""adm2_name"":""Tikamgarh""},{""adm2_code"":17755,""adm2_name"":""Vidisha""},{""adm2_code"":70173,""adm2_name"":""Harda""}]","[{""gid_2"":""IND.19.13_1"",""migration_date"":""2025-12-20"",""migration_method"":""jaccard2"",""name_2"":""Damoh""},{""gid_2"":""IND.19.1_1"",""migration_date"":""2025-12-20"",""migration_method"":""puzzle2_2"",""name_2"":""Agar Malwa""},{""gid_2"":""IND.19.21_1"",""migration_date"":""2025-12-20"",""migration_method"":""jaccard2"",""name_2"":""Harda""},{""gid_2"":""IND.19.22_1"",""migration_date"":""2025-12-20"",""migration_method"":""jaccard2"",""name_2"":""Hoshangabad""},{""gid_2"":""IND.19.24_1"",""migration_date"":""2025-12-20"",""migration_method"":""jaccard2"",""name_2"":""Jabalpur""},{""gid_2"":""IND.19.27_1"",""migration_date"":""2025-12-20"",""migration_method"":""jaccard2"",""name_2"":""Mandla""},{""gid_2"":""IND.19.32_1"",""migration_date"":""2025-12-20"",""migration_method"":""jaccard2"",""name_2"":""Panna""},{""gid_2"":""IND.19.33_1"",""migration_date"":""2025-12-20"",""migration_method"":""jaccard2"",""name_2"":""Raisen""},{""gid_2"":""IND.19.36_1"",""migration_date"":""2025-12-20"",""migration_method"":""jaccard2"",""name_2"":""Rewa""},{""gid_2"":""IND.19.37_1"",""migration_date"":""2025-12-20"",""migration_method"":""jaccard2"",""name_2"":""Sagar""},{""gid_2"":""IND.19.38_1"",""migration_date"":""2025-12-20"",""migration_method"":""jaccard2"",""name_2"":""Satna""},{""gid_2"":""IND.19.39_1"",""migration_date"":""2025-12-20"",""migration_method"":""jaccard2"",""name_2"":""Sehore""},{""gid_2"":""IND.19.40_1"",""migration_date"":""2025-12-20"",""migration_method"":""jaccard2"",""name_2"":""Seoni""},{""gid_2"":""IND.19.42_1"",""migration_date"":""2025-12-20"",""migration_method"":""puzzle2_2"",""name_2"":""Shajapur""},{""gid_2"":""IND.19.47_1"",""migration_date"":""2025-12-20"",""migration_method"":""jaccard2"",""name_2"":""Tikamgarh""},{""gid_2"":""IND.19.50_1"",""migration_date"":""2025-12-20"",""migration_method"":""jaccard2"",""name_2"":""Vidisha""},{""gid_2"":""IND.19.9_1"",""migration_date"":""2025-12-20"",""migration_method"":""jaccard2"",""name_2"":""Bhopal""}]",2016-08-05,2025-12-20
2017-0342-IND,No,nat-hyd-flo-flo,Natural,Hydrological,Flood,Flood (General),GLIDE:FL-2017-000084,,IND,India,Southern Asia,Asia,"Araria, Jogbani (Bihar); Uttar Pradesh, West Bengal",Monsoonal rain,,No,No,No,,,Km2,,,,2017,8,11,2017,8,31,514,,17200000,,17200000,,,,,1567000,2005349,78.14100176,"[{""adm1_code"":1511,""adm1_name"":""West Bengal""},{""adm1_code"":70081,""adm1_name"":""Uttar Pradesh""},{""adm2_code"":70094,""adm2_name"":""Araria""}]","[{""gid_1"":""IND.34_1"",""migration_date"":""2025-12-20"",""migration_method"":""jaccard1"",""name_1"":""Uttar Pradesh""},{""gid_1"":""IND.36_1"",""migration_date"":""2025-12-20"",""migration_method"":""jaccard1"",""name_1"":""West Bengal""},{""gid_2"":""IND.5.1_1"",""migration_date"":""2025-12-20"",""migration_method"":""jaccard2"",""name_2"":""Araria""}]",2017-08-18,2025-12-20
2017-0364-IND,No,nat-hyd-flo-fla,Natural,Hydrological,Flood,Flash flood,,,IND,India,Southern Asia,Asia,"Mumbai (Dadar, Khar, Bandra, Lalbaug, Kalina, Sion, Byculla, Matunga, Wadala, Parel, Khar-Danda, Pali Hill, Carter Road, Bandra, Ghatkopar, Bhandup, Mulund, and Santacruz), Thane (Maharashtra)",Torrential rains,,No,No,No,,,Km2,,,,2017,8,29,2017,8,29,14,12,,,12,,,78000,99820,300000,383921,78.14100176,"[{""adm2_code"":17783,""adm2_name"":""Thane""},{""adm2_code"":70183,""adm2_name"":""Mumbai Suburban""},{""adm2_code"":70184,""adm2_name"":""Mumbai city""}]","[{""gid_2"":""IND.20.17_1"",""migration_date"":""2025-12-20"",""migration_method"":""jaccard2"",""name_2"":""Mumbai City""},{""gid_2"":""IND.20.18_1"",""migration_date"":""2025-12-20"",""migration_method"":""jaccard2"",""name_2"":""Mumbai Suburban""},{""gid_2"":""IND.20.24_1"",""migration_date"":""2025-12-20"",""migration_method"":""puzzle2_2"",""name_2"":""Palghar""},{""gid_2"":""IND.20.33_1"",""migration_date"":""2025-12-20"",""migration_method"":""puzzle2_2"",""name_2"":""Thane""}]",2017-08-29,2025-12-20
2017-0569-IND,No,nat-met-sto-lig,Natural,Meteorological,Storm,Lightning/Thunderstorms,,,IND,India,Southern Asia,Asia,"Jamui, Champaran, Vaishali, Samastipur, Bihar",,,No,No,No,,,Kph,,,,2017,5,28,2017,5,28,29,,1250,,1250,,,,,,,78.14100176,"[{""adm2_code"":17618,""adm2_name"":""Pashchim Champaran""},{""adm2_code"":17620,""adm2_name"":""Purba Champaran""},{""adm2_code"":17626,""adm2_name"":""Samastipur""},{""adm2_code"":17632,""adm2_name"":""Vaishali""},{""adm2_code"":70099,""adm2_name"":""Jamui""}]","[{""gid_2"":""IND.5.12_1"",""migration_date"":""2025-12-20"",""migration_method"":""jaccard2"",""name_2"":""Jamui""},{""gid_2"":""IND.5.25_1"",""migration_date"":""2025-12-20"",""migration_method"":""jaccard2"",""name_2"":""Pashchim Champaran""},{""gid_2"":""IND.5.27_1"",""migration_date"":""2025-12-20"",""migration_method"":""jaccard2"",""name_2"":""Purba Champaran""},{""gid_2"":""IND.5.31_1"",""migration_date"":""2025-12-20"",""migration_method"":""jaccard2"",""name_2"":""Samastipur""},{""gid_2"":""IND.5.38_1"",""migration_date"":""2025-12-20"",""migration_method"":""jaccard2"",""name_2"":""Vaishali""}]",2018-04-12,2025-12-20
2019-0331-IND,No,nat-hyd-flo-flo,Natural,Hydrological,Flood,Flood (General),,,IND,India,Southern Asia,Asia,"Sitamarhi, Sheohar, East Champaran, Muzaffarpur, Madhubani, Darbhanga, Supaul, Araria, Sahersa , Katihar, Purnia, Kishanganj districts (Bihar); Dhemaji, Lakhimpur, Biswanath, Barpeta, Chirang, Golaghat Jorhat, Sonitpur, Darrang, Nalbari, Bongaigaon, Morigaon, Nagaon, Majuli, Baksa, Kokrajhar, Dhubri, South Salmara, Goalpara, Kamrup, Hojai, Sivsagar, Tinsukia, Cachar, KarbiAnglrng, West Karbi-Anglong, Hailakandi, Dibrugarh districts (Assam); Maharashtra, Kerala, Rajasthan, West Bengal, Karnataka, Uttarakand, Himachal Pradesh, Punjab, Uttar Pradesh, Odisha",Monsoon rain,"Slide (land, mud, snow, rock)",No,No,No,,,Km2,,,,2019,7,14,2019,9,30,1900,,3000000,,3000000,,,200000,245398,10000000,12269892,81.50030941,"[{""adm1_code"":1493,""adm1_name"":""Himachal Pradesh""},{""adm1_code"":1494,""adm1_name"":""Karnataka""},{""adm1_code"":1495,""adm1_name"":""Kerala""},{""adm1_code"":1498,""adm1_name"":""Maharashtra""},{""adm1_code"":1504,""adm1_name"":""Orissa""},{""adm1_code"":1505,""adm1_name"":""Punjab""},{""adm1_code"":1506,""adm1_name"":""Rajasthan""},{""adm1_code"":1511,""adm1_name"":""West Bengal""},{""adm1_code"":70081,""adm1_name"":""Uttar Pradesh""},{""adm1_code"":70082,""adm1_name"":""Uttarakhand""},{""adm2_code"":17576,""adm2_name"":""Barpeta""},{""adm2_code"":17577,""adm2_name"":""Cachar""},{""adm2_code"":17578,""adm2_name"":""Darrang""},{""adm2_code"":17579,""adm2_name"":""Dhuburi""},{""adm2_code"":17580,""adm2_name"":""Dibrugarh""},{""adm2_code"":17581,""adm2_name"":""Goalpara""},{""adm2_code"":17582,""adm2_name"":""Golaghat""},{""adm2_code"":17583,""adm2_name"":""Kamrup""},{""adm2_code"":17584,""adm2_name"":""Karbi Anglong""},{""adm2_code"":17589,""adm2_name"":""Nagaon""},{""adm2_code"":17590,""adm2_name"":""Nalbari""},{""adm2_code"":17592,""adm2_name"":""Sibsagar""},{""adm2_code"":17593,""adm2_name"":""Sonitpur""},{""adm2_code"":70086,""adm2_name"":""Bongaigaon""},{""adm2_code"":70087,""adm2_name"":""Dhemaji""},{""adm2_code"":70088,""adm2_name"":""Hailakandi""},{""adm2_code"":70089,""adm2_name"":""Jorhat""},{""adm2_code"":70090,""adm2_name"":""Kokrajhar""},{""adm2_code"":70091,""adm2_name"":""Lakhimpur""},{""adm2_code"":70092,""adm2_name"":""Marigaon""},{""adm2_code"":70093,""adm2_name"":""Tinsukia""},{""adm2_code"":17598,""adm2_name"":""Darbhanga""},{""adm2_code"":17608,""adm2_name"":""Katihar""},{""adm2_code"":17611,""adm2_name"":""Madhubani""},{""adm2_code"":17613,""adm2_name"":""Muzaffarpur""},{""adm2_code"":17620,""adm2_name"":""Purba Champaran""},{""adm2_code"":17621,""adm2_name"":""Purnia""},{""adm2_code"":17624,""adm2_name"":""Saharsa""},{""adm2_code"":17630,""adm2_name"":""Sitamarhi""},{""adm2_code"":70094,""adm2_name"":""Araria""},{""adm2_code"":70100,""adm2_name"":""Kishanganj""},{""adm2_code"":70103,""adm2_name"":""Sheohar""},{""adm2_code"":70104,""adm2_name"":""Supaul""}]","[{""gid_1"":""IND.13_1"",""migration_date"":""2025-12-20"",""migration_method"":""jaccard1"",""name_1"":""Himachal Pradesh""},{""gid_1"":""IND.16_1"",""migration_date"":""2025-12-20"",""migration_method"":""jaccard1"",""name_1"":""Karnataka""},{""gid_1"":""IND.17_1"",""migration_date"":""2025-12-20"",""migration_method"":""jaccard1"",""name_1"":""Kerala""},{""gid_1"":""IND.20_1"",""migration_date"":""2025-12-20"",""migration_method"":""jaccard1"",""name_1"":""Maharashtra""},{""gid_1"":""IND.26_1"",""migration_date"":""2025-12-20"",""migration_method"":""jaccard1"",""name_1"":""Odisha""},{""gid_1"":""IND.28_1"",""migration_date"":""2025-12-20"",""migration_method"":""jaccard1"",""name_1"":""Punjab""},{""gid_1"":""IND.29_1"",""migration_date"":""2025-12-20"",""migration_method"":""jaccard1"",""name_1"":""Rajasthan""},{""gid_1"":""IND.34_1"",""migration_date"":""2025-12-20"",""migration_method"":""jaccard1"",""name_1"":""Uttar Pradesh""},{""gid_1"":""IND.35_1"",""migration_date"":""2025-12-20"",""migration_method"":""jaccard1"",""name_1"":""Uttarakhand""},{""gid_1"":""IND.36_1"",""migration_date"":""2025-12-20"",""migration_method"":""jaccard1"",""name_1"":""West Bengal""},{""gid_1"":""IND.4_1"",""migration_date"":""2025-12-20"",""migration_method"":""parent2_1"",""name_1"":""Assam""},{""gid_2"":""IND.5.15_1"",""migration_date"":""2025-12-20"",""migration_method"":""jaccard2"",""name_2"":""Katihar""},{""gid_2"":""IND.5.17_1"",""migration_date"":""2025-12-20"",""migration_method"":""jaccard2"",""name_2"":""Kishanganj""},{""gid_2"":""IND.5.1_1"",""migration_date"":""2025-12-20"",""migration_method"":""jaccard2"",""name_2"":""Araria""},{""gid_2"":""IND.5.20_1"",""migration_date"":""2025-12-20"",""migration_method"":""jaccard2"",""name_2"":""Madhubani""},{""gid_2"":""IND.5.22_1"",""migration_date"":""2025-12-20"",""migration_method"":""jaccard2"",""name_2"":""Muzaffarpur""},{""gid_2"":""IND.5.27_1"",""migration_date"":""2025-12-20"",""migration_method"":""jaccard2"",""name_2"":""Purba Champaran""},{""gid_2"":""IND.5.28_1"",""migration_date"":""2025-12-20"",""migration_method"":""jaccard2"",""name_2"":""Purnia""},{""gid_2"":""IND.5.30_1"",""migration_date"":""2025-12-20"",""migration_method"":""jaccard2"",""name_2"":""Saharsa""},{""gid_2"":""IND.5.34_1"",""migration_date"":""2025-12-20"",""migration_method"":""jaccard2"",""name_2"":""Sheohar""},{""gid_2"":""IND.5.35_1"",""migration_date"":""2025-12-20"",""migration_method"":""jaccard2"",""name_2"":""Sitamarhi""},{""gid_2"":""IND.5.37_1"",""migration_date"":""2025-12-20"",""migration_method"":""jaccard2"",""name_2"":""Supaul""},{""gid_2"":""IND.5.9_1"",""migration_date"":""2025-12-20"",""migration_method"":""jaccard2"",""name_2"":""Darbhanga""}]",2019-07-15,2025-12-20
2019-0383-IND,No,nat-hyd-flo-flo,Natural,Hydrological,Flood,Flood (General),,,IND,India,Southern Asia,Asia,"West Bengal, Kerala, Odisha, Maharashtra",Monsoon rain,,No,No,No,,,Km2,,,,2019,8,12,2019,8,15,32,,17500,,17500,,,,,,,81.50030941,"[{""adm1_code"":1495,""adm1_name"":""Kerala""},{""adm1_code"":1498,""adm1_name"":""Maharashtra""},{""adm1_code"":1504,""adm1_name"":""Orissa""},{""adm1_code"":1511,""adm1_name"":""West Bengal""}]","[{""gid_1"":""IND.17_1"",""migration_date"":""2025-12-20"",""migration_method"":""jaccard1"",""name_1"":""Kerala""},{""gid_1"":""IND.20_1"",""migration_date"":""2025-12-20"",""migration_method"":""jaccard1"",""name_1"":""Maharashtra""},{""gid_1"":""IND.26_1"",""migration_date"":""2025-12-20"",""migration_method"":""jaccard1"",""name_1"":""Odisha""},{""gid_1"":""IND.36_1"",""migration_date"":""2025-12-20"",""migration_method"":""jaccard1"",""name_1"":""West Bengal""}]",2019-08-16,2025-12-20
2000-0020-IND,No,nat-met-ext-col,Natural,Meteorological,Extreme temperature,Cold wave,,,IND,India,Southern Asia,Asia,"Bihar, Uttar Pradesh, West Bengal provinces",,,No,No,No,,,°C,,,,2000,1,,2000,1,,275,,,,,,,,,,,54.89515197,"[{""adm1_code"":1511,""adm1_name"":""West Bengal""},{""adm1_code"":70073,""adm1_name"":""Bihar""},{""adm1_code"":70081,""adm1_name"":""Uttar Pradesh""}]","[{""gid_1"":""IND.34_1"",""migration_date"":""2025-12-20"",""migration_method"":""jaccard1"",""name_1"":""Uttar Pradesh""},{""gid_1"":""IND.36_1"",""migration_date"":""2025-12-20"",""migration_method"":""jaccard1"",""name_1"":""West Bengal""},{""gid_1"":""IND.5_1"",""migration_date"":""2025-12-20"",""migration_method"":""jaccard1"",""name_1"":""Bihar""}]",2003-07-01,2025-12-20
2000-9222-IND,No,nat-cli-dro-dro,Natural,Climatological,Drought,Drought,,,IND,India,Southern Asia,Asia,"New Delhi city (Delhi province), Gujarat, Rajasthan, Madhya Prasdesh, Andhra Pradesh, Orissa, Maharashtra provinces",,Food shortage|Heat wave,No,No,Yes,2247,,Km2,,,,2000,4,,2001,,,20,,50000000,,50000000,,,,,588000,1071133,54.89515197,"[{""adm1_code"":1485,""adm1_name"":""Andhra Pradesh""},{""adm1_code"":1489,""adm1_name"":""Delhi""},{""adm1_code"":1491,""adm1_name"":""Gujarat""},{""adm1_code"":1498,""adm1_name"":""Maharashtra""},{""adm1_code"":1504,""adm1_name"":""Orissa""},{""adm1_code"":1506,""adm1_name"":""Rajasthan""},{""adm1_code"":70079,""adm1_name"":""Madhya Pradesh""}]","[{""gid_1"":""IND.11_1"",""migration_date"":""2025-12-20"",""migration_method"":""jaccard1"",""name_1"":""Gujarat""},{""gid_1"":""IND.19_1"",""migration_date"":""2025-12-20"",""migration_method"":""jaccard1"",""name_1"":""Madhya Pradesh""},{""gid_1"":""IND.20_1"",""migration_date"":""2025-12-20"",""migration_method"":""jaccard1"",""name_1"":""Maharashtra""},{""gid_1"":""IND.25_1"",""migration_date"":""2025-12-20"",""migration_method"":""jaccard1"",""name_1"":""NCT of Delhi""},{""gid_1"":""IND.26_1"",""migration_date"":""2025-12-20"",""migration_method"":""jaccard1"",""name_1"":""Odisha""},{""gid_1"":""IND.29_1"",""migration_date"":""2025-12-20"",""migration_method"":""jaccard1"",""name_1"":""Rajasthan""},{""gid_1"":""IND.2_1"",""migration_date"":""2025-12-20"",""migration_method"":""puzzle1_1"",""name_1"":""Andhra Pradesh""},{""gid_1"":""IND.32_1"",""migration_date"":""2025-12-20"",""migration_method"":""puzzle1_1"",""name_1"":""Telangana""}]",2008-01-03,2025-12-20
2001-0349-IND,No,nat-hyd-flo-flo,Natural,Hydrological,Flood,Flood (General),,,IND,India,Southern Asia,Asia,"Hosdurg borough (Kanhangad city, Kasaragod district, Kerala province), Vertak Nagar area (Thane district, Maharashtra province), Bhandup area (Mumbai Suburban district, Maharashtra province)",,,No,No,No,,,Km2,,,,2001,6,,2001,6,,28,4,,,4,,,,,,,56.44657635,"[{""adm2_code"":17701,""adm2_name"":""Kasaragod""},{""adm2_code"":17783,""adm2_name"":""Thane""},{""adm2_code"":70183,""adm2_name"":""Mumbai Suburban""}]","[{""gid_2"":""IND.17.5_1"",""migration_date"":""2025-12-20"",""migration_method"":""jaccard2"",""name_2"":""Kasaragod""},{""gid_2"":""IND.20.18_1"",""migration_date"":""2025-12-20"",""migration_method"":""jaccard2"",""name_2"":""Mumbai Suburban""},{""gid_2"":""IND.20.24_1"",""migration_date"":""2025-12-20"",""migration_method"":""puzzle2_2"",""name_2"":""Palghar""},{""gid_2"":""IND.20.33_1"",""migration_date"":""2025-12-20"",""migration_method"":""puzzle2_2"",""name_2"":""Thane""}]",2003-07-01,2025-12-20
2001-0502-IND,No,nat-hyd-flo-flo,Natural,Hydrological,Flood,Flood (General),,,IND,India,Southern Asia,Asia,Delhi province,,,No,No,No,,,Km2,,,,2001,8,,2001,8,,10,36,,,36,,,,,,,56.44657635,"[{""adm1_code"":1489,""adm1_name"":""Delhi""}]","[{""gid_1"":""IND.25_1"",""migration_date"":""2025-12-20"",""migration_method"":""jaccard1"",""name_1"":""NCT of Delhi""}]",2003-07-01,2025-12-20
2001-0527-IND,No,nat-hyd-flo-fla,Natural,Hydrological,Flood,Flash flood,,,IND,India,Southern Asia,Asia,"Saran, Gopalganj, Purba Champaran, Madhubani districts (Bihar province), Uttar Pradesh province",,,No,No,No,,,Km2,,,,2001,9,,2001,9,,48,,2800000,,2800000,,,,,26000,46061,56.44657635,"[{""adm1_code"":70081,""adm1_name"":""Uttar Pradesh""},{""adm2_code"":17604,""adm2_name"":""Gopalganj""},{""adm2_code"":17611,""adm2_name"":""Madhubani""},{""adm2_code"":17620,""adm2_name"":""Purba Champaran""},{""adm2_code"":17628,""adm2_name"":""Saran""}]","[{""gid_1"":""IND.34_1"",""migration_date"":""2025-12-20"",""migration_method"":""jaccard1"",""name_1"":""Uttar Pradesh""},{""gid_2"":""IND.5.11_1"",""migration_date"":""2025-12-20"",""migration_method"":""jaccard2"",""name_2"":""Gopalganj""},{""gid_2"":""IND.5.20_1"",""migration_date"":""2025-12-20"",""migration_method"":""jaccard2"",""name_2"":""Madhubani""},{""gid_2"":""IND.5.27_1"",""migration_date"":""2025-12-20"",""migration_method"":""jaccard2"",""name_2"":""Purba Champaran""},{""gid_2"":""IND.5.32_1"",""migration_date"":""2025-12-20"",""migration_method"":""jaccard2"",""name_2"":""Saran""}]",2003-07-01,2025-12-20
2002-0539-IND,No,nat-hyd-flo-riv,Natural,Hydrological,Flood,Riverine flood,,,IND,India,Southern Asia,Asia,Balaghat district (Madhya Pradesh province),,,No,No,No,,,Km2,,,,2002,8,20,2002,8,20,100,,3000,,3000,,,,,,,57.34184015,"[{""adm2_code"":17712,""adm2_name"":""Balaghat""}]","[{""gid_2"":""IND.19.5_1"",""migration_date"":""2025-12-20"",""migration_method"":""jaccard2"",""name_2"":""Balaghat""}]",2003-07-01,2025-12-20
2002-0204-IND,No,nat-met-sto-tro,Natural,Meteorological,Storm,Tropical cyclone,,,IND,India,Southern Asia,Asia,West Bengal province,,,No,No,No,,,Kph,,,,2002,4,3,2002,4,3,9,50,,5000,5050,,,,,416,725,57.34184015,"[{""adm1_code"":1511,""adm1_name"":""West Bengal""}]","[{""gid_1"":""IND.36_1"",""migration_date"":""2025-12-20"",""migration_method"":""jaccard1"",""name_1"":""West Bengal""}]",2003-07-01,2025-12-20
2002-0308-IND,No,nat-met-sto-lig,Natural,Meteorological,Storm,Lightning/Thunderstorms,,,IND,India,Southern Asia,Asia,"Gobalpur area (Hugli district, West Bengal), Kolkata, Jalpaiguri, Darjiling districts (West Bengal province)",,,No,No,No,,80,Kph,,,,2002,4,27,2002,4,27,11,,,,,,,,,,,57.34184015,"[{""adm2_code"":17948,""adm2_name"":""Darjiling""},{""adm2_code"":17950,""adm2_name"":""Hugli""},{""adm2_code"":17951,""adm2_name"":""Jalpaiguri""},{""adm2_code"":70292,""adm2_name"":""Kolkata""}]","[{""gid_2"":""IND.36.11_1"",""migration_date"":""2025-12-20"",""migration_method"":""jaccard2"",""name_2"":""Kolkata""},{""gid_2"":""IND.36.1_1"",""migration_date"":""2025-12-20"",""migration_method"":""puzzle2_2"",""name_2"":""Alipurduar""},{""gid_2"":""IND.36.6_1"",""migration_date"":""2025-12-20"",""migration_method"":""jaccard2"",""name_2"":""Darjiling""},{""gid_2"":""IND.36.8_1"",""migration_date"":""2025-12-20"",""migration_method"":""jaccard2"",""name_2"":""Hugli""},{""gid_2"":""IND.36.9_1"",""migration_date"":""2025-12-20"",""migration_method"":""puzzle2_2"",""name_2"":""Jalpaiguri""}]",2003-07-01,2025-12-20
2006-0265-IND,No,nat-hyd-flo-riv,Natural,Hydrological,Flood,Riverine flood,,,IND,India,Southern Asia,Asia,"Maharashtra, Gujarat provinces",Monsoonal rain,,No,No,No,,395400,Km2,18.73,75.23,,2006,5,31,2006,6,4,41,,,,,,,,,,,64.26483222,"[{""adm1_code"":1491,""adm1_name"":""Gujarat""},{""adm1_code"":1498,""adm1_name"":""Maharashtra""}]","[{""gid_1"":""IND.11_1"",""migration_date"":""2025-12-20"",""migration_method"":""jaccard1"",""name_1"":""Gujarat""},{""gid_1"":""IND.20_1"",""migration_date"":""2025-12-20"",""migration_method"":""jaccard1"",""name_1"":""Maharashtra""}]",2007-01-06,2025-12-20
2002-0568-IND,No,nat-hyd-flo-riv,Natural,Hydrological,Flood,Riverine flood,,,IND,India,Southern Asia,Asia,"Bharuch district (Gujarat province), Jalgaon, Nasik districts (Maharashtra province)",Monssonal rain,,No,No,No,,79000,Km2,,,"Godavari, Panzara, Tapi, Narmada Rivers",2002,9,3,2002,9,6,22,,5000,,5000,,,,,,,57.34184015,"[{""adm2_code"":17568,""adm2_name"":""Warangal""},{""adm2_code"":17638,""adm2_name"":""Bharuch""},{""adm2_code"":17767,""adm2_name"":""Jalgaon""},{""adm2_code"":17773,""adm2_name"":""Nashik""}]","[{""gid_2"":""IND.11.6_1"",""migration_date"":""2025-12-20"",""migration_method"":""jaccard2"",""name_2"":""Bharuch""},{""gid_2"":""IND.20.13_1"",""migration_date"":""2025-12-20"",""migration_method"":""jaccard2"",""name_2"":""Jalgaon""},{""gid_2"":""IND.20.22_1"",""migration_date"":""2025-12-20"",""migration_method"":""jaccard2"",""name_2"":""Nashik""},{""gid_2"":""IND.32.10_1"",""migration_date"":""2025-12-20"",""migration_method"":""jaccard2"",""name_2"":""Warangal""}]",2005-09-23,2025-12-20
2002-0702-IND,No,nat-met-sto-tro,Natural,Meteorological,Storm,Tropical cyclone,,,IND,India,Southern Asia,Asia,"Baleshwar, Bhadrak, Jagatsinghpur, Kendrapara districts (Orissa province), East Midnapore, North 24 Parganas, South 24 Parganas (West Bengal province)",,,No,No,No,,60,Kph,,,,2002,11,13,2002,11,13,124,,,,,,,,,,,57.34184015,"[{""adm2_code"":70207,""adm2_name"":""Baleshwar""},{""adm2_code"":70209,""adm2_name"":""Bhadrak""},{""adm2_code"":70214,""adm2_name"":""Jagatsinghpur""},{""adm2_code"":70218,""adm2_name"":""Kendrapara""},{""adm2_code"":70291,""adm2_name"":""East Midnapore""},{""adm2_code"":70293,""adm2_name"":""North 24 Parganas""},{""adm2_code"":70294,""adm2_name"":""South 24 Parganas""}]","[{""gid_2"":""IND.26.12_1"",""migration_date"":""2025-12-20"",""migration_method"":""jaccard2"",""name_2"":""Jagatsinghapur""},{""gid_2"":""IND.26.17_1"",""migration_date"":""2025-12-20"",""migration_method"":""jaccard2"",""name_2"":""Kendrapara""},{""gid_2"":""IND.26.3_1"",""migration_date"":""2025-12-20"",""migration_method"":""jaccard2"",""name_2"":""Baleshwar""},{""gid_2"":""IND.26.6_1"",""migration_date"":""2025-12-20"",""migration_method"":""jaccard2"",""name_2"":""Bhadrak""},{""gid_2"":""IND.36.15_1"",""migration_date"":""2025-12-20"",""migration_method"":""jaccard2"",""name_2"":""North 24 Parganas""},{""gid_2"":""IND.36.17_1"",""migration_date"":""2025-12-20"",""migration_method"":""jaccard2"",""name_2"":""Purba Medinipur""},{""gid_2"":""IND.36.19_1"",""migration_date"":""2025-12-20"",""migration_method"":""jaccard2"",""name_2"":""South 24 Parganas""}]",2003-07-01,2025-12-20
2003-0605-IND,No,nat-met-sto-tro,Natural,Meteorological,Storm,Tropical cyclone,,,IND,India,Southern Asia,Asia,"Krishna, Guntur, West Godavari districts (Andhra Pradesh province)",,Cold wave|Rain,No,No,No,,100,Kph,,,1214,2003,12,17,2003,12,17,50,,,40000,40000,,,,,28000,47746,58.64355298,"[{""adm2_code"":17552,""adm2_name"":""Guntur""},{""adm2_code"":17556,""adm2_name"":""Krishna""},{""adm2_code"":17569,""adm2_name"":""West Godavari""}]","[{""gid_2"":""IND.2.12_1"",""migration_date"":""2025-12-20"",""migration_method"":""jaccard2"",""name_2"":""West Godavari""},{""gid_2"":""IND.2.4_1"",""migration_date"":""2025-12-20"",""migration_method"":""jaccard2"",""name_2"":""Guntur""},{""gid_2"":""IND.2.5_1"",""migration_date"":""2025-12-20"",""migration_method"":""jaccard2"",""name_2"":""Krishna""}]",2004-03-02,2025-12-20
2014-0313-IND,No,nat-hyd-flo-riv,Natural,Hydrological,Flood,Riverine flood,,,IND,India,Southern Asia,Asia,Orissa province,Torrential monsoonal rain,,No,No,No,,,Km2,,,"Mahanadi, Baitarani, Budha",2014,8,3,2014,8,4,35,,179000,,179000,,,,,200000,265011,75.46845568,"[{""adm1_code"":1504,""adm1_name"":""Orissa""}]","[{""gid_1"":""IND.26_1"",""migration_date"":""2025-12-20"",""migration_method"":""jaccard1"",""name_1"":""Odisha""}]",2014-09-23,2025-12-20
2004-0178-IND,No,nat-hyd-flo-riv,Natural,Hydrological,Flood,Riverine flood,,,IND,India,Southern Asia,Asia,"Leimapokpam, Thiyam, Lourembam, Nambol Laitonjam villages (Bishnupur district, Manipur province), Na-Orem, Pukhrambam, Sanjenbam villages (West Imphal district, Manipur province), Oinam, Khangabok villages (Thoubal district, Manipur province)",Incessant rains,,No,No,No,,,Km2,,,,2004,4,10,2004,4,14,,,,5000,5000,,,,,,,60.21357973,"[{""adm2_code"":70188,""adm2_name"":""Bishnupur""},{""adm2_code"":70194,""adm2_name"":""Thoubal""},{""adm2_code"":70196,""adm2_name"":""West Imphal""}]","[{""gid_2"":""IND.21.1_1"",""migration_date"":""2025-12-20"",""migration_method"":""jaccard2"",""name_2"":""Bishnupur""},{""gid_2"":""IND.21.5_1"",""migration_date"":""2025-12-20"",""migration_method"":""jaccard2"",""name_2"":""Imphal West""},{""gid_2"":""IND.21.8_1"",""migration_date"":""2025-12-20"",""migration_method"":""jaccard2"",""name_2"":""Thoubal""}]",2004-04-26,2025-12-20
2005-0290-IND,No,nat-met-sto-sto,Natural,Meteorological,Storm,Storm (General),GLIDE:ST-2005-000068|GLIDE:ST-2005-000069,,IND,India,Southern Asia,Asia,"Guntur, Krishna, Srikakulam, Karimnagar, Nalgonda districts (Andhra Pradesh province)",,,No,No,No,,,Kph,,,,2005,5,1,2005,5,1,20,20,,,20,,,,,,,62.25647853,"[{""adm2_code"":17552,""adm2_name"":""Guntur""},{""adm2_code"":17554,""adm2_name"":""Karimnagar""},{""adm2_code"":17556,""adm2_name"":""Krishna""},{""adm2_code"":17560,""adm2_name"":""Nalgonda""},{""adm2_code"":17565,""adm2_name"":""Srikakulam""}]","[{""gid_2"":""IND.2.4_1"",""migration_date"":""2025-12-20"",""migration_method"":""jaccard2"",""name_2"":""Guntur""},{""gid_2"":""IND.2.5_1"",""migration_date"":""2025-12-20"",""migration_method"":""jaccard2"",""name_2"":""Krishna""},{""gid_2"":""IND.2.9_1"",""migration_date"":""2025-12-20"",""migration_method"":""jaccard2"",""name_2"":""Srikakulam""},{""gid_2"":""IND.32.3_1"",""migration_date"":""2025-12-20"",""migration_method"":""jaccard2"",""name_2"":""Karimnagar""},{""gid_2"":""IND.32.7_1"",""migration_date"":""2025-12-20"",""migration_method"":""jaccard2"",""name_2"":""Nalgonda""}]",2005-06-08,2025-12-20
2005-0677-IND,No,nat-hyd-flo-riv,Natural,Hydrological,Flood,Riverine flood,,,IND,India,Southern Asia,Asia,Tamil Nadu province,Torrential rains,,No,No,No,,,Km2,,,,2005,12,2,2005,12,3,30,,200000,,200000,,,,,,,62.25647853,"[{""adm1_code"":1508,""adm1_name"":""Tamil Nadu""}]","[{""gid_1"":""IND.31_1"",""migration_date"":""2025-12-20"",""migration_method"":""jaccard1"",""name_1"":""Tamil Nadu""}]",2005-12-08,2025-12-20
2005-0361-IND,No,nat-hyd-flo-riv,Natural,Hydrological,Flood,Riverine flood,GLIDE:FL-2005-000104,,IND,India,Southern Asia,Asia,"Sangla, Kalpa, Yangthang, Sumdo, Khab, Karcham, Leo, Akpa, Kharo villages (Kinnaur district, Himachal Pradesh province), Rampur Bushahr village (Shimla district, Himachal Pradesh province), Kullu, Bilaspur, Mandi districts (Himachal Pradesh)",Heavy rains,Broken Dam/Burst bank,No,No,No,,6530,Km2,,,"Sutlej, Parechu, Spiti",2005,6,26,2005,6,29,6,,5000,,5000,,,,,23000,36944,62.25647853,"[{""adm2_code"":17666,""adm2_name"":""Bilaspur""},{""adm2_code"":17670,""adm2_name"":""Kinnaur""},{""adm2_code"":17671,""adm2_name"":""Kullu""},{""adm2_code"":17673,""adm2_name"":""Mandi""},{""adm2_code"":17674,""adm2_name"":""Shimla""}]","[{""gid_2"":""IND.13.1_1"",""migration_date"":""2025-12-20"",""migration_method"":""jaccard2"",""name_2"":""Bilaspur""},{""gid_2"":""IND.13.5_1"",""migration_date"":""2025-12-20"",""migration_method"":""jaccard2"",""name_2"":""Kinnaur""},{""gid_2"":""IND.13.6_1"",""migration_date"":""2025-12-20"",""migration_method"":""jaccard2"",""name_2"":""Kullu""},{""gid_2"":""IND.13.8_1"",""migration_date"":""2025-12-20"",""migration_method"":""jaccard2"",""name_2"":""Mandi""},{""gid_2"":""IND.13.9_1"",""migration_date"":""2025-12-20"",""migration_method"":""jaccard2"",""name_2"":""Shimla""}]",2005-09-14,2025-12-20
2005-0375-IND,No,nat-hyd-flo-riv,Natural,Hydrological,Flood,Riverine flood,,,IND,India,Southern Asia,Asia,"Yingkiong village (Upper Siang (70051) district, Arunachal Pradesh province), Seppa village (East Kameng (70040) district, Arunachal Pradesh province), Anini village (70050 district, Arunachal Pradesh province), Dibrugarh, Sonitpur, Sibsagar, Dhemaji, Tinsukia, Karimganj, Lakhimpur, Jorhat, Morigaon, Dhuburi, Goalpara, Barpeta districts (Assam province), Bahraich, Shravasti, Banda, Ballia, Lakhimpur Kheri, Kanpur, Varanasi, Mainpuri districts (Uttar Pradesh province), Haridwar, Uttarkashi, Naini Tal, Dehran Dun districts (Uttarakhand province), Muzaffarpur, Darbhanga, Madhubani districts (Bihar province), Birbhum district (West Bengal province)",Monsoon rain,"Slide (land, mud, snow, rock)",No,No,No,,,Km2,,,"Brahmaputra and tributaries. Lohit, Dikhow, Jai Bharati, Puthimari, Subansairi, Dhansiri, Durra, Burhi-Dehing, Kundli, Jiyadhol, Lali and Siang, Barak. Ganges and tributaries. Baghmati, Ganga, Sharda, Gandak, Yamuna, Varuna, Nagwa nullah, Kane, Kosi, Bagmati, Kamla, Budi Gandak, Rapti, Ghaghra, Gomti, Ken, Budhi Rapti.",2005,7,7,2005,7,28,70,,1904000,4000,1908000,,,,,,,62.25647853,"[{""adm2_code"":17576,""adm2_name"":""Barpeta""},{""adm2_code"":17579,""adm2_name"":""Dhuburi""},{""adm2_code"":17580,""adm2_name"":""Dibrugarh""},{""adm2_code"":17581,""adm2_name"":""Goalpara""},{""adm2_code"":17585,""adm2_name"":""Karimganj""},{""adm2_code"":17592,""adm2_name"":""Sibsagar""},{""adm2_code"":17593,""adm2_name"":""Sonitpur""},{""adm2_code"":70087,""adm2_name"":""Dhemaji""},{""adm2_code"":70089,""adm2_name"":""Jorhat""},{""adm2_code"":70091,""adm2_name"":""Lakhimpur""},{""adm2_code"":70092,""adm2_name"":""Marigaon""},{""adm2_code"":70093,""adm2_name"":""Tinsukia""},{""adm2_code"":17947,""adm2_name"":""Birbhum""},{""adm2_code"":70040,""adm2_name"":""Administrative unit not available""},{""adm2_code"":70050,""adm2_name"":""Administrative unit not available""},{""adm2_code"":70051,""adm2_name"":""Administrative unit not available""},{""adm2_code"":17598,""adm2_name"":""Darbhanga""},{""adm2_code"":17611,""adm2_name"":""Madhubani""},{""adm2_code"":17613,""adm2_name"":""Muzaffarpur""},{""adm2_code"":17893,""adm2_name"":""Bahraich""},{""adm2_code"":17894,""adm2_name"":""Ballia""},{""adm2_code"":17895,""adm2_name"":""Banda""},{""adm2_code"":17920,""adm2_name"":""Kanpur""},{""adm2_code"":17921,""adm2_name"":""Lakhimpur Kheri""},{""adm2_code"":17924,""adm2_name"":""Mainpuri""},{""adm2_code"":17943,""adm2_name"":""Varanasi""},{""adm2_code"":70277,""adm2_name"":""Shravasti""},{""adm2_code"":17903,""adm2_name"":""Dehra Dun""},{""adm2_code"":70284,""adm2_name"":""Haridwar""},{""adm2_code"":70285,""adm2_name"":""Naini Tal""},{""adm2_code"":70289,""adm2_name"":""Uttarkashi""}]","[{""gid_2"":""IND.34.10_1"",""migration_date"":""2025-12-20"",""migration_method"":""jaccard2"",""name_2"":""Bahraich""},{""gid_2"":""IND.34.11_1"",""migration_date"":""2025-12-20"",""migration_method"":""jaccard2"",""name_2"":""Ballia""},{""gid_2"":""IND.34.13_1"",""migration_date"":""2025-12-20"",""migration_method"":""jaccard2"",""name_2"":""Banda""},{""gid_2"":""IND.34.43_1"",""migration_date"":""2025-12-20"",""migration_method"":""bufhaus2"",""name_2"":""Kanpur Nagar""},{""gid_2"":""IND.34.47_1"",""migration_date"":""2025-12-20"",""migration_method"":""jaccard2"",""name_2"":""Lakhimpur Kheri""},{""gid_2"":""IND.34.52_1"",""migration_date"":""2025-12-20"",""migration_method"":""jaccard2"",""name_2"":""Mainpuri""},{""gid_2"":""IND.34.69_1"",""migration_date"":""2025-12-20"",""migration_method"":""jaccard2"",""name_2"":""Shravasti""},{""gid_2"":""IND.34.75_1"",""migration_date"":""2025-12-20"",""migration_method"":""jaccard2"",""name_2"":""Varanasi""},{""gid_2"":""IND.35.13_1"",""migration_date"":""2025-12-20"",""migration_method"":""jaccard2"",""name_2"":""Uttarkashi""},{""gid_2"":""IND.35.5_1"",""migration_date"":""2025-12-20"",""migration_method"":""jaccard2"",""name_2"":""Dehradun""},{""gid_2"":""IND.35.7_1"",""migration_date"":""2025-12-20"",""migration_method"":""jaccard2"",""name_2"":""Hardwar""},{""gid_2"":""IND.35.8_1"",""migration_date"":""2025-12-20"",""migration_method"":""jaccard2"",""name_2"":""Nainital""},{""gid_2"":""IND.36.4_1"",""migration_date"":""2025-12-20"",""migration_method"":""jaccard2"",""name_2"":""Birbhum""},{""gid_2"":""IND.4.11_1"",""migration_date"":""2025-12-20"",""migration_method"":""jaccard2"",""name_2"":""Goalpara""},{""gid_2"":""IND.4.14_1"",""migration_date"":""2025-12-20"",""migration_method"":""jaccard2"",""name_2"":""Jorhat""},{""gid_2"":""IND.4.18_1"",""migration_date"":""2025-12-20"",""migration_method"":""jaccard2"",""name_2"":""Karimganj""},{""gid_2"":""IND.4.20_1"",""migration_date"":""2025-12-20"",""migration_method"":""jaccard2"",""name_2"":""Lakhimpur""},{""gid_2"":""IND.4.21_1"",""migration_date"":""2025-12-20"",""migration_method"":""jaccard2"",""name_2"":""Morigaon""},{""gid_2"":""IND.4.24_1"",""migration_date"":""2025-12-20"",""migration_method"":""jaccard2"",""name_2"":""Sivasagar""},{""gid_2"":""IND.4.25_1"",""migration_date"":""2025-12-20"",""migration_method"":""jaccard2"",""name_2"":""Sonitpur""},{""gid_2"":""IND.4.26_1"",""migration_date"":""2025-12-20"",""migration_method"":""jaccard2"",""name_2"":""Tinsukia""},{""gid_2"":""IND.4.2_1"",""migration_date"":""2025-12-20"",""migration_method"":""jaccard2"",""name_2"":""Barpeta""},{""gid_2"":""IND.4.7_1"",""migration_date"":""2025-12-20"",""migration_method"":""jaccard2"",""name_2"":""Dhemaji""},{""gid_2"":""IND.4.8_1"",""migration_date"":""2025-12-20"",""migration_method"":""jaccard2"",""name_2"":""Dhubri""},{""gid_2"":""IND.4.9_1"",""migration_date"":""2025-12-20"",""migration_method"":""jaccard2"",""name_2"":""Dibrugarh""},{""gid_2"":""IND.5.20_1"",""migration_date"":""2025-12-20"",""migration_method"":""jaccard2"",""name_2"":""Madhubani""},{""gid_2"":""IND.5.22_1"",""migration_date"":""2025-12-20"",""migration_method"":""jaccard2"",""name_2"":""Muzaffarpur""},{""gid_2"":""IND.5.9_1"",""migration_date"":""2025-12-20"",""migration_method"":""jaccard2"",""name_2"":""Darbhanga""},{""gid_2"":""Z07.3.15_1"",""migration_date"":""2025-12-20"",""migration_method"":""jaccard2"",""name_2"":""Upper Siang""},{""gid_2"":""Z07.3.3_1"",""migration_date"":""2025-12-20"",""migration_method"":""jaccard2"",""name_2"":""Dibang Valley""},{""gid_2"":""Z07.3.4_1"",""migration_date"":""2025-12-20"",""migration_method"":""jaccard2"",""name_2"":""East Kameng""}]",2005-09-14,2025-12-20
2005-0537-IND,No,nat-met-sto-sto,Natural,Meteorological,Storm,Storm (General),GLIDE:ST-2005-000162,,IND,India,Southern Asia,Asia,"Andhra Pradesh, Orissa provinces",,,No,No,No,,,Kph,,,,2005,9,20,2005,9,20,33,,11000,50000,61000,,,,,,,62.25647853,"[{""adm1_code"":1485,""adm1_name"":""Andhra Pradesh""},{""adm1_code"":1504,""adm1_name"":""Orissa""}]","[{""gid_1"":""IND.26_1"",""migration_date"":""2025-12-20"",""migration_method"":""jaccard1"",""name_1"":""Odisha""},{""gid_1"":""IND.2_1"",""migration_date"":""2025-12-20"",""migration_method"":""puzzle1_1"",""name_1"":""Andhra Pradesh""},{""gid_1"":""IND.32_1"",""migration_date"":""2025-12-20"",""migration_method"":""puzzle1_1"",""name_1"":""Telangana""}]",2005-09-28,2025-12-20
2005-0399-IND,No,nat-hyd-flo-riv,Natural,Hydrological,Flood,Riverine flood,,,IND,India,Southern Asia,Asia,"Adilabad, Hyderabad, Karimnagar, Khammam, Mahbubnagar, Medak, Nalgonda, Nizamabad, Rangareddi, Warangal, East Godavari, Guntur, Krishna, Nellore, Prakasam, Srikakulam, Vishakhapatnam, Vizianagaram, West Godavari districts (Andhra Pradesh province)",Heavy rains,,No,No,No,,,Km2,,,,2005,7,10,2005,7,10,12,,10000,,10000,,,,,,,62.25647853,"[{""adm2_code"":17547,""adm2_name"":""Adilabad""},{""adm2_code"":17551,""adm2_name"":""East Godavari""},{""adm2_code"":17552,""adm2_name"":""Guntur""},{""adm2_code"":17553,""adm2_name"":""Hyderabad""},{""adm2_code"":17554,""adm2_name"":""Karimnagar""},{""adm2_code"":17555,""adm2_name"":""Khammam""},{""adm2_code"":17556,""adm2_name"":""Krishna""},{""adm2_code"":17558,""adm2_name"":""Mahbubnagar""},{""adm2_code"":17559,""adm2_name"":""Medak""},{""adm2_code"":17560,""adm2_name"":""Nalgonda""},{""adm2_code"":17561,""adm2_name"":""Nellore""},{""adm2_code"":17562,""adm2_name"":""Nizamabad""},{""adm2_code"":17563,""adm2_name"":""Prakasam""},{""adm2_code"":17564,""adm2_name"":""Rangareddi""},{""adm2_code"":17565,""adm2_name"":""Srikakulam""},{""adm2_code"":17566,""adm2_name"":""Vishakhapatnam""},{""adm2_code"":17567,""adm2_name"":""Vizianagaram""},{""adm2_code"":17568,""adm2_name"":""Warangal""},{""adm2_code"":17569,""adm2_name"":""West Godavari""}]","[{""gid_2"":""IND.2.10_1"",""migration_date"":""2025-12-20"",""migration_method"":""jaccard2"",""name_2"":""Visakhapatnam""},{""gid_2"":""IND.2.11_1"",""migration_date"":""2025-12-20"",""migration_method"":""jaccard2"",""name_2"":""Vizianagaram""},{""gid_2"":""IND.2.12_1"",""migration_date"":""2025-12-20"",""migration_method"":""jaccard2"",""name_2"":""West Godavari""},{""gid_2"":""IND.2.3_1"",""migration_date"":""2025-12-20"",""migration_method"":""jaccard2"",""name_2"":""East Godavari""},{""gid_2"":""IND.2.4_1"",""migration_date"":""2025-12-20"",""migration_method"":""jaccard2"",""name_2"":""Guntur""},{""gid_2"":""IND.2.5_1"",""migration_date"":""2025-12-20"",""migration_method"":""jaccard2"",""name_2"":""Krishna""},{""gid_2"":""IND.2.7_1"",""migration_date"":""2025-12-20"",""migration_method"":""jaccard2"",""name_2"":""Nellore""},{""gid_2"":""IND.2.8_1"",""migration_date"":""2025-12-20"",""migration_method"":""jaccard2"",""name_2"":""Prakasam""},{""gid_2"":""IND.2.9_1"",""migration_date"":""2025-12-20"",""migration_method"":""jaccard2"",""name_2"":""Srikakulam""},{""gid_2"":""IND.32.10_1"",""migration_date"":""2025-12-20"",""migration_method"":""jaccard2"",""name_2"":""Warangal""},{""gid_2"":""IND.32.1_1"",""migration_date"":""2025-12-20"",""migration_method"":""jaccard2"",""name_2"":""Adilabad""},{""gid_2"":""IND.32.2_1"",""migration_date"":""2025-12-20"",""migration_method"":""jaccard2"",""name_2"":""Hyderabad""},{""gid_2"":""IND.32.3_1"",""migration_date"":""2025-12-20"",""migration_method"":""jaccard2"",""name_2"":""Karimnagar""},{""gid_2"":""IND.32.4_1"",""migration_date"":""2025-12-20"",""migration_method"":""jaccard2"",""name_2"":""Khammam""},{""gid_2"":""IND.32.5_1"",""migration_date"":""2025-12-20"",""migration_method"":""jaccard2"",""name_2"":""Mahbubnagar""},{""gid_2"":""IND.32.6_1"",""migration_date"":""2025-12-20"",""migration_method"":""jaccard2"",""name_2"":""Medak""},{""gid_2"":""IND.32.7_1"",""migration_date"":""2025-12-20"",""migration_method"":""jaccard2"",""name_2"":""Nalgonda""},{""gid_2"":""IND.32.8_1"",""migration_date"":""2025-12-20"",""migration_method"":""jaccard2"",""name_2"":""Nizamabad""},{""gid_2"":""IND.32.9_1"",""migration_date"":""2025-12-20"",""migration_method"":""jaccard2"",""name_2"":""Ranga Reddy""}]",2005-08-04,2025-12-20
2005-0539-IND,No,nat-hyd-flo-riv,Natural,Hydrological,Flood,Riverine flood,,,IND,India,Southern Asia,Asia,"Himachal Pradesh, Uttar Pradesh, Uttarakhand provinces",Monsoonal rain,"Slide (land, mud, snow, rock)",No,No,No,,308700,Km2,,,Ganges tributaris,2005,9,16,2005,9,19,23,4,,2500,2504,,,,,,,62.25647853,"[{""adm1_code"":1493,""adm1_name"":""Himachal Pradesh""},{""adm1_code"":70081,""adm1_name"":""Uttar Pradesh""},{""adm1_code"":70082,""adm1_name"":""Uttarakhand""}]","[{""gid_1"":""IND.13_1"",""migration_date"":""2025-12-20"",""migration_method"":""jaccard1"",""name_1"":""Himachal Pradesh""},{""gid_1"":""IND.34_1"",""migration_date"":""2025-12-20"",""migration_method"":""jaccard1"",""name_1"":""Uttar Pradesh""},{""gid_1"":""IND.35_1"",""migration_date"":""2025-12-20"",""migration_method"":""jaccard1"",""name_1"":""Uttarakhand""}]",2006-04-27,2025-12-20
2005-0504-IND,No,nat-hyd-flo-riv,Natural,Hydrological,Flood,Riverine flood,,,IND,India,Southern Asia,Asia,"Karnataka, Andhra Pradesh provinces",Monsoonal rain,Broken Dam/Burst bank,No,No,No,,619200,Km2,,,Krishna and Godavari and tributaries,2005,7,23,2005,8,16,126,,100000,,100000,,,,,,,62.25647853,"[{""adm1_code"":1485,""adm1_name"":""Andhra Pradesh""},{""adm1_code"":1494,""adm1_name"":""Karnataka""}]","[{""gid_1"":""IND.16_1"",""migration_date"":""2025-12-20"",""migration_method"":""jaccard1"",""name_1"":""Karnataka""},{""gid_1"":""IND.2_1"",""migration_date"":""2025-12-20"",""migration_method"":""puzzle1_1"",""name_1"":""Andhra Pradesh""},{""gid_1"":""IND.32_1"",""migration_date"":""2025-12-20"",""migration_method"":""puzzle1_1"",""name_1"":""Telangana""}]",2005-09-09,2025-12-20
2005-0599-IND,No,nat-hyd-flo-riv,Natural,Hydrological,Flood,Riverine flood,GLIDE:FL-2005-000182,,IND,India,Southern Asia,Asia,"East Midnapore, South 24 Parganas, Barddhaman, Nadia districts (West Bengal province), Baleshwar district (Orissa province)",Heavy rains,,No,No,No,,29110,Km2,,,Ichachamati and tributaries,2005,10,21,2005,10,24,19,,2000000,250000,2250000,,,,,117000,187932,62.25647853,"[{""adm2_code"":70207,""adm2_name"":""Baleshwar""},{""adm2_code"":17946,""adm2_name"":""Barddhaman""},{""adm2_code"":17956,""adm2_name"":""Nadia""},{""adm2_code"":70291,""adm2_name"":""East Midnapore""},{""adm2_code"":70294,""adm2_name"":""South 24 Parganas""}]","[{""gid_2"":""IND.26.3_1"",""migration_date"":""2025-12-20"",""migration_method"":""jaccard2"",""name_2"":""Baleshwar""},{""gid_2"":""IND.36.14_1"",""migration_date"":""2025-12-20"",""migration_method"":""jaccard2"",""name_2"":""Nadia""},{""gid_2"":""IND.36.17_1"",""migration_date"":""2025-12-20"",""migration_method"":""jaccard2"",""name_2"":""Purba Medinipur""},{""gid_2"":""IND.36.19_1"",""migration_date"":""2025-12-20"",""migration_method"":""jaccard2"",""name_2"":""South 24 Parganas""},{""gid_2"":""IND.36.3_1"",""migration_date"":""2025-12-20"",""migration_method"":""jaccard2"",""name_2"":""Barddhaman""}]",2005-10-25,2025-12-20
2005-0603-IND,No,nat-hyd-flo-riv,Natural,Hydrological,Flood,Riverine flood,,,IND,India,Southern Asia,Asia,"Surat, Vadodara, Bhavnagar, Panch Mahals, Narmada districts (Gujarat province)",Heavy rains,Broken Dam/Burst bank,No,No,No,,53200,Km2,,,"Vishwamitri, Tapi",2005,9,22,2005,10,11,15,,,,,,,,,,,62.25647853,"[{""adm2_code"":17639,""adm2_name"":""Bhavnagar""},{""adm2_code"":17649,""adm2_name"":""Surat""},{""adm2_code"":17652,""adm2_name"":""Vadodara""},{""adm2_code"":70126,""adm2_name"":""Narmada""},{""adm2_code"":70128,""adm2_name"":""Panch Mahals""}]","[{""gid_2"":""IND.11.21_1"",""migration_date"":""2025-12-20"",""migration_method"":""jaccard2"",""name_2"":""Narmada""},{""gid_2"":""IND.11.23_1"",""migration_date"":""2025-12-20"",""migration_method"":""jaccard2"",""name_2"":""Panch Mahals""},{""gid_2"":""IND.11.28_1"",""migration_date"":""2025-12-20"",""migration_method"":""puzzle2_2"",""name_2"":""Surat""},{""gid_2"":""IND.11.30_1"",""migration_date"":""2025-12-20"",""migration_method"":""puzzle2_2"",""name_2"":""Tapi""},{""gid_2"":""IND.11.32_1"",""migration_date"":""2025-12-20"",""migration_method"":""puzzle2_2"",""name_2"":""Vadodara""},{""gid_2"":""IND.11.7_1"",""migration_date"":""2025-12-20"",""migration_method"":""puzzle2_2"",""name_2"":""Bhavnagar""},{""gid_2"":""IND.11.8_1"",""migration_date"":""2025-12-20"",""migration_method"":""puzzle2_2"",""name_2"":""Botad""},{""gid_2"":""IND.11.9_1"",""migration_date"":""2025-12-20"",""migration_method"":""puzzle2_2"",""name_2"":""Chhota Udaipur""}]",2005-10-25,2025-12-20
2005-0701-IND,No,nat-met-ext-sev,Natural,Meteorological,Extreme temperature,Severe winter conditions,,,IND,India,Southern Asia,Asia,"Uttar Pradesh, Punjab, Haryana, Himachal Pradesh, Delhi, Bihar, Rajasthan, Jammu and Kashmir provinces",,,No,No,No,,2,°C,,,,2005,12,,2006,1,,180,,,,,,,,,,,62.25647853,"[{""adm1_code"":1489,""adm1_name"":""Delhi""},{""adm1_code"":1492,""adm1_name"":""Haryana""},{""adm1_code"":1493,""adm1_name"":""Himachal Pradesh""},{""adm1_code"":1505,""adm1_name"":""Punjab""},{""adm1_code"":1506,""adm1_name"":""Rajasthan""},{""adm1_code"":40408,""adm1_name"":""Administrative unit not available""},{""adm1_code"":40409,""adm1_name"":""Administrative unit not available""},{""adm1_code"":40422,""adm1_name"":""Administrative unit not available""},{""adm1_code"":40423,""adm1_name"":""Administrative unit not available""},{""adm1_code"":40424,""adm1_name"":""Administrative unit not available""},{""adm1_code"":40425,""adm1_name"":""Administrative unit not available""},{""adm1_code"":40426,""adm1_name"":""Administrative unit not available""},{""adm1_code"":40427,""adm1_name"":""Administrative unit not available""},{""adm1_code"":40428,""adm1_name"":""Administrative unit not available""},{""adm1_code"":40429,""adm1_name"":""Administrative unit not available""},{""adm1_code"":40430,""adm1_name"":""Administrative unit not available""},{""adm1_code"":40431,""adm1_name"":""Administrative unit not available""},{""adm1_code"":70073,""adm1_name"":""Bihar""},{""adm1_code"":70081,""adm1_name"":""Uttar Pradesh""}]","[{""gid_1"":""IND.12_1"",""migration_date"":""2025-12-20"",""migration_method"":""jaccard1"",""name_1"":""Haryana""},{""gid_1"":""IND.13_1"",""migration_date"":""2025-12-20"",""migration_method"":""jaccard1"",""name_1"":""Himachal Pradesh""},{""gid_1"":""IND.25_1"",""migration_date"":""2025-12-20"",""migration_method"":""jaccard1"",""name_1"":""NCT of Delhi""},{""gid_1"":""IND.28_1"",""migration_date"":""2025-12-20"",""migration_method"":""jaccard1"",""name_1"":""Punjab""},{""gid_1"":""IND.29_1"",""migration_date"":""2025-12-20"",""migration_method"":""jaccard1"",""name_1"":""Rajasthan""},{""gid_1"":""IND.34_1"",""migration_date"":""2025-12-20"",""migration_method"":""jaccard1"",""name_1"":""Uttar Pradesh""},{""gid_1"":""IND.5_1"",""migration_date"":""2025-12-20"",""migration_method"":""jaccard1"",""name_1"":""Bihar""},{""gid_1"":""Z06.1_1"",""migration_date"":""2025-12-20"",""migration_method"":""jaccard1"",""name_1"":""Azad Kashmir""},{""gid_1"":""Z06.6_1"",""migration_date"":""2025-12-20"",""migration_method"":""jaccard1"",""name_1"":""Gilgit-Baltistan""},{""gid_2"":""Z01.14.10_1"",""migration_date"":""2025-12-20"",""migration_method"":""puzzle1_2"",""name_2"":""Kishtwar""},{""gid_2"":""Z01.14.12_1"",""migration_date"":""2025-12-20"",""migration_method"":""puzzle1_2"",""name_2"":""Kupwara""},{""gid_2"":""Z01.14.13_1"",""migration_date"":""2025-12-20"",""migration_method"":""puzzle1_2"",""name_2"":""Leh (Ladakh)""},{""gid_2"":""Z01.14.14_1"",""migration_date"":""2025-12-20"",""migration_method"":""puzzle1_2"",""name_2"":""Poonch""},{""gid_2"":""Z01.14.16_1"",""migration_date"":""2025-12-20"",""migration_method"":""puzzle1_2"",""name_2"":""Rajouri""},{""gid_2"":""Z01.14.17_1"",""migration_date"":""2025-12-20"",""migration_method"":""puzzle1_2"",""name_2"":""Ramban""},{""gid_2"":""Z01.14.18_1"",""migration_date"":""2025-12-20"",""migration_method"":""puzzle1_2"",""name_2"":""Reasi""},{""gid_2"":""Z01.14.19_1"",""migration_date"":""2025-12-20"",""migration_method"":""puzzle1_2"",""name_2"":""Samba""},{""gid_2"":""Z01.14.21_1"",""migration_date"":""2025-12-20"",""migration_method"":""puzzle1_2"",""name_2"":""Srinagar""},{""gid_2"":""Z01.14.22_1"",""migration_date"":""2025-12-20"",""migration_method"":""puzzle1_2"",""name_2"":""Udhampur""},{""gid_2"":""Z01.14.2_1"",""migration_date"":""2025-12-20"",""migration_method"":""puzzle1_2"",""name_2"":""Badgam""},{""gid_2"":""Z01.14.3_1"",""migration_date"":""2025-12-20"",""migration_method"":""puzzle1_2"",""name_2"":""Bandipore""},{""gid_2"":""Z01.14.4_1"",""migration_date"":""2025-12-20"",""migration_method"":""puzzle1_2"",""name_2"":""Baramulla""},{""gid_2"":""Z01.14.5_1"",""migration_date"":""2025-12-20"",""migration_method"":""puzzle1_2"",""name_2"":""Doda""},{""gid_2"":""Z01.14.6_1"",""migration_date"":""2025-12-20"",""migration_method"":""puzzle1_2"",""name_2"":""Ganderbal""},{""gid_2"":""Z01.14.7_1"",""migration_date"":""2025-12-20"",""migration_method"":""puzzle1_2"",""name_2"":""Jammu""},{""gid_2"":""Z01.14.8_1"",""migration_date"":""2025-12-20"",""migration_method"":""puzzle1_2"",""name_2"":""Kargil""},{""gid_2"":""Z01.14.9_1"",""migration_date"":""2025-12-20"",""migration_method"":""puzzle1_2"",""name_2"":""Kathua""}]",2007-01-17,2025-12-20
2005-0746-IND,No,nat-hyd-flo-riv,Natural,Hydrological,Flood,Riverine flood,GLIDE:FF-2005-000102,,IND,India,Southern Asia,Asia,"Himachal Pradesh, Punjab, Jammu and Kashmir, Haryana provinces",Mosnoon rain,,No,No,No,,,Km2,,,"Chenab, Ravi, Beas, Pabbar, Tawi, Ujh",2005,7,5,2005,8,14,10,,2000,,2000,,,,,,,62.25647853,"[{""adm1_code"":1492,""adm1_name"":""Haryana""},{""adm1_code"":1493,""adm1_name"":""Himachal Pradesh""},{""adm1_code"":1505,""adm1_name"":""Punjab""},{""adm1_code"":40422,""adm1_name"":""Administrative unit not available""},{""adm1_code"":40423,""adm1_name"":""Administrative unit not available""},{""adm1_code"":40424,""adm1_name"":""Administrative unit not available""},{""adm1_code"":40425,""adm1_name"":""Administrative unit not available""},{""adm1_code"":40426,""adm1_name"":""Administrative unit not available""},{""adm1_code"":40427,""adm1_name"":""Administrative unit not available""},{""adm1_code"":40428,""adm1_name"":""Administrative unit not available""},{""adm1_code"":40429,""adm1_name"":""Administrative unit not available""},{""adm1_code"":40430,""adm1_name"":""Administrative unit not available""},{""adm1_code"":40431,""adm1_name"":""Administrative unit not available""}]","[{""gid_1"":""IND.12_1"",""migration_date"":""2025-12-20"",""migration_method"":""jaccard1"",""name_1"":""Haryana""},{""gid_1"":""IND.13_1"",""migration_date"":""2025-12-20"",""migration_method"":""jaccard1"",""name_1"":""Himachal Pradesh""},{""gid_1"":""IND.28_1"",""migration_date"":""2025-12-20"",""migration_method"":""jaccard1"",""name_1"":""Punjab""},{""gid_2"":""Z01.14.10_1"",""migration_date"":""2025-12-20"",""migration_method"":""puzzle1_2"",""name_2"":""Kishtwar""},{""gid_2"":""Z01.14.12_1"",""migration_date"":""2025-12-20"",""migration_method"":""puzzle1_2"",""name_2"":""Kupwara""},{""gid_2"":""Z01.14.13_1"",""migration_date"":""2025-12-20"",""migration_method"":""puzzle1_2"",""name_2"":""Leh (Ladakh)""},{""gid_2"":""Z01.14.14_1"",""migration_date"":""2025-12-20"",""migration_method"":""puzzle1_2"",""name_2"":""Poonch""},{""gid_2"":""Z01.14.16_1"",""migration_date"":""2025-12-20"",""migration_method"":""puzzle1_2"",""name_2"":""Rajouri""},{""gid_2"":""Z01.14.17_1"",""migration_date"":""2025-12-20"",""migration_method"":""puzzle1_2"",""name_2"":""Ramban""},{""gid_2"":""Z01.14.18_1"",""migration_date"":""2025-12-20"",""migration_method"":""puzzle1_2"",""name_2"":""Reasi""},{""gid_2"":""Z01.14.19_1"",""migration_date"":""2025-12-20"",""migration_method"":""puzzle1_2"",""name_2"":""Samba""},{""gid_2"":""Z01.14.21_1"",""migration_date"":""2025-12-20"",""migration_method"":""puzzle1_2"",""name_2"":""Srinagar""},{""gid_2"":""Z01.14.22_1"",""migration_date"":""2025-12-20"",""migration_method"":""puzzle1_2"",""name_2"":""Udhampur""},{""gid_2"":""Z01.14.2_1"",""migration_date"":""2025-12-20"",""migration_method"":""puzzle1_2"",""name_2"":""Badgam""},{""gid_2"":""Z01.14.3_1"",""migration_date"":""2025-12-20"",""migration_method"":""puzzle1_2"",""name_2"":""Bandipore""},{""gid_2"":""Z01.14.4_1"",""migration_date"":""2025-12-20"",""migration_method"":""puzzle1_2"",""name_2"":""Baramulla""},{""gid_2"":""Z01.14.5_1"",""migration_date"":""2025-12-20"",""migration_method"":""puzzle1_2"",""name_2"":""Doda""},{""gid_2"":""Z01.14.6_1"",""migration_date"":""2025-12-20"",""migration_method"":""puzzle1_2"",""name_2"":""Ganderbal""},{""gid_2"":""Z01.14.7_1"",""migration_date"":""2025-12-20"",""migration_method"":""puzzle1_2"",""name_2"":""Jammu""},{""gid_2"":""Z01.14.8_1"",""migration_date"":""2025-12-20"",""migration_method"":""puzzle1_2"",""name_2"":""Kargil""},{""gid_2"":""Z01.14.9_1"",""migration_date"":""2025-12-20"",""migration_method"":""puzzle1_2"",""name_2"":""Kathua""}]",2006-01-24,2025-12-20
2006-0237-IND,No,nat-met-ext-hea,Natural,Meteorological,Extreme temperature,Heat wave,GLIDE:HT-2006-000077,,IND,India,Southern Asia,Asia,"Uttar Pradesh, Orissa, Punjab, Delhi provinces",,,No,No,No,,,°C,,,,2006,5,,2006,5,,47,,,,,,,,,,,64.26483222,"[{""adm1_code"":1489,""adm1_name"":""Delhi""},{""adm1_code"":1504,""adm1_name"":""Orissa""},{""adm1_code"":1505,""adm1_name"":""Punjab""},{""adm1_code"":70081,""adm1_name"":""Uttar Pradesh""}]","[{""gid_1"":""IND.25_1"",""migration_date"":""2025-12-20"",""migration_method"":""jaccard1"",""name_1"":""NCT of Delhi""},{""gid_1"":""IND.26_1"",""migration_date"":""2025-12-20"",""migration_method"":""jaccard1"",""name_1"":""Odisha""},{""gid_1"":""IND.28_1"",""migration_date"":""2025-12-20"",""migration_method"":""jaccard1"",""name_1"":""Punjab""},{""gid_1"":""IND.34_1"",""migration_date"":""2025-12-20"",""migration_method"":""jaccard1"",""name_1"":""Uttar Pradesh""}]",2006-05-08,2025-12-20
2006-0548-IND,No,nat-hyd-flo-fla,Natural,Hydrological,Flood,Flash flood,,,IND,India,Southern Asia,Asia,Jammu and Kashmir provinces,Monsoonal rai,"Slide (land, mud, snow, rock)",No,No,No,,,Km2,32.89,73.88,"Jhelum, Sutlej, Lidder, Chenab, Tavi, Tawi, Munnawar Tawi",2006,8,31,2006,9,11,19,,15000,,15000,,,,,,,64.26483222,"[{""adm1_code"":40422,""adm1_name"":""Administrative unit not available""},{""adm1_code"":40423,""adm1_name"":""Administrative unit not available""},{""adm1_code"":40424,""adm1_name"":""Administrative unit not available""},{""adm1_code"":40425,""adm1_name"":""Administrative unit not available""},{""adm1_code"":40426,""adm1_name"":""Administrative unit not available""},{""adm1_code"":40427,""adm1_name"":""Administrative unit not available""},{""adm1_code"":40428,""adm1_name"":""Administrative unit not available""},{""adm1_code"":40429,""adm1_name"":""Administrative unit not available""},{""adm1_code"":40430,""adm1_name"":""Administrative unit not available""},{""adm1_code"":40431,""adm1_name"":""Administrative unit not available""}]","[{""gid_2"":""Z01.14.10_1"",""migration_date"":""2025-12-20"",""migration_method"":""puzzle1_2"",""name_2"":""Kishtwar""},{""gid_2"":""Z01.14.12_1"",""migration_date"":""2025-12-20"",""migration_method"":""puzzle1_2"",""name_2"":""Kupwara""},{""gid_2"":""Z01.14.13_1"",""migration_date"":""2025-12-20"",""migration_method"":""puzzle1_2"",""name_2"":""Leh (Ladakh)""},{""gid_2"":""Z01.14.14_1"",""migration_date"":""2025-12-20"",""migration_method"":""puzzle1_2"",""name_2"":""Poonch""},{""gid_2"":""Z01.14.16_1"",""migration_date"":""2025-12-20"",""migration_method"":""puzzle1_2"",""name_2"":""Rajouri""},{""gid_2"":""Z01.14.17_1"",""migration_date"":""2025-12-20"",""migration_method"":""puzzle1_2"",""name_2"":""Ramban""},{""gid_2"":""Z01.14.18_1"",""migration_date"":""2025-12-20"",""migration_method"":""puzzle1_2"",""name_2"":""Reasi""},{""gid_2"":""Z01.14.19_1"",""migration_date"":""2025-12-20"",""migration_method"":""puzzle1_2"",""name_2"":""Samba""},{""gid_2"":""Z01.14.21_1"",""migration_date"":""2025-12-20"",""migration_method"":""puzzle1_2"",""name_2"":""Srinagar""},{""gid_2"":""Z01.14.22_1"",""migration_date"":""2025-12-20"",""migration_method"":""puzzle1_2"",""name_2"":""Udhampur""},{""gid_2"":""Z01.14.2_1"",""migration_date"":""2025-12-20"",""migration_method"":""puzzle1_2"",""name_2"":""Badgam""},{""gid_2"":""Z01.14.3_1"",""migration_date"":""2025-12-20"",""migration_method"":""puzzle1_2"",""name_2"":""Bandipore""},{""gid_2"":""Z01.14.4_1"",""migration_date"":""2025-12-20"",""migration_method"":""puzzle1_2"",""name_2"":""Baramulla""},{""gid_2"":""Z01.14.5_1"",""migration_date"":""2025-12-20"",""migration_method"":""puzzle1_2"",""name_2"":""Doda""},{""gid_2"":""Z01.14.6_1"",""migration_date"":""2025-12-20"",""migration_method"":""puzzle1_2"",""name_2"":""Ganderbal""},{""gid_2"":""Z01.14.7_1"",""migration_date"":""2025-12-20"",""migration_method"":""puzzle1_2"",""name_2"":""Jammu""},{""gid_2"":""Z01.14.8_1"",""migration_date"":""2025-12-20"",""migration_method"":""puzzle1_2"",""name_2"":""Kargil""},{""gid_2"":""Z01.14.9_1"",""migration_date"":""2025-12-20"",""migration_method"":""puzzle1_2"",""name_2"":""Kathua""}]",2007-01-07,2025-12-20
2006-0549-IND,No,nat-hyd-flo-riv,Natural,Hydrological,Flood,Riverine flood,,,IND,India,Southern Asia,Asia,"Balrampur, Bahraich, Lakhimpur Kheri, Shravasti, Gonda, Bara Banki districts (Uttar Pradesh province)",Monsoonal rain,,No,No,No,,32700,Km2,27.59,81.52,"Rapti, Ghaghra, SAryu",2006,8,29,2006,9,4,42,,100000,,100000,,,,,,,64.26483222,"[{""adm2_code"":17893,""adm2_name"":""Bahraich""},{""adm2_code"":17896,""adm2_name"":""Bara Banki""},{""adm2_code"":17913,""adm2_name"":""Gonda""},{""adm2_code"":17921,""adm2_name"":""Lakhimpur Kheri""},{""adm2_code"":70261,""adm2_name"":""Balrampur""},{""adm2_code"":70277,""adm2_name"":""Shravasti""}]","[{""gid_2"":""IND.34.10_1"",""migration_date"":""2025-12-20"",""migration_method"":""jaccard2"",""name_2"":""Bahraich""},{""gid_2"":""IND.34.12_1"",""migration_date"":""2025-12-20"",""migration_method"":""jaccard2"",""name_2"":""Balrampur""},{""gid_2"":""IND.34.14_1"",""migration_date"":""2025-12-20"",""migration_method"":""jaccard2"",""name_2"":""Barabanki""},{""gid_2"":""IND.34.32_1"",""migration_date"":""2025-12-20"",""migration_method"":""jaccard2"",""name_2"":""Gonda""},{""gid_2"":""IND.34.47_1"",""migration_date"":""2025-12-20"",""migration_method"":""jaccard2"",""name_2"":""Lakhimpur Kheri""},{""gid_2"":""IND.34.69_1"",""migration_date"":""2025-12-20"",""migration_method"":""jaccard2"",""name_2"":""Shravasti""}]",2007-01-07,2025-12-20
2006-0740-IND,No,nat-met-sto-lig,Natural,Meteorological,Storm,Lightning/Thunderstorms,,,IND,India,Southern Asia,Asia,"Uttar Pradesh, Gujarat provinces",,Rain,No,No,No,,,Kph,,,,2006,5,2,2006,5,2,76,,,,,,,,,,,64.26483222,"[{""adm1_code"":1491,""adm1_name"":""Gujarat""},{""adm1_code"":70081,""adm1_name"":""Uttar Pradesh""}]","[{""gid_1"":""IND.11_1"",""migration_date"":""2025-12-20"",""migration_method"":""jaccard1"",""name_1"":""Gujarat""},{""gid_1"":""IND.34_1"",""migration_date"":""2025-12-20"",""migration_method"":""jaccard1"",""name_1"":""Uttar Pradesh""}]",2007-03-09,2025-12-20
2007-0364-IND,No,nat-hyd-flo-riv,Natural,Hydrological,Flood,Riverine flood,,,IND,India,Southern Asia,Asia,Himachal Pradesh province,Heavy rains,"Slide (land, mud, snow, rock)",No,No,No,,191400,Km2,31.24,76.53,"Tawi, Sutlej, Basantar",2007,8,12,2007,8,17,76,,15000,,15000,,,,,,,66.09810297,"[{""adm1_code"":1493,""adm1_name"":""Himachal Pradesh""}]","[{""gid_1"":""IND.13_1"",""migration_date"":""2025-12-20"",""migration_method"":""jaccard1"",""name_1"":""Himachal Pradesh""}]",2007-09-06,2025-12-20
2007-0467-IND,No,nat-hyd-flo-coa,Natural,Hydrological,Flood,Coastal flood,,,IND,India,Southern Asia,Asia,"Baleshwar, Kendrapara, Bhadrak, Jagatsinghpur, Jajpur, Mayurbhanj, Khordha, Cuttack, Puri, Kandhamal districts (Orissa province), Kolkata, South 24 Parganas, East Midnapore, West Midnapore, Hughli districts (West Bengal province)",Tropical depression in Bay of Bengal,,No,No,No,,72010,Km2,20.91,86.4,"Brahmani, Baitarani, Burhabalang, Budhabalanga, Suvarnarekha, Kalo, Sunei, Jalaka, Kansabansha (Orissa), Hugli, Kangsabati, Keleghai, Silabati, Subarnarekha, Dulung, Bhagirathihad, Bhagirathiis, Bhagirati (West Be,gal",2007,9,22,2007,10,3,80,,7200000,,7200000,,,,,275000,416048,66.09810297,"[{""adm2_code"":17809,""adm2_name"":""Cuttack""},{""adm2_code"":17816,""adm2_name"":""Mayurbhanj""},{""adm2_code"":17818,""adm2_name"":""Puri""},{""adm2_code"":70207,""adm2_name"":""Baleshwar""},{""adm2_code"":70209,""adm2_name"":""Bhadrak""},{""adm2_code"":70214,""adm2_name"":""Jagatsinghpur""},{""adm2_code"":70215,""adm2_name"":""Jajpur""},{""adm2_code"":70217,""adm2_name"":""Kandhamal""},{""adm2_code"":70218,""adm2_name"":""Kendrapara""},{""adm2_code"":70219,""adm2_name"":""Khordha""},{""adm2_code"":17950,""adm2_name"":""Hugli""},{""adm2_code"":70291,""adm2_name"":""East Midnapore""},{""adm2_code"":70292,""adm2_name"":""Kolkata""},{""adm2_code"":70294,""adm2_name"":""South 24 Parganas""},{""adm2_code"":70296,""adm2_name"":""West Midnapore""}]","[{""gid_2"":""IND.26.12_1"",""migration_date"":""2025-12-20"",""migration_method"":""jaccard2"",""name_2"":""Jagatsinghapur""},{""gid_2"":""IND.26.13_1"",""migration_date"":""2025-12-20"",""migration_method"":""jaccard2"",""name_2"":""Jajapur""},{""gid_2"":""IND.26.16_1"",""migration_date"":""2025-12-20"",""migration_method"":""jaccard2"",""name_2"":""Kandhamal""},{""gid_2"":""IND.26.17_1"",""migration_date"":""2025-12-20"",""migration_method"":""jaccard2"",""name_2"":""Kendrapara""},{""gid_2"":""IND.26.19_1"",""migration_date"":""2025-12-20"",""migration_method"":""jaccard2"",""name_2"":""Khordha""},{""gid_2"":""IND.26.22_1"",""migration_date"":""2025-12-20"",""migration_method"":""jaccard2"",""name_2"":""Mayurbhanj""},{""gid_2"":""IND.26.26_1"",""migration_date"":""2025-12-20"",""migration_method"":""jaccard2"",""name_2"":""Puri""},{""gid_2"":""IND.26.3_1"",""migration_date"":""2025-12-20"",""migration_method"":""jaccard2"",""name_2"":""Baleshwar""},{""gid_2"":""IND.26.6_1"",""migration_date"":""2025-12-20"",""migration_method"":""jaccard2"",""name_2"":""Bhadrak""},{""gid_2"":""IND.26.7_1"",""migration_date"":""2025-12-20"",""migration_method"":""jaccard2"",""name_2"":""Cuttack""},{""gid_2"":""IND.36.11_1"",""migration_date"":""2025-12-20"",""migration_method"":""jaccard2"",""name_2"":""Kolkata""},{""gid_2"":""IND.36.16_1"",""migration_date"":""2025-12-20"",""migration_method"":""jaccard2"",""name_2"":""Pashchim Medinipur""},{""gid_2"":""IND.36.17_1"",""migration_date"":""2025-12-20"",""migration_method"":""jaccard2"",""name_2"":""Purba Medinipur""},{""gid_2"":""IND.36.19_1"",""migration_date"":""2025-12-20"",""migration_method"":""jaccard2"",""name_2"":""South 24 Parganas""},{""gid_2"":""IND.36.8_1"",""migration_date"":""2025-12-20"",""migration_method"":""jaccard2"",""name_2"":""Hugli""}]",2007-10-04,2025-12-20
2007-0524-IND,No,nat-hyd-flo-riv,Natural,Hydrological,Flood,Riverine flood,GLIDE:FL-2007-000203,,IND,India,Southern Asia,Asia,"Andhra Pradesh, Tamil Nadu province",Heavy rain,,No,No,No,,76740,Km2,12.73,79.7,"Mamidikalva and other canals at Naidupet, Pannaiyar, Vellar, Gedilam, Paravanarul, Kollidam, Old Kollidam and the Manimautharu",2007,10,27,2007,11,1,29,,50000,,50000,,,,,,,66.09810297,"[{""adm1_code"":1485,""adm1_name"":""Andhra Pradesh""},{""adm1_code"":1508,""adm1_name"":""Tamil Nadu""}]","[{""gid_1"":""IND.2_1"",""migration_date"":""2025-12-20"",""migration_method"":""puzzle1_1"",""name_1"":""Andhra Pradesh""},{""gid_1"":""IND.31_1"",""migration_date"":""2025-12-20"",""migration_method"":""jaccard1"",""name_1"":""Tamil Nadu""},{""gid_1"":""IND.32_1"",""migration_date"":""2025-12-20"",""migration_method"":""puzzle1_1"",""name_1"":""Telangana""}]",2007-11-26,2025-12-20
2008-0423-IND,No,nat-hyd-flo-riv,Natural,Hydrological,Flood,Riverine flood,,,IND,India,Southern Asia,Asia,"Orissa, Uttar Pradesh, Himachal Pradesh provinces",Monsoonal rain,"Slide (land, mud, snow, rock)",No,No,No,,,Km2,,,,2008,9,14,2008,9,21,173,,,2400000,2400000,,,,,,,68.63567228,"[{""adm1_code"":1493,""adm1_name"":""Himachal Pradesh""},{""adm1_code"":1504,""adm1_name"":""Orissa""},{""adm1_code"":70081,""adm1_name"":""Uttar Pradesh""}]","[{""gid_1"":""IND.13_1"",""migration_date"":""2025-12-20"",""migration_method"":""jaccard1"",""name_1"":""Himachal Pradesh""},{""gid_1"":""IND.26_1"",""migration_date"":""2025-12-20"",""migration_method"":""jaccard1"",""name_1"":""Odisha""},{""gid_1"":""IND.34_1"",""migration_date"":""2025-12-20"",""migration_method"":""jaccard1"",""name_1"":""Uttar Pradesh""}]",2008-09-24,2025-12-20
2008-0616-IND,No,nat-met-ext-col,Natural,Meteorological,Extreme temperature,Cold wave,,,IND,India,Southern Asia,Asia,"Uttar Pradesh, Bihar, Haryana, Punjab, Himachal Pradesh, Uttarakhand, Jammu and Kashmir provinces",,,No,No,No,,4,°C,,,,2008,12,,2009,1,,70,,,,,,,,,,,68.63567228,"[{""adm1_code"":1492,""adm1_name"":""Haryana""},{""adm1_code"":1493,""adm1_name"":""Himachal Pradesh""},{""adm1_code"":1505,""adm1_name"":""Punjab""},{""adm1_code"":40408,""adm1_name"":""Administrative unit not available""},{""adm1_code"":40409,""adm1_name"":""Administrative unit not available""},{""adm1_code"":40422,""adm1_name"":""Administrative unit not available""},{""adm1_code"":40423,""adm1_name"":""Administrative unit not available""},{""adm1_code"":40424,""adm1_name"":""Administrative unit not available""},{""adm1_code"":40425,""adm1_name"":""Administrative unit not available""},{""adm1_code"":40426,""adm1_name"":""Administrative unit not available""},{""adm1_code"":40427,""adm1_name"":""Administrative unit not available""},{""adm1_code"":40428,""adm1_name"":""Administrative unit not available""},{""adm1_code"":40429,""adm1_name"":""Administrative unit not available""},{""adm1_code"":40430,""adm1_name"":""Administrative unit not available""},{""adm1_code"":40431,""adm1_name"":""Administrative unit not available""},{""adm1_code"":70073,""adm1_name"":""Bihar""},{""adm1_code"":70081,""adm1_name"":""Uttar Pradesh""},{""adm1_code"":70082,""adm1_name"":""Uttarakhand""}]","[{""gid_1"":""IND.12_1"",""migration_date"":""2025-12-20"",""migration_method"":""jaccard1"",""name_1"":""Haryana""},{""gid_1"":""IND.13_1"",""migration_date"":""2025-12-20"",""migration_method"":""jaccard1"",""name_1"":""Himachal Pradesh""},{""gid_1"":""IND.28_1"",""migration_date"":""2025-12-20"",""migration_method"":""jaccard1"",""name_1"":""Punjab""},{""gid_1"":""IND.34_1"",""migration_date"":""2025-12-20"",""migration_method"":""jaccard1"",""name_1"":""Uttar Pradesh""},{""gid_1"":""IND.35_1"",""migration_date"":""2025-12-20"",""migration_method"":""jaccard1"",""name_1"":""Uttarakhand""},{""gid_1"":""IND.5_1"",""migration_date"":""2025-12-20"",""migration_method"":""jaccard1"",""name_1"":""Bihar""},{""gid_1"":""Z06.1_1"",""migration_date"":""2025-12-20"",""migration_method"":""jaccard1"",""name_1"":""Azad Kashmir""},{""gid_1"":""Z06.6_1"",""migration_date"":""2025-12-20"",""migration_method"":""jaccard1"",""name_1"":""Gilgit-Baltistan""},{""gid_2"":""Z01.14.10_1"",""migration_date"":""2025-12-20"",""migration_method"":""puzzle1_2"",""name_2"":""Kishtwar""},{""gid_2"":""Z01.14.12_1"",""migration_date"":""2025-12-20"",""migration_method"":""puzzle1_2"",""name_2"":""Kupwara""},{""gid_2"":""Z01.14.13_1"",""migration_date"":""2025-12-20"",""migration_method"":""puzzle1_2"",""name_2"":""Leh (Ladakh)""},{""gid_2"":""Z01.14.14_1"",""migration_date"":""2025-12-20"",""migration_method"":""puzzle1_2"",""name_2"":""Poonch""},{""gid_2"":""Z01.14.16_1"",""migration_date"":""2025-12-20"",""migration_method"":""puzzle1_2"",""name_2"":""Rajouri""},{""gid_2"":""Z01.14.17_1"",""migration_date"":""2025-12-20"",""migration_method"":""puzzle1_2"",""name_2"":""Ramban""},{""gid_2"":""Z01.14.18_1"",""migration_date"":""2025-12-20"",""migration_method"":""puzzle1_2"",""name_2"":""Reasi""},{""gid_2"":""Z01.14.19_1"",""migration_date"":""2025-12-20"",""migration_method"":""puzzle1_2"",""name_2"":""Samba""},{""gid_2"":""Z01.14.21_1"",""migration_date"":""2025-12-20"",""migration_method"":""puzzle1_2"",""name_2"":""Srinagar""},{""gid_2"":""Z01.14.22_1"",""migration_date"":""2025-12-20"",""migration_method"":""puzzle1_2"",""name_2"":""Udhampur""},{""gid_2"":""Z01.14.2_1"",""migration_date"":""2025-12-20"",""migration_method"":""puzzle1_2"",""name_2"":""Badgam""},{""gid_2"":""Z01.14.3_1"",""migration_date"":""2025-12-20"",""migration_method"":""puzzle1_2"",""name_2"":""Bandipore""},{""gid_2"":""Z01.14.4_1"",""migration_date"":""2025-12-20"",""migration_method"":""puzzle1_2"",""name_2"":""Baramulla""},{""gid_2"":""Z01.14.5_1"",""migration_date"":""2025-12-20"",""migration_method"":""puzzle1_2"",""name_2"":""Doda""},{""gid_2"":""Z01.14.6_1"",""migration_date"":""2025-12-20"",""migration_method"":""puzzle1_2"",""name_2"":""Ganderbal""},{""gid_2"":""Z01.14.7_1"",""migration_date"":""2025-12-20"",""migration_method"":""puzzle1_2"",""name_2"":""Jammu""},{""gid_2"":""Z01.14.8_1"",""migration_date"":""2025-12-20"",""migration_method"":""puzzle1_2"",""name_2"":""Kargil""},{""gid_2"":""Z01.14.9_1"",""migration_date"":""2025-12-20"",""migration_method"":""puzzle1_2"",""name_2"":""Kathua""}]",2010-03-07,2025-12-20
2009-0204-IND,No,nat-met-sto-tro,Natural,Meteorological,Storm,Tropical cyclone,GLIDE:TC-2009-000105,"Cyclone ""Aila""",IND,India,Southern Asia,Asia,"Sagar, Namkhana, Kakdwip, Pathar Pratima, Canning, Basanti, Mathurapur, Kultali villages (South 24 Parganas district, West Bengal province), Kolkata, North 24 Parganas, Haora, Hugli, Darjiling districts (West Bengal province)",,"Flood|Slide (land, mud, snow, rock)",No,No,No,,110,Kph,,,,2009,5,25,2009,5,25,96,,5100000,,5100000,,,,,,,68.39164268,"[{""adm2_code"":17948,""adm2_name"":""Darjiling""},{""adm2_code"":17949,""adm2_name"":""Haora""},{""adm2_code"":17950,""adm2_name"":""Hugli""},{""adm2_code"":70292,""adm2_name"":""Kolkata""},{""adm2_code"":70293,""adm2_name"":""North 24 Parganas""},{""adm2_code"":70294,""adm2_name"":""South 24 Parganas""}]","[{""gid_2"":""IND.36.11_1"",""migration_date"":""2025-12-20"",""migration_method"":""jaccard2"",""name_2"":""Kolkata""},{""gid_2"":""IND.36.15_1"",""migration_date"":""2025-12-20"",""migration_method"":""jaccard2"",""name_2"":""North 24 Parganas""},{""gid_2"":""IND.36.19_1"",""migration_date"":""2025-12-20"",""migration_method"":""jaccard2"",""name_2"":""South 24 Parganas""},{""gid_2"":""IND.36.6_1"",""migration_date"":""2025-12-20"",""migration_method"":""jaccard2"",""name_2"":""Darjiling""},{""gid_2"":""IND.36.7_1"",""migration_date"":""2025-12-20"",""migration_method"":""jaccard2"",""name_2"":""Haora""},{""gid_2"":""IND.36.8_1"",""migration_date"":""2025-12-20"",""migration_method"":""jaccard2"",""name_2"":""Hugli""}]",2010-01-06,2025-12-20
2009-0303-IND,No,nat-hyd-flo-fla,Natural,Hydrological,Flood,Flash flood,,,IND,India,Southern Asia,Asia,Delhi province,Torrential rain,,No,No,No,,,Km2,,,,2009,7,29,2009,7,29,11,,,,,,,,,,,68.39164268,"[{""adm1_code"":1489,""adm1_name"":""Delhi""}]","[{""gid_1"":""IND.25_1"",""migration_date"":""2025-12-20"",""migration_method"":""jaccard1"",""name_1"":""NCT of Delhi""}]",2009-08-13,2025-12-20
2009-0595-IND,No,nat-met-ext-col,Natural,Meteorological,Extreme temperature,Cold wave,GLIDE:CW-2010-000013,,IND,India,Southern Asia,Asia,"Srinagar city ('72808' district, '40424' Jammu and Kashmir province), Uttar Pradesh, Himachal Pradesh, Delhi, Bihar provinces",,,No,No,No,,-9,°C,,,,2010,1,2,2010,1,13,100,,,,,,,,,,,69.51329329,"[{""adm1_code"":1489,""adm1_name"":""Delhi""},{""adm1_code"":1493,""adm1_name"":""Himachal Pradesh""},{""adm1_code"":70073,""adm1_name"":""Bihar""},{""adm1_code"":70081,""adm1_name"":""Uttar Pradesh""},{""adm2_code"":72808,""adm2_name"":""Administrative unit not available""}]","[{""gid_1"":""IND.13_1"",""migration_date"":""2025-12-20"",""migration_method"":""jaccard1"",""name_1"":""Himachal Pradesh""},{""gid_1"":""IND.25_1"",""migration_date"":""2025-12-20"",""migration_method"":""jaccard1"",""name_1"":""NCT of Delhi""},{""gid_1"":""IND.34_1"",""migration_date"":""2025-12-20"",""migration_method"":""jaccard1"",""name_1"":""Uttar Pradesh""},{""gid_1"":""IND.5_1"",""migration_date"":""2025-12-20"",""migration_method"":""jaccard1"",""name_1"":""Bihar""},{""gid_2"":""Z01.14.21_1"",""migration_date"":""2025-12-20"",""migration_method"":""bufhaus2"",""name_2"":""Srinagar""}]",2010-08-04,2025-12-20
2010-0206-IND,No,nat-met-ext-hea,Natural,Meteorological,Extreme temperature,Heat wave,,,IND,India,Southern Asia,Asia,"Delhi, Haryana, Madhya Pradesh, Orissa, Rajasthan, Uttar Pradesh provinces",,,No,No,No,,49,°C,,,,2010,3,,2010,5,,250,,,,,,,,,,,69.51329329,"[{""adm1_code"":1489,""adm1_name"":""Delhi""},{""adm1_code"":1492,""adm1_name"":""Haryana""},{""adm1_code"":1504,""adm1_name"":""Orissa""},{""adm1_code"":1506,""adm1_name"":""Rajasthan""},{""adm1_code"":70079,""adm1_name"":""Madhya Pradesh""},{""adm1_code"":70081,""adm1_name"":""Uttar Pradesh""}]","[{""gid_1"":""IND.12_1"",""migration_date"":""2025-12-20"",""migration_method"":""jaccard1"",""name_1"":""Haryana""},{""gid_1"":""IND.19_1"",""migration_date"":""2025-12-20"",""migration_method"":""jaccard1"",""name_1"":""Madhya Pradesh""},{""gid_1"":""IND.25_1"",""migration_date"":""2025-12-20"",""migration_method"":""jaccard1"",""name_1"":""NCT of Delhi""},{""gid_1"":""IND.26_1"",""migration_date"":""2025-12-20"",""migration_method"":""jaccard1"",""name_1"":""Odisha""},{""gid_1"":""IND.29_1"",""migration_date"":""2025-12-20"",""migration_method"":""jaccard1"",""name_1"":""Rajasthan""},{""gid_1"":""IND.34_1"",""migration_date"":""2025-12-20"",""migration_method"":""jaccard1"",""name_1"":""Uttar Pradesh""}]",2010-05-27,2025-12-20
2010-0373-IND,No,nat-hyd-flo-fla,Natural,Hydrological,Flood,Flash flood,GLIDE:FF-2010-000155,,IND,India,Southern Asia,Asia,"Leh, Cholglamsar villages (72785 district, Jammu and Kashmir province)",Heavy rains,"Slide (land, mud, snow, rock)",Yes,No,No,,145000,Km2,33.53,76.12,,2010,8,6,2010,8,8,196,225,12500,,12725,,,,,,,69.51329329,"[{""adm2_code"":72785,""adm2_name"":""Administrative unit not available""}]","[{""gid_2"":""Z01.14.13_1"",""migration_date"":""2025-12-20"",""migration_method"":""jaccard2"",""name_2"":""Leh (Ladakh)""}]",2014-07-28,2025-12-20
2010-0688-IND,No,nat-met-sto-sev,Natural,Meteorological,Storm,Severe weather,,,IND,India,Southern Asia,Asia,"Nawabganj town (Gonda district, Uttar Pradesh province), Allahabad, Unnao districts (Uttar Pradesh province)",,Hail,No,No,No,,,Kph,,,,2010,5,24,2010,5,24,12,30,,2000,2030,,,,,,,69.51329329,"[{""adm2_code"":17890,""adm2_name"":""Allahabad""},{""adm2_code"":17913,""adm2_name"":""Gonda""},{""adm2_code"":17941,""adm2_name"":""Unnao""}]","[{""gid_2"":""IND.34.32_1"",""migration_date"":""2025-12-20"",""migration_method"":""jaccard2"",""name_2"":""Gonda""},{""gid_2"":""IND.34.3_1"",""migration_date"":""2025-12-20"",""migration_method"":""jaccard2"",""name_2"":""Allahabad""},{""gid_2"":""IND.34.74_1"",""migration_date"":""2025-12-20"",""migration_method"":""jaccard2"",""name_2"":""Unnao""}]",2011-04-11,2025-12-20
2010-0693-IND,No,nat-met-sto-tro,Natural,Meteorological,Storm,Tropical cyclone,,Cyclone Jal,IND,India,Southern Asia,Asia,Andhra Pradesh province,,Flood,No,No,No,,100,Kph,,,,2010,10,31,2010,11,3,22,,,,,,,,,,,69.51329329,"[{""adm1_code"":1485,""adm1_name"":""Andhra Pradesh""}]","[{""gid_1"":""IND.2_1"",""migration_date"":""2025-12-20"",""migration_method"":""puzzle1_1"",""name_1"":""Andhra Pradesh""},{""gid_1"":""IND.32_1"",""migration_date"":""2025-12-20"",""migration_method"":""puzzle1_1"",""name_1"":""Telangana""}]",2011-03-17,2025-12-20
2011-0327-IND,No,nat-hyd-flo-riv,Natural,Hydrological,Flood,Riverine flood,,,IND,India,Southern Asia,Asia,West Bengal province,Mosnoonal rains,,No,No,No,,28684,Km2,22.306,88.34,,2011,8,10,2011,9,13,47,,700000,,700000,,,,,275000,383501,71.70772361,"[{""adm1_code"":1511,""adm1_name"":""West Bengal""}]","[{""gid_1"":""IND.36_1"",""migration_date"":""2025-12-20"",""migration_method"":""jaccard1"",""name_1"":""West Bengal""}]",2011-11-07,2025-12-20
2011-0422-IND,No,nat-hyd-flo-riv,Natural,Hydrological,Flood,Riverine flood,,,IND,India,Southern Asia,Asia,"Dhemaji district (Assam province), East Garo Hills, South Garo Hills, West Garo Hills districts (Meghalaya province)",Monsoonal rain,,No,No,No,,50117,Km2,26.59,92.18,,2011,8,15,2011,9,8,7,,11000,,11000,,,,,,,71.70772361,"[{""adm2_code"":70087,""adm2_name"":""Dhemaji""},{""adm2_code"":17793,""adm2_name"":""East Garo Hills""},{""adm2_code"":17796,""adm2_name"":""West Garo Hills""},{""adm2_code"":70198,""adm2_name"":""South Garo Hills""}]","[{""gid_2"":""IND.22.1_1"",""migration_date"":""2025-12-20"",""migration_method"":""puzzle2_2"",""name_2"":""East Garo Hills""},{""gid_2"":""IND.22.4_1"",""migration_date"":""2025-12-20"",""migration_method"":""puzzle2_2"",""name_2"":""North Garo Hills""},{""gid_2"":""IND.22.6_1"",""migration_date"":""2025-12-20"",""migration_method"":""jaccard2"",""name_2"":""South Garo Hills""},{""gid_2"":""IND.22.7_1"",""migration_date"":""2025-12-20"",""migration_method"":""puzzle2_2"",""name_2"":""South West Garo Hills""},{""gid_2"":""IND.22.9_1"",""migration_date"":""2025-12-20"",""migration_method"":""puzzle2_2"",""name_2"":""West Garo Hills""},{""gid_2"":""IND.4.7_1"",""migration_date"":""2025-12-20"",""migration_method"":""jaccard2"",""name_2"":""Dhemaji""}]",2011-11-07,2025-12-20
2011-0428-IND,No,nat-hyd-flo-riv,Natural,Hydrological,Flood,Riverine flood,,,IND,India,Southern Asia,Asia,"Gonda, Balrampur, Faizabad, Bara Banki districts (Uttar Pradesh province), Rajasthan province","Monsoonal rains, dam releases",,No,No,No,,85509,Km2,28.524,80.93,,2011,7,23,2011,8,9,19,,200000,,200000,,,,,,,71.70772361,"[{""adm1_code"":1506,""adm1_name"":""Rajasthan""},{""adm2_code"":17896,""adm2_name"":""Bara Banki""},{""adm2_code"":17907,""adm2_name"":""Faizabad""},{""adm2_code"":17913,""adm2_name"":""Gonda""},{""adm2_code"":70261,""adm2_name"":""Balrampur""}]","[{""gid_1"":""IND.29_1"",""migration_date"":""2025-12-20"",""migration_method"":""jaccard1"",""name_1"":""Rajasthan""},{""gid_2"":""IND.34.12_1"",""migration_date"":""2025-12-20"",""migration_method"":""jaccard2"",""name_2"":""Balrampur""},{""gid_2"":""IND.34.14_1"",""migration_date"":""2025-12-20"",""migration_method"":""jaccard2"",""name_2"":""Barabanki""},{""gid_2"":""IND.34.25_1"",""migration_date"":""2025-12-20"",""migration_method"":""jaccard2"",""name_2"":""Faizabad""},{""gid_2"":""IND.34.32_1"",""migration_date"":""2025-12-20"",""migration_method"":""jaccard2"",""name_2"":""Gonda""}]",2011-11-07,2025-12-20
2011-0473-IND,No,nat-hyd-flo-riv,Natural,Hydrological,Flood,Riverine flood,,,IND,India,Southern Asia,Asia,Orissa province,Monsoonal rains,,No,No,Yes,,,Km2,,,,2011,9,5,2011,9,15,42,,2100000,,2100000,,,,,432000,602446,71.70772361,"[{""adm1_code"":1504,""adm1_name"":""Orissa""}]","[{""gid_1"":""IND.26_1"",""migration_date"":""2025-12-20"",""migration_method"":""jaccard1"",""name_1"":""Odisha""}]",2012-01-03,2025-12-20
2012-0322-IND,No,nat-hyd-flo-riv,Natural,Hydrological,Flood,Riverine flood,,,IND,India,Southern Asia,Asia,"Jaipur, Dhaulpur, Dausa, Tonk, Jhunjhunun, Sikar, Hanumangarh, Bikaner districts (Rajasthan province), Anjaw (70044), 70045, 70050, Lower Dibang Valley, Upper Siang (70051) districts (Arunachal Pradesh province)",Heavy rains,,No,No,No,,,Km2,,,,2012,8,21,2012,8,23,37,,,37500,37500,,,,,,,73.19159161,"[{""adm2_code"":17840,""adm2_name"":""Bikaner""},{""adm2_code"":17844,""adm2_name"":""Dhaulpur""},{""adm2_code"":17847,""adm2_name"":""Jaipur""},{""adm2_code"":17851,""adm2_name"":""Jhunjhunun""},{""adm2_code"":17857,""adm2_name"":""Sikar""},{""adm2_code"":17859,""adm2_name"":""Tonk""},{""adm2_code"":70237,""adm2_name"":""Dausa""},{""adm2_code"":70238,""adm2_name"":""Hanumangarh""},{""adm2_code"":70044,""adm2_name"":""Administrative unit not available""},{""adm2_code"":70045,""adm2_name"":""Administrative unit not available""},{""adm2_code"":70050,""adm2_name"":""Administrative unit not available""},{""adm2_code"":70051,""adm2_name"":""Administrative unit not available""}]","[{""gid_2"":""IND.29.12_1"",""migration_date"":""2025-12-20"",""migration_method"":""jaccard2"",""name_2"":""Dausa""},{""gid_2"":""IND.29.13_1"",""migration_date"":""2025-12-20"",""migration_method"":""jaccard2"",""name_2"":""Dhaulpur""},{""gid_2"":""IND.29.16_1"",""migration_date"":""2025-12-20"",""migration_method"":""jaccard2"",""name_2"":""Hanumangarh""},{""gid_2"":""IND.29.17_1"",""migration_date"":""2025-12-20"",""migration_method"":""jaccard2"",""name_2"":""Jaipur""},{""gid_2"":""IND.29.21_1"",""migration_date"":""2025-12-20"",""migration_method"":""jaccard2"",""name_2"":""Jhunjhunun""},{""gid_2"":""IND.29.30_1"",""migration_date"":""2025-12-20"",""migration_method"":""jaccard2"",""name_2"":""Sikar""},{""gid_2"":""IND.29.32_1"",""migration_date"":""2025-12-20"",""migration_method"":""jaccard2"",""name_2"":""Tonk""},{""gid_2"":""IND.29.8_1"",""migration_date"":""2025-12-20"",""migration_method"":""jaccard2"",""name_2"":""Bikaner""},{""gid_2"":""Z07.3.15_1"",""migration_date"":""2025-12-20"",""migration_method"":""jaccard2"",""name_2"":""Upper Siang""},{""gid_2"":""Z07.3.1_1"",""migration_date"":""2025-12-20"",""migration_method"":""jaccard2"",""name_2"":""Anjaw""},{""gid_2"":""Z07.3.3_1"",""migration_date"":""2025-12-20"",""migration_method"":""jaccard2"",""name_2"":""Dibang Valley""},{""gid_2"":""Z07.3.9_1"",""migration_date"":""2025-12-20"",""migration_method"":""jaccard2"",""name_2"":""Lower Dibang Valley""}]",2013-02-06,2025-12-20
2012-0334-IND,No,nat-hyd-flo-riv,Natural,Hydrological,Flood,Riverine flood,,,IND,India,Southern Asia,Asia,"Palchan village (Kullu district, Himachal Pradesh province), Uttarkashi, Rudra Prayag, Chamoli districts (Uttarakhand province), Moradabad district (Uttar Pradesh province), Kathua village (72780 district, Jammu and Kashmir province)",Torrential rain,"Slide (land, mud, snow, rock)",No,No,No,,31390,Km2,30.1135,78.85,,2012,8,4,2012,8,9,30,,1200,,1200,,,,,110000,150290,73.19159161,"[{""adm2_code"":17671,""adm2_name"":""Kullu""},{""adm2_code"":72780,""adm2_name"":""Administrative unit not available""},{""adm2_code"":17928,""adm2_name"":""Moradabad""},{""adm2_code"":70282,""adm2_name"":""Chamoli""},{""adm2_code"":70286,""adm2_name"":""Rudra Prayag""},{""adm2_code"":70289,""adm2_name"":""Uttarkashi""}]","[{""gid_2"":""IND.13.6_1"",""migration_date"":""2025-12-20"",""migration_method"":""jaccard2"",""name_2"":""Kullu""},{""gid_2"":""IND.34.57_1"",""migration_date"":""2025-12-20"",""migration_method"":""bufhaus2"",""name_2"":""Moradabad""},{""gid_2"":""IND.35.10_1"",""migration_date"":""2025-12-20"",""migration_method"":""jaccard2"",""name_2"":""Rudraprayag""},{""gid_2"":""IND.35.13_1"",""migration_date"":""2025-12-20"",""migration_method"":""jaccard2"",""name_2"":""Uttarkashi""},{""gid_2"":""IND.35.3_1"",""migration_date"":""2025-12-20"",""migration_method"":""jaccard2"",""name_2"":""Chamoli""},{""gid_2"":""Z01.14.9_1"",""migration_date"":""2025-12-20"",""migration_method"":""jaccard2"",""name_2"":""Kathua""}]",2013-02-06,2025-12-20
2013-0138-IND,No,nat-met-sto-tro,Natural,Meteorological,Storm,Tropical cyclone,GLIDE:ST-2013-000060|GLIDE:TC-2013-000060,Tropical cyclone Mahasen,IND,India,Southern Asia,Asia,Andhra Pradesh province,,,No,No,No,,,Kph,,,,2013,5,16,2013,5,16,8,4,,,4,,,,,,,74.26372907,"[{""adm1_code"":1485,""adm1_name"":""Andhra Pradesh""}]","[{""gid_1"":""IND.2_1"",""migration_date"":""2025-12-20"",""migration_method"":""puzzle1_1"",""name_1"":""Andhra Pradesh""},{""gid_1"":""IND.32_1"",""migration_date"":""2025-12-20"",""migration_method"":""puzzle1_1"",""name_1"":""Telangana""}]",2014-01-15,2025-12-20
2013-0282-IND,No,nat-hyd-flo-flo,Natural,Hydrological,Flood,Flood (General),,,IND,India,Southern Asia,Asia,"Dhemaji, Tinsukia, Nagaon, Golaghat, Jorhat, Kamrup, Karimganj, Lakhimpur, Morigaon, Sibsaga, Bongaigaon, Kokrajhar districts (Assam province)",Monsoonal rain,,No,No,No,,38019.26,Km2,27.387,94.92,,2013,6,23,2013,7,15,80,,2000000,,2000000,,,,,,,74.26372907,"[{""adm2_code"":17582,""adm2_name"":""Golaghat""},{""adm2_code"":17583,""adm2_name"":""Kamrup""},{""adm2_code"":17585,""adm2_name"":""Karimganj""},{""adm2_code"":17589,""adm2_name"":""Nagaon""},{""adm2_code"":17592,""adm2_name"":""Sibsagar""},{""adm2_code"":70086,""adm2_name"":""Bongaigaon""},{""adm2_code"":70087,""adm2_name"":""Dhemaji""},{""adm2_code"":70089,""adm2_name"":""Jorhat""},{""adm2_code"":70090,""adm2_name"":""Kokrajhar""},{""adm2_code"":70091,""adm2_name"":""Lakhimpur""},{""adm2_code"":70092,""adm2_name"":""Marigaon""},{""adm2_code"":70093,""adm2_name"":""Tinsukia""}]","[{""gid_2"":""IND.4.12_1"",""migration_date"":""2025-12-20"",""migration_method"":""jaccard2"",""name_2"":""Golaghat""},{""gid_2"":""IND.4.14_1"",""migration_date"":""2025-12-20"",""migration_method"":""jaccard2"",""name_2"":""Jorhat""},{""gid_2"":""IND.4.15_1"",""migration_date"":""2025-12-20"",""migration_method"":""puzzle2_2"",""name_2"":""Kamrup Metropolitan""},{""gid_2"":""IND.4.16_1"",""migration_date"":""2025-12-20"",""migration_method"":""puzzle2_2"",""name_2"":""Kamrup""},{""gid_2"":""IND.4.18_1"",""migration_date"":""2025-12-20"",""migration_method"":""jaccard2"",""name_2"":""Karimganj""},{""gid_2"":""IND.4.19_1"",""migration_date"":""2025-12-20"",""migration_method"":""jaccard2"",""name_2"":""Kokrajhar""},{""gid_2"":""IND.4.20_1"",""migration_date"":""2025-12-20"",""migration_method"":""jaccard2"",""name_2"":""Lakhimpur""},{""gid_2"":""IND.4.21_1"",""migration_date"":""2025-12-20"",""migration_method"":""jaccard2"",""name_2"":""Morigaon""},{""gid_2"":""IND.4.22_1"",""migration_date"":""2025-12-20"",""migration_method"":""jaccard2"",""name_2"":""Nagaon""},{""gid_2"":""IND.4.24_1"",""migration_date"":""2025-12-20"",""migration_method"":""jaccard2"",""name_2"":""Sivasagar""},{""gid_2"":""IND.4.26_1"",""migration_date"":""2025-12-20"",""migration_method"":""jaccard2"",""name_2"":""Tinsukia""},{""gid_2"":""IND.4.3_1"",""migration_date"":""2025-12-20"",""migration_method"":""puzzle2_2"",""name_2"":""Bongaigaon""},{""gid_2"":""IND.4.5_1"",""migration_date"":""2025-12-20"",""migration_method"":""puzzle2_2"",""name_2"":""Chirang""},{""gid_2"":""IND.4.7_1"",""migration_date"":""2025-12-20"",""migration_method"":""jaccard2"",""name_2"":""Dhemaji""}]",2014-03-20,2025-12-20
2013-0515-IND,No,nat-met-sto-tro,Natural,Meteorological,Storm,Tropical cyclone,GLIDE:TC-2013-000144,Helen,IND,India,Southern Asia,Asia,"Krishna, Guntur, East Godavari, West Godavari, Vishakhapatnam districts (Andhra Pradesh province)",,Flood,No,No,No,,65,Kph,,,,2013,11,22,2013,11,22,10,,,,,,,,,262000,352797,74.26372907,"[{""adm2_code"":17551,""adm2_name"":""East Godavari""},{""adm2_code"":17552,""adm2_name"":""Guntur""},{""adm2_code"":17556,""adm2_name"":""Krishna""},{""adm2_code"":17566,""adm2_name"":""Vishakhapatnam""},{""adm2_code"":17569,""adm2_name"":""West Godavari""}]","[{""gid_2"":""IND.2.10_1"",""migration_date"":""2025-12-20"",""migration_method"":""jaccard2"",""name_2"":""Visakhapatnam""},{""gid_2"":""IND.2.12_1"",""migration_date"":""2025-12-20"",""migration_method"":""jaccard2"",""name_2"":""West Godavari""},{""gid_2"":""IND.2.3_1"",""migration_date"":""2025-12-20"",""migration_method"":""jaccard2"",""name_2"":""East Godavari""},{""gid_2"":""IND.2.4_1"",""migration_date"":""2025-12-20"",""migration_method"":""jaccard2"",""name_2"":""Guntur""},{""gid_2"":""IND.2.5_1"",""migration_date"":""2025-12-20"",""migration_method"":""jaccard2"",""name_2"":""Krishna""}]",2013-12-07,2025-12-20
2014-0268-IND,No,nat-hyd-flo-riv,Natural,Hydrological,Flood,Riverine flood,,,IND,India,Southern Asia,Asia,"Uttarakhand, Himachal Pradesh provinces",Excessive rainfall,,No,No,No,,,Km2,,,Sharda river,2014,7,16,2014,7,22,26,,,,,,,,,,,75.46845568,"[{""adm1_code"":1493,""adm1_name"":""Himachal Pradesh""},{""adm1_code"":70082,""adm1_name"":""Uttarakhand""}]","[{""gid_1"":""IND.13_1"",""migration_date"":""2025-12-20"",""migration_method"":""jaccard1"",""name_1"":""Himachal Pradesh""},{""gid_1"":""IND.35_1"",""migration_date"":""2025-12-20"",""migration_method"":""jaccard1"",""name_1"":""Uttarakhand""}]",2014-08-28,2025-12-20
2014-0391-IND,No,nat-hyd-flo-riv,Natural,Hydrological,Flood,Riverine flood,,,IND,India,Southern Asia,Asia,"Tura village (West Garo Hills district, Meghalaya province), Goalpara, Kamrup districts (Assam province)",Torrential monsoonal rains; Typhoon Kalmaegi,"Slide (land, mud, snow, rock)",No,No,No,,61894.97,Km2,,,,2014,9,24,2014,10,11,95,,,650000,650000,,,,,163000,215984,75.46845568,"[{""adm2_code"":17581,""adm2_name"":""Goalpara""},{""adm2_code"":17583,""adm2_name"":""Kamrup""},{""adm2_code"":17796,""adm2_name"":""West Garo Hills""}]","[{""gid_2"":""IND.22.7_1"",""migration_date"":""2025-12-20"",""migration_method"":""puzzle2_2"",""name_2"":""South West Garo Hills""},{""gid_2"":""IND.22.9_1"",""migration_date"":""2025-12-20"",""migration_method"":""puzzle2_2"",""name_2"":""West Garo Hills""},{""gid_2"":""IND.4.11_1"",""migration_date"":""2025-12-20"",""migration_method"":""jaccard2"",""name_2"":""Goalpara""},{""gid_2"":""IND.4.15_1"",""migration_date"":""2025-12-20"",""migration_method"":""puzzle2_2"",""name_2"":""Kamrup Metropolitan""},{""gid_2"":""IND.4.16_1"",""migration_date"":""2025-12-20"",""migration_method"":""puzzle2_2"",""name_2"":""Kamrup""}]",2014-10-10,2025-12-20
2014-0408-IND,No,nat-hyd-flo-riv,Natural,Hydrological,Flood,Riverine flood,,,IND,India,Southern Asia,Asia,"Shravasti, Balrampur, Sitapur, Lakhimpur Kheri, Gonda, Bara Banki, Faizabad, Azamgarh districts (Uttar Pradesh province), Uttarakhand, Bihar, Assam provinces","Heavy rains, overflowing rivers after dam opening in Nepal","Slide (land, mud, snow, rock)|Transport accident",No,No,No,,,Km2,,,"Ghagra, Rapti, Saryu rivers",2014,8,16,2014,9,1,94,,500000,,500000,,,,,,,75.46845568,"[{""adm1_code"":1487,""adm1_name"":""Assam""},{""adm1_code"":70073,""adm1_name"":""Bihar""},{""adm1_code"":70082,""adm1_name"":""Uttarakhand""},{""adm2_code"":17892,""adm2_name"":""Azamgarh""},{""adm2_code"":17896,""adm2_name"":""Bara Banki""},{""adm2_code"":17907,""adm2_name"":""Faizabad""},{""adm2_code"":17913,""adm2_name"":""Gonda""},{""adm2_code"":17921,""adm2_name"":""Lakhimpur Kheri""},{""adm2_code"":17938,""adm2_name"":""Sitapur""},{""adm2_code"":70261,""adm2_name"":""Balrampur""},{""adm2_code"":70277,""adm2_name"":""Shravasti""}]","[{""gid_1"":""IND.35_1"",""migration_date"":""2025-12-20"",""migration_method"":""jaccard1"",""name_1"":""Uttarakhand""},{""gid_1"":""IND.4_1"",""migration_date"":""2025-12-20"",""migration_method"":""jaccard1"",""name_1"":""Assam""},{""gid_1"":""IND.5_1"",""migration_date"":""2025-12-20"",""migration_method"":""jaccard1"",""name_1"":""Bihar""},{""gid_2"":""IND.34.12_1"",""migration_date"":""2025-12-20"",""migration_method"":""jaccard2"",""name_2"":""Balrampur""},{""gid_2"":""IND.34.14_1"",""migration_date"":""2025-12-20"",""migration_method"":""jaccard2"",""name_2"":""Barabanki""},{""gid_2"":""IND.34.25_1"",""migration_date"":""2025-12-20"",""migration_method"":""jaccard2"",""name_2"":""Faizabad""},{""gid_2"":""IND.34.32_1"",""migration_date"":""2025-12-20"",""migration_method"":""jaccard2"",""name_2"":""Gonda""},{""gid_2"":""IND.34.47_1"",""migration_date"":""2025-12-20"",""migration_method"":""jaccard2"",""name_2"":""Lakhimpur Kheri""},{""gid_2"":""IND.34.69_1"",""migration_date"":""2025-12-20"",""migration_method"":""jaccard2"",""name_2"":""Shravasti""},{""gid_2"":""IND.34.71_1"",""migration_date"":""2025-12-20"",""migration_method"":""jaccard2"",""name_2"":""Sitapur""},{""gid_2"":""IND.34.8_1"",""migration_date"":""2025-12-20"",""migration_method"":""jaccard2"",""name_2"":""Azamgarh""}]",2014-10-15,2025-12-20
2015-0118-IND,No,nat-met-sto-lig,Natural,Meteorological,Storm,Lightning/Thunderstorms,GLIDE:ST-2015-000030,,IND,India,Southern Asia,Asia,Tripura province,,,No,No,No,,,Kph,,,,2015,4,4,2015,4,5,1,,10000,,10000,,,,,3000,3970,75.55797677,"[{""adm1_code"":1509,""adm1_name"":""Tripura""}]","[{""gid_1"":""IND.33_1"",""migration_date"":""2025-12-20"",""migration_method"":""jaccard1"",""name_1"":""Tripura""}]",2015-05-20,2025-12-20
2015-0164-IND,No,nat-met-sto-sev,Natural,Meteorological,Storm,Severe weather,GLIDE:ST-2015-000044,,IND,India,Southern Asia,Asia,"Purnia, Madhepura, Madhubani, Supaul, Sitamarhi districts (Bihar province)",,Hail,No,No,No,,150,Kph,,,,2015,4,21,2015,4,21,100,100,125000,,125100,,,,,160000,211758,75.55797677,"[{""adm2_code"":17611,""adm2_name"":""Madhubani""},{""adm2_code"":17612,""adm2_name"":""Madhepura""},{""adm2_code"":17621,""adm2_name"":""Purnia""},{""adm2_code"":17630,""adm2_name"":""Sitamarhi""},{""adm2_code"":70104,""adm2_name"":""Supaul""}]","[{""gid_2"":""IND.5.19_1"",""migration_date"":""2025-12-20"",""migration_method"":""jaccard2"",""name_2"":""Madhepura""},{""gid_2"":""IND.5.20_1"",""migration_date"":""2025-12-20"",""migration_method"":""jaccard2"",""name_2"":""Madhubani""},{""gid_2"":""IND.5.28_1"",""migration_date"":""2025-12-20"",""migration_method"":""jaccard2"",""name_2"":""Purnia""},{""gid_2"":""IND.5.35_1"",""migration_date"":""2025-12-20"",""migration_method"":""jaccard2"",""name_2"":""Sitamarhi""},{""gid_2"":""IND.5.37_1"",""migration_date"":""2025-12-20"",""migration_method"":""jaccard2"",""name_2"":""Supaul""}]",2015-05-20,2025-12-20
2015-0189-IND,No,nat-met-ext-hea,Natural,Meteorological,Extreme temperature,Heat wave,GLIDE:HT-2015-000059,,IND,India,Southern Asia,Asia,"Delhi, Andhra Pradesh, Orissa provinces",,,No,No,No,,48,°C,,,,2015,5,20,2015,5,31,2248,,,,,,,,,,,75.55797677,"[{""adm1_code"":1485,""adm1_name"":""Andhra Pradesh""},{""adm1_code"":1489,""adm1_name"":""Delhi""},{""adm1_code"":1504,""adm1_name"":""Orissa""}]","[{""gid_1"":""IND.25_1"",""migration_date"":""2025-12-20"",""migration_method"":""jaccard1"",""name_1"":""NCT of Delhi""},{""gid_1"":""IND.26_1"",""migration_date"":""2025-12-20"",""migration_method"":""jaccard1"",""name_1"":""Odisha""},{""gid_1"":""IND.2_1"",""migration_date"":""2025-12-20"",""migration_method"":""puzzle1_1"",""name_1"":""Andhra Pradesh""},{""gid_1"":""IND.32_1"",""migration_date"":""2025-12-20"",""migration_method"":""puzzle1_1"",""name_1"":""Telangana""}]",2015-06-01,2025-12-20
2015-0207-IND,No,nat-hyd-flo-fla,Natural,Hydrological,Flood,Flash flood,DFO:4251,,IND,India,Southern Asia,Asia,"Bhadrairuppu village (Virudhunagar district, Tamil Nadu province)",Torrential rain,,No,No,No,,14179,Km2,10.7121,79.18,,2015,5,17,2015,5,21,8,,200,,200,,,,,,,75.55797677,"[{""adm2_code"":17869,""adm2_name"":""Virudhunagar""}]","[{""gid_2"":""IND.31.32_1"",""migration_date"":""2025-12-20"",""migration_method"":""jaccard2"",""name_2"":""Virudunagar""}]",2015-06-04,2025-12-20
2015-0333-IND,No,nat-hyd-flo-riv,Natural,Hydrological,Flood,Riverine flood,,,IND,India,Southern Asia,Asia,"Rajasthan, Uttar Pradesh, Jammu and Kashmir, Arunachal Pradesh, Uttarakhand, Punjab, Haryana, Himachal Pradesh provinces",Torrential monsoonal rains,"Slide (land, mud, snow, rock)",No,No,No,,,Km2,,,,2015,7,7,2015,7,13,25,,,,,,,,,,,75.55797677,"[{""adm1_code"":1492,""adm1_name"":""Haryana""},{""adm1_code"":1493,""adm1_name"":""Himachal Pradesh""},{""adm1_code"":1505,""adm1_name"":""Punjab""},{""adm1_code"":1506,""adm1_name"":""Rajasthan""},{""adm1_code"":40408,""adm1_name"":""Administrative unit not available""},{""adm1_code"":40409,""adm1_name"":""Administrative unit not available""},{""adm1_code"":40422,""adm1_name"":""Administrative unit not available""},{""adm1_code"":40423,""adm1_name"":""Administrative unit not available""},{""adm1_code"":40424,""adm1_name"":""Administrative unit not available""},{""adm1_code"":40425,""adm1_name"":""Administrative unit not available""},{""adm1_code"":40426,""adm1_name"":""Administrative unit not available""},{""adm1_code"":40427,""adm1_name"":""Administrative unit not available""},{""adm1_code"":40428,""adm1_name"":""Administrative unit not available""},{""adm1_code"":40429,""adm1_name"":""Administrative unit not available""},{""adm1_code"":40430,""adm1_name"":""Administrative unit not available""},{""adm1_code"":40431,""adm1_name"":""Administrative unit not available""},{""adm1_code"":70036,""adm1_name"":""Administrative unit not available""},{""adm1_code"":70037,""adm1_name"":""Administrative unit not available""},{""adm1_code"":70072,""adm1_name"":""Arunachal Pradesh""},{""adm1_code"":70081,""adm1_name"":""Uttar Pradesh""},{""adm1_code"":70082,""adm1_name"":""Uttarakhand""}]","[{""gid_1"":""IND.12_1"",""migration_date"":""2025-12-20"",""migration_method"":""jaccard1"",""name_1"":""Haryana""},{""gid_1"":""IND.13_1"",""migration_date"":""2025-12-20"",""migration_method"":""jaccard1"",""name_1"":""Himachal Pradesh""},{""gid_1"":""IND.28_1"",""migration_date"":""2025-12-20"",""migration_method"":""jaccard1"",""name_1"":""Punjab""},{""gid_1"":""IND.29_1"",""migration_date"":""2025-12-20"",""migration_method"":""jaccard1"",""name_1"":""Rajasthan""},{""gid_1"":""IND.34_1"",""migration_date"":""2025-12-20"",""migration_method"":""jaccard1"",""name_1"":""Uttar Pradesh""},{""gid_1"":""IND.35_1"",""migration_date"":""2025-12-20"",""migration_method"":""jaccard1"",""name_1"":""Uttarakhand""},{""gid_1"":""IND.3_1"",""migration_date"":""2025-12-20"",""migration_method"":""jaccard1"",""name_1"":""Arunachal Pradesh""},{""gid_1"":""Z06.1_1"",""migration_date"":""2025-12-20"",""migration_method"":""jaccard1"",""name_1"":""Azad Kashmir""},{""gid_1"":""Z06.6_1"",""migration_date"":""2025-12-20"",""migration_method"":""jaccard1"",""name_1"":""Gilgit-Baltistan""},{""gid_1"":""Z07.3_1"",""migration_date"":""2025-12-20"",""migration_method"":""jaccard1"",""name_1"":""Arunachal Pradesh""},{""gid_2"":""Z01.14.10_1"",""migration_date"":""2025-12-20"",""migration_method"":""puzzle1_2"",""name_2"":""Kishtwar""},{""gid_2"":""Z01.14.12_1"",""migration_date"":""2025-12-20"",""migration_method"":""puzzle1_2"",""name_2"":""Kupwara""},{""gid_2"":""Z01.14.13_1"",""migration_date"":""2025-12-20"",""migration_method"":""puzzle1_2"",""name_2"":""Leh (Ladakh)""},{""gid_2"":""Z01.14.14_1"",""migration_date"":""2025-12-20"",""migration_method"":""puzzle1_2"",""name_2"":""Poonch""},{""gid_2"":""Z01.14.16_1"",""migration_date"":""2025-12-20"",""migration_method"":""puzzle1_2"",""name_2"":""Rajouri""},{""gid_2"":""Z01.14.17_1"",""migration_date"":""2025-12-20"",""migration_method"":""puzzle1_2"",""name_2"":""Ramban""},{""gid_2"":""Z01.14.18_1"",""migration_date"":""2025-12-20"",""migration_method"":""puzzle1_2"",""name_2"":""Reasi""},{""gid_2"":""Z01.14.19_1"",""migration_date"":""2025-12-20"",""migration_method"":""puzzle1_2"",""name_2"":""Samba""},{""gid_2"":""Z01.14.21_1"",""migration_date"":""2025-12-20"",""migration_method"":""puzzle1_2"",""name_2"":""Srinagar""},{""gid_2"":""Z01.14.22_1"",""migration_date"":""2025-12-20"",""migration_method"":""puzzle1_2"",""name_2"":""Udhampur""},{""gid_2"":""Z01.14.2_1"",""migration_date"":""2025-12-20"",""migration_method"":""puzzle1_2"",""name_2"":""Badgam""},{""gid_2"":""Z01.14.3_1"",""migration_date"":""2025-12-20"",""migration_method"":""puzzle1_2"",""name_2"":""Bandipore""},{""gid_2"":""Z01.14.4_1"",""migration_date"":""2025-12-20"",""migration_method"":""puzzle1_2"",""name_2"":""Baramulla""},{""gid_2"":""Z01.14.5_1"",""migration_date"":""2025-12-20"",""migration_method"":""puzzle1_2"",""name_2"":""Doda""},{""gid_2"":""Z01.14.6_1"",""migration_date"":""2025-12-20"",""migration_method"":""puzzle1_2"",""name_2"":""Ganderbal""},{""gid_2"":""Z01.14.7_1"",""migration_date"":""2025-12-20"",""migration_method"":""puzzle1_2"",""name_2"":""Jammu""},{""gid_2"":""Z01.14.8_1"",""migration_date"":""2025-12-20"",""migration_method"":""puzzle1_2"",""name_2"":""Kargil""},{""gid_2"":""Z01.14.9_1"",""migration_date"":""2025-12-20"",""migration_method"":""puzzle1_2"",""name_2"":""Kathua""}]",2015-08-07,2025-12-20
2015-0406-IND,No,nat-hyd-flo-flo,Natural,Hydrological,Flood,Flood (General),,,IND,India,Southern Asia,Asia,"Dhemaji, Kokrajhar, Bongaigaon, Sonitpur, Barpeta, Goalpara, Marigaon, Cachar, Lakhimpur, Jorhat, Tinsukia, Darrang, Nalbari, Kamrup, Dibrugarh, Sibsagar districts (Assam province)",Hearvy rain,,No,No,No,,,Km2,,,,2015,8,28,2015,8,30,18,,736000,51000,787000,,,,,,,75.55797677,"[{""adm2_code"":17576,""adm2_name"":""Barpeta""},{""adm2_code"":17577,""adm2_name"":""Cachar""},{""adm2_code"":17578,""adm2_name"":""Darrang""},{""adm2_code"":17580,""adm2_name"":""Dibrugarh""},{""adm2_code"":17581,""adm2_name"":""Goalpara""},{""adm2_code"":17583,""adm2_name"":""Kamrup""},{""adm2_code"":17590,""adm2_name"":""Nalbari""},{""adm2_code"":17592,""adm2_name"":""Sibsagar""},{""adm2_code"":17593,""adm2_name"":""Sonitpur""},{""adm2_code"":70086,""adm2_name"":""Bongaigaon""},{""adm2_code"":70087,""adm2_name"":""Dhemaji""},{""adm2_code"":70089,""adm2_name"":""Jorhat""},{""adm2_code"":70090,""adm2_name"":""Kokrajhar""},{""adm2_code"":70091,""adm2_name"":""Lakhimpur""},{""adm2_code"":70092,""adm2_name"":""Marigaon""},{""adm2_code"":70093,""adm2_name"":""Tinsukia""}]","[{""gid_1"":""IND.4_1"",""migration_date"":""2025-12-20"",""migration_method"":""parent2_1"",""name_1"":""Assam""}]",2015-09-04,2025-12-20
2015-0413-IND,No,nat-hyd-flo-flo,Natural,Hydrological,Flood,Flood (General),,,IND,India,Southern Asia,Asia,"Sonitpur, Lakhimpur, Kokrajhar, Dhemaji districts (Assam province), Arunachal Pradesh province",,"Slide (land, mud, snow, rock)",No,No,No,,,Km2,,,,2015,7,14,2015,7,16,,,85250,,85250,,,,,,,75.55797677,"[{""adm1_code"":70036,""adm1_name"":""Administrative unit not available""},{""adm1_code"":70037,""adm1_name"":""Administrative unit not available""},{""adm1_code"":70072,""adm1_name"":""Arunachal Pradesh""},{""adm2_code"":17593,""adm2_name"":""Sonitpur""},{""adm2_code"":70087,""adm2_name"":""Dhemaji""},{""adm2_code"":70090,""adm2_name"":""Kokrajhar""},{""adm2_code"":70091,""adm2_name"":""Lakhimpur""}]","[{""gid_1"":""IND.3_1"",""migration_date"":""2025-12-20"",""migration_method"":""jaccard1"",""name_1"":""Arunachal Pradesh""},{""gid_1"":""Z07.3_1"",""migration_date"":""2025-12-20"",""migration_method"":""jaccard1"",""name_1"":""Arunachal Pradesh""},{""gid_2"":""IND.4.19_1"",""migration_date"":""2025-12-20"",""migration_method"":""jaccard2"",""name_2"":""Kokrajhar""},{""gid_2"":""IND.4.20_1"",""migration_date"":""2025-12-20"",""migration_method"":""jaccard2"",""name_2"":""Lakhimpur""},{""gid_2"":""IND.4.25_1"",""migration_date"":""2025-12-20"",""migration_method"":""jaccard2"",""name_2"":""Sonitpur""},{""gid_2"":""IND.4.7_1"",""migration_date"":""2025-12-20"",""migration_method"":""jaccard2"",""name_2"":""Dhemaji""}]",2015-09-10,2025-12-20
2015-0450-IND,No,nat-met-sto-lig,Natural,Meteorological,Storm,Lightning/Thunderstorms,,,IND,India,Southern Asia,Asia,"Deogarh, Nabarangpur, Malkangiri districts (Orissa province), Andhra Pradesh province",,,No,No,No,,,Kph,,,,2015,9,6,2015,9,6,32,,,,,,,,,,,75.55797677,"[{""adm1_code"":1485,""adm1_name"":""Andhra Pradesh""},{""adm2_code"":70212,""adm2_name"":""Deogarh""},{""adm2_code"":70220,""adm2_name"":""Malkangiri""},{""adm2_code"":70221,""adm2_name"":""Nabarangpur""}]","[{""gid_1"":""IND.2_1"",""migration_date"":""2025-12-20"",""migration_method"":""puzzle1_1"",""name_1"":""Andhra Pradesh""},{""gid_1"":""IND.32_1"",""migration_date"":""2025-12-20"",""migration_method"":""puzzle1_1"",""name_1"":""Telangana""},{""gid_2"":""IND.26.21_1"",""migration_date"":""2025-12-20"",""migration_method"":""jaccard2"",""name_2"":""Malkangiri""},{""gid_2"":""IND.26.23_1"",""migration_date"":""2025-12-20"",""migration_method"":""jaccard2"",""name_2"":""Nabarangapur""},{""gid_2"":""IND.26.8_1"",""migration_date"":""2025-12-20"",""migration_method"":""jaccard2"",""name_2"":""Debagarh""}]",2015-10-12,2025-12-20
2015-0600-IND,No,nat-met-sto-lig,Natural,Meteorological,Storm,Lightning/Thunderstorms,,,IND,India,Southern Asia,Asia,Andhra Pradesh province,,,No,No,No,,,Kph,,,,2015,5,19,2015,5,19,23,,,,,,,,,,,75.55797677,"[{""adm1_code"":1485,""adm1_name"":""Andhra Pradesh""}]","[{""gid_1"":""IND.2_1"",""migration_date"":""2025-12-20"",""migration_method"":""puzzle1_1"",""name_1"":""Andhra Pradesh""},{""gid_1"":""IND.32_1"",""migration_date"":""2025-12-20"",""migration_method"":""puzzle1_1"",""name_1"":""Telangana""}]",2016-04-07,2025-12-20
2015-9618-IND,No,nat-cli-dro-dro,Natural,Climatological,Drought,Drought,,,IND,India,Southern Asia,Asia,"Tamil Nadu, Rajasthan, Jharkhand, Assam, Andhra Pradesh, Himachal Pradesh, Nagaland; Maharashtra, Bihar, Madhya Pradesh, Chhattisgarh, Telangana, Jharkand, Odisha states",Erratic rainfall,,No,No,No,,,Km2,,,,2015,1,,2016,12,,,,330000000,,330000000,,,400000,529395,3000000,3970461,75.55797677,"[{""adm1_code"":1485,""adm1_name"":""Andhra Pradesh""},{""adm1_code"":1487,""adm1_name"":""Assam""},{""adm1_code"":1493,""adm1_name"":""Himachal Pradesh""},{""adm1_code"":1498,""adm1_name"":""Maharashtra""},{""adm1_code"":1503,""adm1_name"":""Nagaland""},{""adm1_code"":1504,""adm1_name"":""Orissa""},{""adm1_code"":1506,""adm1_name"":""Rajasthan""},{""adm1_code"":1508,""adm1_name"":""Tamil Nadu""},{""adm1_code"":70073,""adm1_name"":""Bihar""},{""adm1_code"":70075,""adm1_name"":""Chhattisgarh""},{""adm1_code"":70078,""adm1_name"":""Jharkhand""},{""adm1_code"":70079,""adm1_name"":""Madhya Pradesh""}]","[{""gid_1"":""IND.13_1"",""migration_date"":""2025-12-20"",""migration_method"":""jaccard1"",""name_1"":""Himachal Pradesh""},{""gid_1"":""IND.15_1"",""migration_date"":""2025-12-20"",""migration_method"":""jaccard1"",""name_1"":""Jharkhand""},{""gid_1"":""IND.19_1"",""migration_date"":""2025-12-20"",""migration_method"":""jaccard1"",""name_1"":""Madhya Pradesh""},{""gid_1"":""IND.20_1"",""migration_date"":""2025-12-20"",""migration_method"":""jaccard1"",""name_1"":""Maharashtra""},{""gid_1"":""IND.24_1"",""migration_date"":""2025-12-20"",""migration_method"":""jaccard1"",""name_1"":""Nagaland""},{""gid_1"":""IND.26_1"",""migration_date"":""2025-12-20"",""migration_method"":""jaccard1"",""name_1"":""Odisha""},{""gid_1"":""IND.29_1"",""migration_date"":""2025-12-20"",""migration_method"":""jaccard1"",""name_1"":""Rajasthan""},{""gid_1"":""IND.2_1"",""migration_date"":""2025-12-20"",""migration_method"":""puzzle1_1"",""name_1"":""Andhra Pradesh""},{""gid_1"":""IND.31_1"",""migration_date"":""2025-12-20"",""migration_method"":""jaccard1"",""name_1"":""Tamil Nadu""},{""gid_1"":""IND.32_1"",""migration_date"":""2025-12-20"",""migration_method"":""puzzle1_1"",""name_1"":""Telangana""},{""gid_1"":""IND.4_1"",""migration_date"":""2025-12-20"",""migration_method"":""jaccard1"",""name_1"":""Assam""},{""gid_1"":""IND.5_1"",""migration_date"":""2025-12-20"",""migration_method"":""jaccard1"",""name_1"":""Bihar""},{""gid_1"":""IND.7_1"",""migration_date"":""2025-12-20"",""migration_method"":""jaccard1"",""name_1"":""Chhattisgarh""}]",2016-04-11,2025-12-20
2016-0237-IND,No,nat-met-sto-lig,Natural,Meteorological,Storm,Lightning/Thunderstorms,,,IND,India,Southern Asia,Asia,"Bihar, Uttar Pradesh, Jharkhand, Madhya Pradesh provinces",,,No,No,No,,,Kph,,,,2016,6,20,2016,6,21,93,,,,,,,,,,,76.5112162,"[{""adm1_code"":70073,""adm1_name"":""Bihar""},{""adm1_code"":70078,""adm1_name"":""Jharkhand""},{""adm1_code"":70079,""adm1_name"":""Madhya Pradesh""},{""adm1_code"":70081,""adm1_name"":""Uttar Pradesh""}]","[{""gid_1"":""IND.15_1"",""migration_date"":""2025-12-20"",""migration_method"":""jaccard1"",""name_1"":""Jharkhand""},{""gid_1"":""IND.19_1"",""migration_date"":""2025-12-20"",""migration_method"":""jaccard1"",""name_1"":""Madhya Pradesh""},{""gid_1"":""IND.34_1"",""migration_date"":""2025-12-20"",""migration_method"":""jaccard1"",""name_1"":""Uttar Pradesh""},{""gid_1"":""IND.5_1"",""migration_date"":""2025-12-20"",""migration_method"":""jaccard1"",""name_1"":""Bihar""}]",2016-07-13,2025-12-20
2017-0144-IND,No,nat-met-ext-hea,Natural,Meteorological,Extreme temperature,Heat wave,,,IND,India,Southern Asia,Asia,"Andhra Pradesh, Telangana, Maharashtra, Odisha (Orissa)",,,No,No,No,,48,°C,,,,2017,4,12,2017,6,15,264,,,,,,,,,,,78.14100176,"[{""adm1_code"":1485,""adm1_name"":""Andhra Pradesh""},{""adm1_code"":1498,""adm1_name"":""Maharashtra""},{""adm1_code"":1504,""adm1_name"":""Orissa""}]","[{""gid_1"":""IND.20_1"",""migration_date"":""2025-12-20"",""migration_method"":""jaccard1"",""name_1"":""Maharashtra""},{""gid_1"":""IND.26_1"",""migration_date"":""2025-12-20"",""migration_method"":""jaccard1"",""name_1"":""Odisha""},{""gid_1"":""IND.2_1"",""migration_date"":""2025-12-20"",""migration_method"":""puzzle1_1"",""name_1"":""Andhra Pradesh""},{""gid_1"":""IND.32_1"",""migration_date"":""2025-12-20"",""migration_method"":""puzzle1_1"",""name_1"":""Telangana""}]",2017-05-18,2025-12-20
2018-0149-IND,No,nat-met-sto-lig,Natural,Meteorological,Storm,Lightning/Thunderstorms,,,IND,India,Southern Asia,Asia,"Uttar Pradesh, Bengale occidental, Bihar, Andhra Pradesh",,,No,No,No,,100,Kph,,,,2018,5,13,2018,5,16,95,,,,,,,,,,,80.04959626,"[{""adm1_code"":1485,""adm1_name"":""Andhra Pradesh""},{""adm1_code"":1511,""adm1_name"":""West Bengal""},{""adm1_code"":70073,""adm1_name"":""Bihar""},{""adm1_code"":70081,""adm1_name"":""Uttar Pradesh""}]","[{""gid_1"":""IND.2_1"",""migration_date"":""2025-12-20"",""migration_method"":""puzzle1_1"",""name_1"":""Andhra Pradesh""},{""gid_1"":""IND.32_1"",""migration_date"":""2025-12-20"",""migration_method"":""puzzle1_1"",""name_1"":""Telangana""},{""gid_1"":""IND.34_1"",""migration_date"":""2025-12-20"",""migration_method"":""jaccard1"",""name_1"":""Uttar Pradesh""},{""gid_1"":""IND.36_1"",""migration_date"":""2025-12-20"",""migration_method"":""jaccard1"",""name_1"":""West Bengal""},{""gid_1"":""IND.5_1"",""migration_date"":""2025-12-20"",""migration_method"":""jaccard1"",""name_1"":""Bihar""}]",2018-05-22,2025-12-20
2018-0209-IND,No,nat-met-sto-lig,Natural,Meteorological,Storm,Lightning/Thunderstorms,,,IND,India,Southern Asia,Asia,"Uttar Pradesh, West Bengal, Tripura",,,No,No,No,,,Kph,,,,2018,5,6,2018,5,9,32,,21000,,21000,,,,,50000,62461,80.04959626,"[{""adm1_code"":1509,""adm1_name"":""Tripura""},{""adm1_code"":1511,""adm1_name"":""West Bengal""},{""adm1_code"":70081,""adm1_name"":""Uttar Pradesh""}]","[{""gid_1"":""IND.33_1"",""migration_date"":""2025-12-20"",""migration_method"":""jaccard1"",""name_1"":""Tripura""},{""gid_1"":""IND.34_1"",""migration_date"":""2025-12-20"",""migration_method"":""jaccard1"",""name_1"":""Uttar Pradesh""},{""gid_1"":""IND.36_1"",""migration_date"":""2025-12-20"",""migration_method"":""jaccard1"",""name_1"":""West Bengal""}]",2018-07-20,2025-12-20
2018-0214-IND,No,nat-met-sto-lig,Natural,Meteorological,Storm,Lightning/Thunderstorms,,,IND,India,Southern Asia,Asia,"Uttar Pradesh, Bihar, Jharkhand",,,No,No,No,,,Kph,,,,2018,5,28,2018,5,28,54,,,,,,,,,25000,31231,80.04959626,"[{""adm1_code"":70073,""adm1_name"":""Bihar""},{""adm1_code"":70078,""adm1_name"":""Jharkhand""},{""adm1_code"":70081,""adm1_name"":""Uttar Pradesh""}]","[{""gid_1"":""IND.15_1"",""migration_date"":""2025-12-20"",""migration_method"":""jaccard1"",""name_1"":""Jharkhand""},{""gid_1"":""IND.34_1"",""migration_date"":""2025-12-20"",""migration_method"":""jaccard1"",""name_1"":""Uttar Pradesh""},{""gid_1"":""IND.5_1"",""migration_date"":""2025-12-20"",""migration_method"":""jaccard1"",""name_1"":""Bihar""}]",2018-07-20,2025-12-20
2019-0155-IND,No,nat-met-sto-sto,Natural,Meteorological,Storm,Storm (General),,,IND,India,Southern Asia,Asia,"Gujarat, Rajasthan, Madhya Pradesh, Maharashtra",,Flood,No,No,No,,,Kph,,,,2019,4,16,2019,4,17,50,,,,,,,,,,,81.50030941,"[{""adm1_code"":1491,""adm1_name"":""Gujarat""},{""adm1_code"":1498,""adm1_name"":""Maharashtra""},{""adm1_code"":1506,""adm1_name"":""Rajasthan""},{""adm1_code"":70079,""adm1_name"":""Madhya Pradesh""}]","[{""gid_1"":""IND.11_1"",""migration_date"":""2025-12-20"",""migration_method"":""jaccard1"",""name_1"":""Gujarat""},{""gid_1"":""IND.19_1"",""migration_date"":""2025-12-20"",""migration_method"":""jaccard1"",""name_1"":""Madhya Pradesh""},{""gid_1"":""IND.20_1"",""migration_date"":""2025-12-20"",""migration_method"":""jaccard1"",""name_1"":""Maharashtra""},{""gid_1"":""IND.29_1"",""migration_date"":""2025-12-20"",""migration_method"":""jaccard1"",""name_1"":""Rajasthan""}]",2019-04-18,2025-12-20
2022-0590-IND,No,nat-hyd-flo-flo,Natural,Hydrological,Flood,Flood (General),,,IND,India,Southern Asia,Asia,Uttar Pradesh,Monsoonal rains,,No,No,No,,,Km2,,,,2022,9,18,2022,9,24,,,,,,,,,,,,93.29460735,"[{""adm1_code"":70081,""adm1_name"":""Uttar Pradesh""}]","[{""gid_1"":""IND.34_1"",""migration_date"":""2025-12-20"",""migration_method"":""jaccard1"",""name_1"":""Uttar Pradesh""}]",2022-09-20,2025-12-20
2022-0539-IND,No,nat-hyd-flo-flo,Natural,Hydrological,Flood,Flood (General),,,IND,India,Southern Asia,Asia,"Himachal Pradesh, Uttarakhand and Jharkhand States",,"Slide (land, mud, snow, rock)",No,No,No,,,Km2,,,,2022,8,,2022,8,22,63,,800000,,800000,,,,,,,93.29460735,"[{""adm1_code"":1493,""adm1_name"":""Himachal Pradesh""},{""adm1_code"":70078,""adm1_name"":""Jharkhand""},{""adm1_code"":70082,""adm1_name"":""Uttarakhand""}]","[{""gid_1"":""IND.13_1"",""migration_date"":""2025-12-20"",""migration_method"":""jaccard1"",""name_1"":""Himachal Pradesh""},{""gid_1"":""IND.15_1"",""migration_date"":""2025-12-20"",""migration_method"":""jaccard1"",""name_1"":""Jharkhand""},{""gid_1"":""IND.35_1"",""migration_date"":""2025-12-20"",""migration_method"":""jaccard1"",""name_1"":""Uttarakhand""}]",2022-08-22,2025-12-20
2023-0548-IND,No,nat-hyd-mmw-lan,Natural,Hydrological,Mass movement (wet),Landslide (wet),,,IND,India,Southern Asia,Asia,Mizoram State,,Collapse,No,No,No,,,,,,,2023,8,23,2023,8,23,26,2,,,2,,,,,,,97.13499264,"[{""adm1_code"":1502,""adm1_name"":""Mizoram""}]","[{""gid_1"":""IND.23_1"",""migration_date"":""2025-12-20"",""migration_method"":""jaccard1"",""name_1"":""Mizoram""}]",2023-08-28,2025-12-20
2021-0681-IND,No,nat-hyd-flo-flo,Natural,Hydrological,Flood,Flood (General),,,IND,India,Southern Asia,Asia,Nainital (Uttarakhand state),Heavy rain,"Slide (land, mud, snow, rock)",No,No,No,,,Km2,,,,2021,10,18,2021,10,19,57,17,1385,,1402,,,,,,,86.38165694,"[{""adm2_code"":70285,""adm2_name"":""Naini Tal""}]","[{""gid_2"":""IND.35.8_1"",""migration_date"":""2025-12-20"",""migration_method"":""jaccard2"",""name_2"":""Nainital""}]",2021-10-21,2025-12-20
2021-0677-IND,No,nat-hyd-flo-flo,Natural,Hydrological,Flood,Flood (General),GLIDE:FL-2021-000161,,IND,India,Southern Asia,Asia,"Idukki, Kottayam, Pathanamthitta, Kollam, Achankovil, Thiruvananthapuram(Kerala state)",Heavy rains,,No,No,No,,,Km2,,,,2021,10,11,2021,10,20,39,,3500,450,3950,,,,,,,86.38165694,"[{""adm2_code"":17700,""adm2_name"":""Idukki""},{""adm2_code"":17702,""adm2_name"":""Kottayam""},{""adm2_code"":17706,""adm2_name"":""Pattanamtitta""},{""adm2_code"":17707,""adm2_name"":""Kollam""},{""adm2_code"":17709,""adm2_name"":""Thiruvananthapuram""}]","[{""gid_2"":""IND.17.11_1"",""migration_date"":""2025-12-20"",""migration_method"":""jaccard2"",""name_2"":""Pathanamthitta""},{""gid_2"":""IND.17.12_1"",""migration_date"":""2025-12-20"",""migration_method"":""jaccard2"",""name_2"":""Thiruvananthapuram""},{""gid_2"":""IND.17.3_1"",""migration_date"":""2025-12-20"",""migration_method"":""jaccard2"",""name_2"":""Idukki""},{""gid_2"":""IND.17.6_1"",""migration_date"":""2025-12-20"",""migration_method"":""jaccard2"",""name_2"":""Kollam""},{""gid_2"":""IND.17.7_1"",""migration_date"":""2025-12-20"",""migration_method"":""jaccard2"",""name_2"":""Kottayam""}]",2021-10-18,2025-12-20
2021-0500-IND,No,nat-hyd-mmw-lan,Natural,Hydrological,Mass movement (wet),Landslide (wet),,,IND,India,Southern Asia,Asia,"Nigul Sari Village (Kinnaur District, Himachal Pradesh State)",Heavy rains,Collapse,No,No,No,,,,,,,2021,8,11,2021,8,11,35,13,,,13,,,,,,,86.38165694,"[{""adm2_code"":17670,""adm2_name"":""Kinnaur""}]","[{""gid_2"":""IND.13.5_1"",""migration_date"":""2025-12-20"",""migration_method"":""jaccard2"",""name_2"":""Kinnaur""}]",2021-08-12,2025-12-20
2023-0331-IND,No,nat-met-sto-tro,Natural,Meteorological,Storm,Tropical cyclone,GLIDE:TC-2023-000095,Cyclone 'Biparjoy',IND,India,Southern Asia,Asia,"Barmer, Jalore, Sirohi, Pali, and Rajmasand (Rajasthan); Gujarat",,"Flood|Slide (land, mud, snow, rock)",No,No,No,,125,Kph,,,,2023,6,19,2023,6,21,7,,10000,,10000,,,,,,,97.13499264,"[{""adm2_code"":17837,""adm2_name"":""Barmer""},{""adm2_code"":17849,""adm2_name"":""Jalor""},{""adm2_code"":17855,""adm2_name"":""Pali""},{""adm2_code"":17858,""adm2_name"":""Sirohi""},{""adm2_code"":70240,""adm2_name"":""Rajsamand""}]","[{""gid_2"":""IND.29.19_1"",""migration_date"":""2025-12-20"",""migration_method"":""jaccard2"",""name_2"":""Jalor""},{""gid_2"":""IND.29.26_1"",""migration_date"":""2025-12-20"",""migration_method"":""jaccard2"",""name_2"":""Pali""},{""gid_2"":""IND.29.28_1"",""migration_date"":""2025-12-20"",""migration_method"":""jaccard2"",""name_2"":""Rajsamand""},{""gid_2"":""IND.29.31_1"",""migration_date"":""2025-12-20"",""migration_method"":""jaccard2"",""name_2"":""Sirohi""},{""gid_2"":""IND.29.5_1"",""migration_date"":""2025-12-20"",""migration_method"":""jaccard2"",""name_2"":""Barmer""}]",2023-06-26,2025-12-20
2016-0304-IND,No,nat-hyd-flo-flo,Natural,Hydrological,Flood,Flood (General),DFO:4383,,IND,India,Southern Asia,Asia,"Maharashtra (Nashik, Raigad (Mahad), Thane (Bhiwandi), Ratnagiri, Pune, Satara, Kolhapur), Gujarat (Valsad, Chhota Udepur (Vadodara), Navsari and Surat)",Monsoonal rains,,No,No,No,,,Km2,,,Savitri,2016,8,1,2016,8,3,37,,3000,,3000,,,,,,,76.5112162,"[{""adm2_code"":17649,""adm2_name"":""Surat""},{""adm2_code"":17652,""adm2_name"":""Vadodara""},{""adm2_code"":17653,""adm2_name"":""Valsad""},{""adm2_code"":70127,""adm2_name"":""Navsari""},{""adm2_code"":17769,""adm2_name"":""Kolhapur""},{""adm2_code"":17773,""adm2_name"":""Nashik""},{""adm2_code"":17776,""adm2_name"":""Pune""},{""adm2_code"":17777,""adm2_name"":""Raigarh""},{""adm2_code"":17778,""adm2_name"":""Ratnagiri""},{""adm2_code"":17781,""adm2_name"":""Satara""},{""adm2_code"":17783,""adm2_name"":""Thane""}]","[{""gid_2"":""IND.11.22_1"",""migration_date"":""2025-12-20"",""migration_method"":""jaccard2"",""name_2"":""Navsari""},{""gid_2"":""IND.11.28_1"",""migration_date"":""2025-12-20"",""migration_method"":""puzzle2_2"",""name_2"":""Surat""},{""gid_2"":""IND.11.30_1"",""migration_date"":""2025-12-20"",""migration_method"":""puzzle2_2"",""name_2"":""Tapi""},{""gid_2"":""IND.11.32_1"",""migration_date"":""2025-12-20"",""migration_method"":""puzzle2_2"",""name_2"":""Vadodara""},{""gid_2"":""IND.11.33_1"",""migration_date"":""2025-12-20"",""migration_method"":""jaccard2"",""name_2"":""Valsad""},{""gid_2"":""IND.11.9_1"",""migration_date"":""2025-12-20"",""migration_method"":""puzzle2_2"",""name_2"":""Chhota Udaipur""},{""gid_2"":""IND.20.15_1"",""migration_date"":""2025-12-20"",""migration_method"":""jaccard2"",""name_2"":""Kolhapur""},{""gid_2"":""IND.20.22_1"",""migration_date"":""2025-12-20"",""migration_method"":""jaccard2"",""name_2"":""Nashik""},{""gid_2"":""IND.20.24_1"",""migration_date"":""2025-12-20"",""migration_method"":""puzzle2_2"",""name_2"":""Palghar""},{""gid_2"":""IND.20.26_1"",""migration_date"":""2025-12-20"",""migration_method"":""jaccard2"",""name_2"":""Pune""},{""gid_2"":""IND.20.27_1"",""migration_date"":""2025-12-20"",""migration_method"":""jaccard2"",""name_2"":""Raigarh""},{""gid_2"":""IND.20.28_1"",""migration_date"":""2025-12-20"",""migration_method"":""jaccard2"",""name_2"":""Ratnagiri""},{""gid_2"":""IND.20.30_1"",""migration_date"":""2025-12-20"",""migration_method"":""jaccard2"",""name_2"":""Satara""},{""gid_2"":""IND.20.33_1"",""migration_date"":""2025-12-20"",""migration_method"":""puzzle2_2"",""name_2"":""Thane""}]",2016-08-23,2025-12-20
2016-0391-IND,No,nat-hyd-flo-flo,Natural,Hydrological,Flood,Flood (General),DFO:4405,,IND,India,Southern Asia,Asia,"Andhra Pradesh province, Telangana",Monsoonal rains,,No,No,No,,137435.4,Km2,17.654,80.34,,2016,9,21,2016,9,29,28,,3000,,3000,,,44000,57508,589000,769822,76.5112162,"[{""adm1_code"":1485,""adm1_name"":""Andhra Pradesh""}]","[{""gid_1"":""IND.2_1"",""migration_date"":""2025-12-20"",""migration_method"":""puzzle1_1"",""name_1"":""Andhra Pradesh""},{""gid_1"":""IND.32_1"",""migration_date"":""2025-12-20"",""migration_method"":""puzzle1_1"",""name_1"":""Telangana""}]",2016-11-17,2025-12-20
2016-0485-IND,No,nat-met-sto-tro,Natural,Meteorological,Storm,Tropical cyclone,GLIDE:TC-2016-000129,Cyclone 'Vardah',IND,India,Southern Asia,Asia,Chennai district (Tamil Nadu province); Andhra Pradesh,,Flood,No,No,No,,140,Kph,,,,2016,12,12,2016,12,14,24,,,,,,,200000,261400,1000000,1306998,76.5112162,"[{""adm1_code"":1485,""adm1_name"":""Andhra Pradesh""},{""adm2_code"":70242,""adm2_name"":""Chennai""}]","[{""gid_1"":""IND.2_1"",""migration_date"":""2025-12-20"",""migration_method"":""puzzle1_1"",""name_1"":""Andhra Pradesh""},{""gid_1"":""IND.32_1"",""migration_date"":""2025-12-20"",""migration_method"":""puzzle1_1"",""name_1"":""Telangana""},{""gid_2"":""IND.31.2_1"",""migration_date"":""2025-12-20"",""migration_method"":""jaccard2"",""name_2"":""Chennai""}]",2016-12-13,2025-12-20
2022-0219-IND,No,nat-met-sto-sev,Natural,Meteorological,Storm,Severe weather,,,IND,India,Southern Asia,Asia,Assam State,,Flood|Lightening,No,No,No,,,Kph,,,,2022,4,1,2022,4,19,20,,95000,,95000,,,,,,,93.29460735,"[{""adm1_code"":1487,""adm1_name"":""Assam""}]","[{""gid_1"":""IND.4_1"",""migration_date"":""2025-12-20"",""migration_method"":""jaccard1"",""name_1"":""Assam""}]",2022-04-19,2025-12-20
2016-0554-IND,No,nat-hyd-flo-flo,Natural,Hydrological,Flood,Flood (General),,,IND,India,Southern Asia,Asia,"Jorhat, Golaghat (Assam State)",,,No,No,No,,,Km2,,,,2016,7,17,2016,7,19,34,,,,,,,,,,,76.5112162,"[{""adm2_code"":17582,""adm2_name"":""Golaghat""},{""adm2_code"":70089,""adm2_name"":""Jorhat""}]","[{""gid_2"":""IND.4.12_1"",""migration_date"":""2025-12-20"",""migration_method"":""jaccard2"",""name_2"":""Golaghat""},{""gid_2"":""IND.4.14_1"",""migration_date"":""2025-12-20"",""migration_method"":""jaccard2"",""name_2"":""Jorhat""}]",2017-04-26,2025-12-20
2017-0046-IND,No,nat-hyd-mmw-ava,Natural,Hydrological,Mass movement (wet),Avalanche (wet),,,IND,India,Southern Asia,Asia,"Sonamanrg (Ganderbal district), Gurez Valleys (Jammu and Kashmir state)",Heavy snow,,No,No,No,,,,,,,2017,1,25,2017,1,26,28,,,,,,,,,,,78.14100176,"[{""adm1_code"":40424,""adm1_name"":""Administrative unit not available""},{""adm1_code"":40431,""adm1_name"":""Administrative unit not available""}]","[{""gid_2"":""Z01.14.12_1"",""migration_date"":""2025-12-20"",""migration_method"":""puzzle1_2"",""name_2"":""Kupwara""},{""gid_2"":""Z01.14.14_1"",""migration_date"":""2025-12-20"",""migration_method"":""puzzle1_2"",""name_2"":""Poonch""},{""gid_2"":""Z01.14.16_1"",""migration_date"":""2025-12-20"",""migration_method"":""puzzle1_2"",""name_2"":""Rajouri""},{""gid_2"":""Z01.14.18_1"",""migration_date"":""2025-12-20"",""migration_method"":""puzzle1_2"",""name_2"":""Reasi""},{""gid_2"":""Z01.14.21_1"",""migration_date"":""2025-12-20"",""migration_method"":""puzzle1_2"",""name_2"":""Srinagar""},{""gid_2"":""Z01.14.22_1"",""migration_date"":""2025-12-20"",""migration_method"":""puzzle1_2"",""name_2"":""Udhampur""},{""gid_2"":""Z01.14.2_1"",""migration_date"":""2025-12-20"",""migration_method"":""puzzle1_2"",""name_2"":""Badgam""},{""gid_2"":""Z01.14.3_1"",""migration_date"":""2025-12-20"",""migration_method"":""puzzle1_2"",""name_2"":""Bandipore""},{""gid_2"":""Z01.14.4_1"",""migration_date"":""2025-12-20"",""migration_method"":""puzzle1_2"",""name_2"":""Baramulla""},{""gid_2"":""Z01.14.6_1"",""migration_date"":""2025-12-20"",""migration_method"":""puzzle1_2"",""name_2"":""Ganderbal""}]",2017-02-09,2025-12-20
2017-0265-IND,No,nat-met-sto-lig,Natural,Meteorological,Storm,Lightning/Thunderstorms,,,IND,India,Southern Asia,Asia,"Vaishali, Saran, Patna, Gaya, Sasaram (Rohta), Araria, Nalanda districts (Bihar)",Monsoon,,No,No,No,,,Kph,,,,2017,7,8,2017,7,11,23,12,,,12,,,,,,,78.14100176,"[{""adm2_code"":17601,""adm2_name"":""Gaya""},{""adm2_code"":17615,""adm2_name"":""Nalanda""},{""adm2_code"":17619,""adm2_name"":""Patna""},{""adm2_code"":17623,""adm2_name"":""Rohtas""},{""adm2_code"":17628,""adm2_name"":""Saran""},{""adm2_code"":17632,""adm2_name"":""Vaishali""},{""adm2_code"":70094,""adm2_name"":""Araria""}]","[{""gid_2"":""IND.5.10_1"",""migration_date"":""2025-12-20"",""migration_method"":""jaccard2"",""name_2"":""Gaya""},{""gid_2"":""IND.5.1_1"",""migration_date"":""2025-12-20"",""migration_method"":""jaccard2"",""name_2"":""Araria""},{""gid_2"":""IND.5.23_1"",""migration_date"":""2025-12-20"",""migration_method"":""jaccard2"",""name_2"":""Nalanda""},{""gid_2"":""IND.5.26_1"",""migration_date"":""2025-12-20"",""migration_method"":""jaccard2"",""name_2"":""Patna""},{""gid_2"":""IND.5.29_1"",""migration_date"":""2025-12-20"",""migration_method"":""jaccard2"",""name_2"":""Rohtas""},{""gid_2"":""IND.5.32_1"",""migration_date"":""2025-12-20"",""migration_method"":""jaccard2"",""name_2"":""Saran""},{""gid_2"":""IND.5.38_1"",""migration_date"":""2025-12-20"",""migration_method"":""jaccard2"",""name_2"":""Vaishali""}]",2017-07-18,2025-12-20
2017-0495-IND,No,nat-hyd-flo-fla,Natural,Hydrological,Flood,Flash flood,DFO:4532,,IND,India,Southern Asia,Asia,Chenai (Tamil Nadu),Heavy rains,,No,No,No,,50536.26,Km2,10.489,79.004,,2017,10,30,2017,11,8,21,,4000,,4000,,,,,,,78.14100176,"[{""adm2_code"":70242,""adm2_name"":""Chennai""}]","[{""gid_2"":""IND.31.2_1"",""migration_date"":""2025-12-20"",""migration_method"":""jaccard2"",""name_2"":""Chennai""}]",2017-11-28,2025-12-20
2017-0508-IND,No,nat-met-sto-tro,Natural,Meteorological,Storm,Tropical cyclone,GLIDE:TC-2017-000172,Cyclone 'Ockhi',IND,India,Southern Asia,Asia,"Kerala (Thiruvananthapuram, Kozhikode,Ernakulam),Tamil Nadu (Kanyakumari-Munchirai, Thiruvattar,Killiyur, Kurunthancode, Rajakkamangalam-, Tirunelveli, Tuticorin districts), Andhra Pradesh (Chittoor and Nellore), Lakshadweep Islands",,Flood,No,No,No,,130,Kph,,,"Amaravathi, Bhavani, Suwarnamukhi and Kalingi Rivers",2017,12,2,2017,12,2,884,,60000,,60000,,,,,,,78.14100176,"[{""adm2_code"":17549,""adm2_name"":""Chittoor""},{""adm2_code"":17561,""adm2_name"":""Nellore""},{""adm2_code"":17699,""adm2_name"":""Ernakulam""},{""adm2_code"":17703,""adm2_name"":""Kozhikode""},{""adm2_code"":17709,""adm2_name"":""Thiruvananthapuram""},{""adm2_code"":70167,""adm2_name"":""Kavaratti""},{""adm2_code"":17866,""adm2_name"":""Thoothukudi""},{""adm2_code"":17870,""adm2_name"":""Kanniyakumari""},{""adm2_code"":17884,""adm2_name"":""Tirunelveli Kattabo""}]","[{""gid_2"":""IND.17.12_1"",""migration_date"":""2025-12-20"",""migration_method"":""jaccard2"",""name_2"":""Thiruvananthapuram""},{""gid_2"":""IND.17.2_1"",""migration_date"":""2025-12-20"",""migration_method"":""jaccard2"",""name_2"":""Ernakulam""},{""gid_2"":""IND.17.8_1"",""migration_date"":""2025-12-20"",""migration_method"":""jaccard2"",""name_2"":""Kozhikode""},{""gid_2"":""IND.18.1_1"",""migration_date"":""2025-12-20"",""migration_method"":""jaccard2"",""name_2"":""Lakshadweep""},{""gid_2"":""IND.2.2_1"",""migration_date"":""2025-12-20"",""migration_method"":""jaccard2"",""name_2"":""Chittoor""},{""gid_2"":""IND.2.7_1"",""migration_date"":""2025-12-20"",""migration_method"":""jaccard2"",""name_2"":""Nellore""},{""gid_2"":""IND.31.25_1"",""migration_date"":""2025-12-20"",""migration_method"":""jaccard2"",""name_2"":""Thoothukkudi""},{""gid_2"":""IND.31.27_1"",""migration_date"":""2025-12-20"",""migration_method"":""jaccard2"",""name_2"":""Tirunelveli""},{""gid_2"":""IND.31.9_1"",""migration_date"":""2025-12-20"",""migration_method"":""jaccard2"",""name_2"":""Kanniyakumari""}]",2017-12-04,2025-12-20
2017-0570-IND,No,nat-met-sto-lig,Natural,Meteorological,Storm,Lightning/Thunderstorms,,,IND,India,Southern Asia,Asia,Maldah (West Bengal),,,No,No,No,,,Kph,,,,2017,3,25,2017,3,25,4,20,,60000,60020,,,,,,,78.14100176,"[{""adm2_code"":17953,""adm2_name"":""Maldah""}]","[{""gid_2"":""IND.36.12_1"",""migration_date"":""2025-12-20"",""migration_method"":""jaccard2"",""name_2"":""Maldah""}]",2018-04-12,2025-12-20
2018-0213-IND,No,nat-hyd-flo-fla,Natural,Hydrological,Flood,Flash flood,,,IND,India,Southern Asia,Asia,Tripura state,Heavy rains,,No,No,No,,,Km2,,,,2018,5,17,2018,5,20,15,24,11704,,11728,,,,,10000,12492,80.04959626,"[{""adm1_code"":1509,""adm1_name"":""Tripura""}]","[{""gid_1"":""IND.33_1"",""migration_date"":""2025-12-20"",""migration_method"":""jaccard1"",""name_1"":""Tripura""}]",2018-07-20,2025-12-20
2018-0138-IND,No,nat-met-sto-lig,Natural,Meteorological,Storm,Lightning/Thunderstorms,,,IND,India,Southern Asia,Asia,Kolkata,,,No,No,No,,,Kph,,,,2018,4,17,2018,4,17,18,50,22000,,22050,,,,,100000,124923,80.04959626,"[{""adm2_code"":70292,""adm2_name"":""Kolkata""}]","[{""gid_2"":""IND.36.11_1"",""migration_date"":""2025-12-20"",""migration_method"":""jaccard2"",""name_2"":""Kolkata""}]",2018-05-11,2025-12-20
2018-0199-IND,No,nat-met-sto-lig,Natural,Meteorological,Storm,Lightning/Thunderstorms,,,IND,India,Southern Asia,Asia,"Uttar Pradesh, Kerala, Maharashtra, Mizoram, Rajasthan",,"Slide (land, mud, snow, rock)",No,No,No,,100,Kph,,,,2018,6,1,2018,6,6,42,,,,,,,,,,,80.04959626,"[{""adm1_code"":1495,""adm1_name"":""Kerala""},{""adm1_code"":1498,""adm1_name"":""Maharashtra""},{""adm1_code"":1502,""adm1_name"":""Mizoram""},{""adm1_code"":1506,""adm1_name"":""Rajasthan""},{""adm1_code"":70081,""adm1_name"":""Uttar Pradesh""}]","[{""gid_1"":""IND.17_1"",""migration_date"":""2025-12-20"",""migration_method"":""jaccard1"",""name_1"":""Kerala""},{""gid_1"":""IND.20_1"",""migration_date"":""2025-12-20"",""migration_method"":""jaccard1"",""name_1"":""Maharashtra""},{""gid_1"":""IND.23_1"",""migration_date"":""2025-12-20"",""migration_method"":""jaccard1"",""name_1"":""Mizoram""},{""gid_1"":""IND.29_1"",""migration_date"":""2025-12-20"",""migration_method"":""jaccard1"",""name_1"":""Rajasthan""},{""gid_1"":""IND.34_1"",""migration_date"":""2025-12-20"",""migration_method"":""jaccard1"",""name_1"":""Uttar Pradesh""}]",2018-07-19,2025-12-20
2018-0267-IND,No,nat-hyd-flo-flo,Natural,Hydrological,Flood,Flood (General),,,IND,India,Southern Asia,Asia,"Uttar Pradesh, Rajasthan",Monsoonal rain,,No,No,No,,,Km2,,,,2018,7,26,2018,7,28,33,45,1500,,1545,,,,,,,80.04959626,"[{""adm1_code"":1506,""adm1_name"":""Rajasthan""},{""adm1_code"":70081,""adm1_name"":""Uttar Pradesh""}]","[{""gid_1"":""IND.29_1"",""migration_date"":""2025-12-20"",""migration_method"":""jaccard1"",""name_1"":""Rajasthan""},{""gid_1"":""IND.34_1"",""migration_date"":""2025-12-20"",""migration_method"":""jaccard1"",""name_1"":""Uttar Pradesh""}]",2018-08-08,2025-12-20
2018-0345-IND,No,nat-hyd-flo-flo,Natural,Hydrological,Flood,Flood (General),,,IND,India,Southern Asia,Asia,"Biswanath, Udalguri, Golaghat, Sivassagar/Charaideo, Barpeta, Lakhimpu, Dhemaji, Darrang (Assam, West Bengal)",,,No,No,No,,,Km2,,,,2018,8,2,2018,8,6,3,,25000,,25000,,,,,,,80.04959626,"[{""adm2_code"":17576,""adm2_name"":""Barpeta""},{""adm2_code"":17578,""adm2_name"":""Darrang""},{""adm2_code"":17582,""adm2_name"":""Golaghat""},{""adm2_code"":17592,""adm2_name"":""Sibsagar""},{""adm2_code"":17593,""adm2_name"":""Sonitpur""},{""adm2_code"":70087,""adm2_name"":""Dhemaji""},{""adm2_code"":70091,""adm2_name"":""Lakhimpur""}]","[{""gid_2"":""IND.4.12_1"",""migration_date"":""2025-12-20"",""migration_method"":""jaccard2"",""name_2"":""Golaghat""},{""gid_2"":""IND.4.20_1"",""migration_date"":""2025-12-20"",""migration_method"":""jaccard2"",""name_2"":""Lakhimpur""},{""gid_2"":""IND.4.24_1"",""migration_date"":""2025-12-20"",""migration_method"":""jaccard2"",""name_2"":""Sivasagar""},{""gid_2"":""IND.4.25_1"",""migration_date"":""2025-12-20"",""migration_method"":""jaccard2"",""name_2"":""Sonitpur""},{""gid_2"":""IND.4.27_1"",""migration_date"":""2025-12-20"",""migration_method"":""puzzle2_2"",""name_2"":""Udalguri""},{""gid_2"":""IND.4.2_1"",""migration_date"":""2025-12-20"",""migration_method"":""jaccard2"",""name_2"":""Barpeta""},{""gid_2"":""IND.4.6_1"",""migration_date"":""2025-12-20"",""migration_method"":""puzzle2_2"",""name_2"":""Darrang""},{""gid_2"":""IND.4.7_1"",""migration_date"":""2025-12-20"",""migration_method"":""jaccard2"",""name_2"":""Dhemaji""}]",2018-09-19,2025-12-20
2018-0370-IND,No,nat-hyd-flo-flo,Natural,Hydrological,Flood,Flood (General),,,IND,India,Southern Asia,Asia,Uttar Pradesh,,,No,No,No,,,Km2,,,,2018,9,1,2018,10,6,46,,,3050,3050,,,,,,,80.04959626,"[{""adm1_code"":70081,""adm1_name"":""Uttar Pradesh""}]","[{""gid_1"":""IND.34_1"",""migration_date"":""2025-12-20"",""migration_method"":""jaccard1"",""name_1"":""Uttar Pradesh""}]",2018-10-11,2025-12-20
2018-0431-IND,No,nat-met-sto-tro,Natural,Meteorological,Storm,Tropical cyclone,GLIDE:TC-2018-000413,Cyclone 'Gaja',IND,India,Southern Asia,Asia,"Tamil Nadu, Nagapattinam, Tiruvarur, Thanjavur, Pudukottai, Dindigul and Ramnad, Chennai, Sivaganga, Theni, Madurai districts",,,No,No,No,,120,Kph,,,,2018,11,16,2018,11,16,45,,500000,,500000,,,,,775000,968150,80.04959626,"[{""adm2_code"":17876,""adm2_name"":""Pudukkottai""},{""adm2_code"":17877,""adm2_name"":""Dindigul""},{""adm2_code"":17878,""adm2_name"":""Ramanathapuram""},{""adm2_code"":17881,""adm2_name"":""Thanjavur""},{""adm2_code"":17882,""adm2_name"":""Sivaganga""},{""adm2_code"":70242,""adm2_name"":""Chennai""},{""adm2_code"":70246,""adm2_name"":""Madurai""},{""adm2_code"":70247,""adm2_name"":""Nagapattinam""},{""adm2_code"":70250,""adm2_name"":""Theni""},{""adm2_code"":70251,""adm2_name"":""Thiruvallur""},{""adm2_code"":70253,""adm2_name"":""Tiruvannamalai""}]","[{""gid_2"":""IND.31.12_1"",""migration_date"":""2025-12-20"",""migration_method"":""jaccard2"",""name_2"":""Madurai""},{""gid_2"":""IND.31.13_1"",""migration_date"":""2025-12-20"",""migration_method"":""puzzle2_2"",""name_2"":""Nagappattinam""},{""gid_2"":""IND.31.16_1"",""migration_date"":""2025-12-20"",""migration_method"":""jaccard2"",""name_2"":""Pudukkottai""},{""gid_2"":""IND.31.17_1"",""migration_date"":""2025-12-20"",""migration_method"":""jaccard2"",""name_2"":""Ramanathapuram""},{""gid_2"":""IND.31.19_1"",""migration_date"":""2025-12-20"",""migration_method"":""jaccard2"",""name_2"":""Sivaganga""},{""gid_2"":""IND.31.20_1"",""migration_date"":""2025-12-20"",""migration_method"":""jaccard2"",""name_2"":""Thanjavur""},{""gid_2"":""IND.31.22_1"",""migration_date"":""2025-12-20"",""migration_method"":""jaccard2"",""name_2"":""Theni""},{""gid_2"":""IND.31.23_1"",""migration_date"":""2025-12-20"",""migration_method"":""jaccard2"",""name_2"":""Thiruvallur""},{""gid_2"":""IND.31.24_1"",""migration_date"":""2025-12-20"",""migration_method"":""puzzle2_2"",""name_2"":""Thiruvarur""},{""gid_2"":""IND.31.29_1"",""migration_date"":""2025-12-20"",""migration_method"":""jaccard2"",""name_2"":""Tiruvannamalai""},{""gid_2"":""IND.31.2_1"",""migration_date"":""2025-12-20"",""migration_method"":""jaccard2"",""name_2"":""Chennai""},{""gid_2"":""IND.31.6_1"",""migration_date"":""2025-12-20"",""migration_method"":""jaccard2"",""name_2"":""Dindigul""}]",2018-11-27,2025-12-20
2019-0288-IND,No,nat-hyd-flo-flo,Natural,Hydrological,Flood,Flood (General),,,IND,India,Southern Asia,Asia,"Mumbai, Pune, Ratnagiri Districts (Maharashtra State)",Monsoon,Broken Dam/Burst bank,No,No,No,,,Km2,,,,2019,6,28,2019,7,4,52,60,,,60,,,,,,,81.50030941,"[{""adm2_code"":17776,""adm2_name"":""Pune""},{""adm2_code"":17778,""adm2_name"":""Ratnagiri""},{""adm2_code"":70184,""adm2_name"":""Mumbai city""}]","[{""gid_2"":""IND.20.17_1"",""migration_date"":""2025-12-20"",""migration_method"":""jaccard2"",""name_2"":""Mumbai City""},{""gid_2"":""IND.20.26_1"",""migration_date"":""2025-12-20"",""migration_method"":""jaccard2"",""name_2"":""Pune""},{""gid_2"":""IND.20.28_1"",""migration_date"":""2025-12-20"",""migration_method"":""jaccard2"",""name_2"":""Ratnagiri""}]",2019-07-05,2025-12-20
2019-0574-IND,No,nat-hyd-flo-flo,Natural,Hydrological,Flood,Flood (General),,,IND,India,Southern Asia,Asia,"Coimbatore, Cuddalore, Nagapattinam, Thoothukkudi Districts (Tamil Nadu); Pudducherry",Heavy rains,,No,No,No,,,Km2,,,,2019,11,29,2019,12,4,27,,25000,,25000,,,,,,,81.50030941,"[{""adm1_code"":70080,""adm1_name"":""Puducherry""},{""adm2_code"":17866,""adm2_name"":""Thoothukudi""},{""adm2_code"":17867,""adm2_name"":""Coimbatore""},{""adm2_code"":70243,""adm2_name"":""Cuddalore""},{""adm2_code"":70247,""adm2_name"":""Nagapattinam""}]","[{""gid_1"":""IND.27_1"",""migration_date"":""2025-12-20"",""migration_method"":""jaccard1"",""name_1"":""Puducherry""},{""gid_2"":""IND.31.13_1"",""migration_date"":""2025-12-20"",""migration_method"":""puzzle2_2"",""name_2"":""Nagappattinam""},{""gid_2"":""IND.31.24_1"",""migration_date"":""2025-12-20"",""migration_method"":""puzzle2_2"",""name_2"":""Thiruvarur""},{""gid_2"":""IND.31.25_1"",""migration_date"":""2025-12-20"",""migration_method"":""jaccard2"",""name_2"":""Thoothukkudi""},{""gid_2"":""IND.31.28_1"",""migration_date"":""2025-12-20"",""migration_method"":""puzzle2_2"",""name_2"":""Tiruppur""},{""gid_2"":""IND.31.3_1"",""migration_date"":""2025-12-20"",""migration_method"":""puzzle2_2"",""name_2"":""Coimbatore""},{""gid_2"":""IND.31.4_1"",""migration_date"":""2025-12-20"",""migration_method"":""jaccard2"",""name_2"":""Cuddalore""}]",2019-12-04,2025-12-20
2020-0217-IND,No,nat-met-sto-tro,Natural,Meteorological,Storm,Tropical cyclone,GLIDE:TC-2020-000145,Cyclone 'Nisarga',IND,India,Southern Asia,Asia,"Raigad, Pune Districts (Maharashtra State)",,,No,No,No,,120,Kph,,,,2020,6,3,2020,6,3,6,,7500,,7500,,,,,820000,993871,82.50568385,"[{""adm2_code"":17776,""adm2_name"":""Pune""},{""adm2_code"":17777,""adm2_name"":""Raigarh""}]","[{""gid_2"":""IND.20.26_1"",""migration_date"":""2025-12-20"",""migration_method"":""jaccard2"",""name_2"":""Pune""},{""gid_2"":""IND.20.27_1"",""migration_date"":""2025-12-20"",""migration_method"":""jaccard2"",""name_2"":""Raigarh""}]",2020-06-05,2025-12-20
2020-0198-IND,No,nat-hyd-flo-flo,Natural,Hydrological,Flood,Flood (General),,,IND,India,Southern Asia,Asia,Uttar Pradesh State,Heavy rains,,No,No,No,,,Km2,,,,2020,5,10,2020,5,13,29,,,,,,,,,10000,12120,82.50568385,"[{""adm1_code"":70081,""adm1_name"":""Uttar Pradesh""}]","[{""gid_1"":""IND.34_1"",""migration_date"":""2025-12-20"",""migration_method"":""jaccard1"",""name_1"":""Uttar Pradesh""}]",2020-05-13,2025-12-20
2020-0220-IND,No,nat-hyd-mmw-lan,Natural,Hydrological,Mass movement (wet),Landslide (wet),,,IND,India,Southern Asia,Asia,"Barak Valley Region (southern Assam State, north-east India); Hailakandi ; Cachar; Karimganj Districts",Heavy ran,,No,No,No,,,,,,,2020,5,27,2020,6,2,21,,155850,,155850,,,,,,,82.50568385,"[{""adm2_code"":17577,""adm2_name"":""Cachar""},{""adm2_code"":17585,""adm2_name"":""Karimganj""},{""adm2_code"":70088,""adm2_name"":""Hailakandi""}]","[{""gid_2"":""IND.4.13_1"",""migration_date"":""2025-12-20"",""migration_method"":""jaccard2"",""name_2"":""Hailakandi""},{""gid_2"":""IND.4.18_1"",""migration_date"":""2025-12-20"",""migration_method"":""jaccard2"",""name_2"":""Karimganj""},{""gid_2"":""IND.4.4_1"",""migration_date"":""2025-12-20"",""migration_method"":""jaccard2"",""name_2"":""Cachar""}]",2020-06-05,2025-12-20
2020-0304-IND,No,nat-hyd-flo-flo,Natural,Hydrological,Flood,Flood (General),,,IND,India,Southern Asia,Asia,"Assam, Bihar, Gujarat, Chhattisgarh, Kerala, Karnataka, Madhya Pradesh, Odisha, Uttar Pradesh, West Bengal, Arunachal Pradesh, Maharashtraa.",Monsoon rain,"Slide (land, mud, snow, rock)",No,No,No,,,Km2,,,,2020,6,,2020,8,16,1922,,1300000,,1300000,,,800000,969630,7500000,9090283,82.50568385,"[{""adm1_code"":1487,""adm1_name"":""Assam""},{""adm1_code"":1491,""adm1_name"":""Gujarat""},{""adm1_code"":1494,""adm1_name"":""Karnataka""},{""adm1_code"":1495,""adm1_name"":""Kerala""},{""adm1_code"":1498,""adm1_name"":""Maharashtra""},{""adm1_code"":1504,""adm1_name"":""Orissa""},{""adm1_code"":1511,""adm1_name"":""West Bengal""},{""adm1_code"":70072,""adm1_name"":""Arunachal Pradesh""},{""adm1_code"":70073,""adm1_name"":""Bihar""},{""adm1_code"":70075,""adm1_name"":""Chhattisgarh""},{""adm1_code"":70079,""adm1_name"":""Madhya Pradesh""},{""adm1_code"":70081,""adm1_name"":""Uttar Pradesh""}]","[{""gid_1"":""IND.11_1"",""migration_date"":""2025-12-20"",""migration_method"":""jaccard1"",""name_1"":""Gujarat""},{""gid_1"":""IND.16_1"",""migration_date"":""2025-12-20"",""migration_method"":""jaccard1"",""name_1"":""Karnataka""},{""gid_1"":""IND.17_1"",""migration_date"":""2025-12-20"",""migration_method"":""jaccard1"",""name_1"":""Kerala""},{""gid_1"":""IND.19_1"",""migration_date"":""2025-12-20"",""migration_method"":""jaccard1"",""name_1"":""Madhya Pradesh""},{""gid_1"":""IND.20_1"",""migration_date"":""2025-12-20"",""migration_method"":""jaccard1"",""name_1"":""Maharashtra""},{""gid_1"":""IND.26_1"",""migration_date"":""2025-12-20"",""migration_method"":""jaccard1"",""name_1"":""Odisha""},{""gid_1"":""IND.34_1"",""migration_date"":""2025-12-20"",""migration_method"":""jaccard1"",""name_1"":""Uttar Pradesh""},{""gid_1"":""IND.36_1"",""migration_date"":""2025-12-20"",""migration_method"":""jaccard1"",""name_1"":""West Bengal""},{""gid_1"":""IND.3_1"",""migration_date"":""2025-12-20"",""migration_method"":""jaccard1"",""name_1"":""Arunachal Pradesh""},{""gid_1"":""IND.4_1"",""migration_date"":""2025-12-20"",""migration_method"":""jaccard1"",""name_1"":""Assam""},{""gid_1"":""IND.5_1"",""migration_date"":""2025-12-20"",""migration_method"":""jaccard1"",""name_1"":""Bihar""},{""gid_1"":""IND.7_1"",""migration_date"":""2025-12-20"",""migration_method"":""jaccard1"",""name_1"":""Chhattisgarh""}]",2020-08-04,2025-12-20
2021-0585-IND,No,nat-hyd-flo-flo,Natural,Hydrological,Flood,Flood (General),,,IND,India,Southern Asia,Asia,"Rajkot, Jamnagar, Porbandar, Valsad, Junagadh districts (Gujarat state)",Heavy rains,Broken Dam/Burst bank,No,No,No,,,Km2,,,,2021,9,13,2021,9,15,7,,850000,,850000,,,,,,,86.38165694,"[{""adm2_code"":17641,""adm2_name"":""Jamnagar""},{""adm2_code"":17642,""adm2_name"":""Junagadh""},{""adm2_code"":17647,""adm2_name"":""Rajkot""},{""adm2_code"":17653,""adm2_name"":""Valsad""},{""adm2_code"":70130,""adm2_name"":""Porbandar""}]","[{""gid_2"":""IND.11.11_1"",""migration_date"":""2025-12-20"",""migration_method"":""puzzle2_2"",""name_2"":""Devbhumi Dwarka""},{""gid_2"":""IND.11.13_1"",""migration_date"":""2025-12-20"",""migration_method"":""puzzle2_2"",""name_2"":""Gir Somnath""},{""gid_2"":""IND.11.14_1"",""migration_date"":""2025-12-20"",""migration_method"":""puzzle2_2"",""name_2"":""Jamnagar""},{""gid_2"":""IND.11.15_1"",""migration_date"":""2025-12-20"",""migration_method"":""puzzle2_2"",""name_2"":""Junagadh""},{""gid_2"":""IND.11.20_1"",""migration_date"":""2025-12-20"",""migration_method"":""puzzle2_2"",""name_2"":""Morbi""},{""gid_2"":""IND.11.25_1"",""migration_date"":""2025-12-20"",""migration_method"":""jaccard2"",""name_2"":""Porbandar""},{""gid_2"":""IND.11.26_1"",""migration_date"":""2025-12-20"",""migration_method"":""puzzle2_2"",""name_2"":""Rajkot""},{""gid_2"":""IND.11.33_1"",""migration_date"":""2025-12-20"",""migration_method"":""jaccard2"",""name_2"":""Valsad""}]",2021-09-15,2025-12-20
2021-0645-IND,No,nat-met-sto-tro,Natural,Meteorological,Storm,Tropical cyclone,,Cyclone 'Shaheen',IND,India,Southern Asia,Asia,"Koraput and Malkangiri (Odisha); Srikakulam, Vizianagaram, Visakhapatnam districts (Andhra Pradesh); Telengana, Maharashtra, Gujarta",,,No,No,No,,,Kph,,,,2021,10,3,2021,10,3,7,,179000,,179000,,,,,,,86.38165694,"[{""adm1_code"":1491,""adm1_name"":""Gujarat""},{""adm1_code"":1498,""adm1_name"":""Maharashtra""},{""adm2_code"":17547,""adm2_name"":""Adilabad""},{""adm2_code"":17553,""adm2_name"":""Hyderabad""},{""adm2_code"":17554,""adm2_name"":""Karimnagar""},{""adm2_code"":17558,""adm2_name"":""Mahbubnagar""},{""adm2_code"":17559,""adm2_name"":""Medak""},{""adm2_code"":17560,""adm2_name"":""Nalgonda""},{""adm2_code"":17562,""adm2_name"":""Nizamabad""},{""adm2_code"":17564,""adm2_name"":""Rangareddi""},{""adm2_code"":17565,""adm2_name"":""Srikakulam""},{""adm2_code"":17566,""adm2_name"":""Vishakhapatnam""},{""adm2_code"":17567,""adm2_name"":""Vizianagaram""},{""adm2_code"":17568,""adm2_name"":""Warangal""},{""adm2_code"":17814,""adm2_name"":""Koraput""},{""adm2_code"":70220,""adm2_name"":""Malkangiri""}]","[{""gid_1"":""IND.11_1"",""migration_date"":""2025-12-20"",""migration_method"":""jaccard1"",""name_1"":""Gujarat""},{""gid_1"":""IND.20_1"",""migration_date"":""2025-12-20"",""migration_method"":""jaccard1"",""name_1"":""Maharashtra""},{""gid_2"":""IND.2.10_1"",""migration_date"":""2025-12-20"",""migration_method"":""jaccard2"",""name_2"":""Visakhapatnam""},{""gid_2"":""IND.2.11_1"",""migration_date"":""2025-12-20"",""migration_method"":""jaccard2"",""name_2"":""Vizianagaram""},{""gid_2"":""IND.2.9_1"",""migration_date"":""2025-12-20"",""migration_method"":""jaccard2"",""name_2"":""Srikakulam""},{""gid_2"":""IND.26.20_1"",""migration_date"":""2025-12-20"",""migration_method"":""jaccard2"",""name_2"":""Koraput""},{""gid_2"":""IND.26.21_1"",""migration_date"":""2025-12-20"",""migration_method"":""jaccard2"",""name_2"":""Malkangiri""},{""gid_2"":""IND.32.10_1"",""migration_date"":""2025-12-20"",""migration_method"":""jaccard2"",""name_2"":""Warangal""},{""gid_2"":""IND.32.1_1"",""migration_date"":""2025-12-20"",""migration_method"":""jaccard2"",""name_2"":""Adilabad""},{""gid_2"":""IND.32.2_1"",""migration_date"":""2025-12-20"",""migration_method"":""jaccard2"",""name_2"":""Hyderabad""},{""gid_2"":""IND.32.3_1"",""migration_date"":""2025-12-20"",""migration_method"":""jaccard2"",""name_2"":""Karimnagar""},{""gid_2"":""IND.32.5_1"",""migration_date"":""2025-12-20"",""migration_method"":""jaccard2"",""name_2"":""Mahbubnagar""},{""gid_2"":""IND.32.6_1"",""migration_date"":""2025-12-20"",""migration_method"":""jaccard2"",""name_2"":""Medak""},{""gid_2"":""IND.32.7_1"",""migration_date"":""2025-12-20"",""migration_method"":""jaccard2"",""name_2"":""Nalgonda""},{""gid_2"":""IND.32.8_1"",""migration_date"":""2025-12-20"",""migration_method"":""jaccard2"",""name_2"":""Nizamabad""},{""gid_2"":""IND.32.9_1"",""migration_date"":""2025-12-20"",""migration_method"":""jaccard2"",""name_2"":""Ranga Reddy""}]",2021-11-05,2025-12-20
2022-0798-IND,No,nat-met-sto-tro,Natural,Meteorological,Storm,Tropical cyclone,,Cyclone 'Mandous',IND,India,Southern Asia,Asia,Tamil Nadu,,,No,No,No,,,Kph,,,,2022,12,9,2022,12,9,,,,,,,,,,,,93.29460735,"[{""adm1_code"":1508,""adm1_name"":""Tamil Nadu""}]","[{""gid_1"":""IND.31_1"",""migration_date"":""2025-12-20"",""migration_method"":""jaccard1"",""name_1"":""Tamil Nadu""}]",2022-12-09,2025-12-20
2023-0459-IND,No,nat-hyd-mmw-lan,Natural,Hydrological,Mass movement (wet),Landslide (wet),,,IND,India,Southern Asia,Asia,"Irshalwadi Village (Raigad District, western Maharashtra State)",Heavy rains,,No,No,No,,,,,,,2023,7,19,2023,7,19,28,,,200,200,,,,,,,97.13499264,"[{""adm2_code"":17777,""adm2_name"":""Raigarh""}]","[{""gid_2"":""IND.20.27_1"",""migration_date"":""2025-12-20"",""migration_method"":""jaccard2"",""name_2"":""Raigarh""}]",2023-07-24,2025-12-20
2000-0358-IND,No,nat-hyd-mmw-lan,Natural,Hydrological,Mass movement (wet),Landslide (wet),,,IND,India,Southern Asia,Asia,"Moradabad, Bijnor districts (Uttar Pradesh province), Uttarakhand province",,,No,No,No,,,,,,,2000,6,,2000,6,,43,,,,,,,,,,,54.89515197,"[{""adm1_code"":70082,""adm1_name"":""Uttarakhand""},{""adm2_code"":17899,""adm2_name"":""Bijnor""},{""adm2_code"":17928,""adm2_name"":""Moradabad""}]","[{""gid_1"":""IND.35_1"",""migration_date"":""2025-12-20"",""migration_method"":""jaccard1"",""name_1"":""Uttarakhand""},{""gid_2"":""IND.34.17_1"",""migration_date"":""2025-12-20"",""migration_method"":""jaccard2"",""name_2"":""Bijnor""},{""gid_2"":""IND.34.57_1"",""migration_date"":""2025-12-20"",""migration_method"":""bufhaus2"",""name_2"":""Moradabad""}]",2003-07-01,2025-12-20
2000-0498-IND,No,nat-hyd-mmw-lan,Natural,Hydrological,Mass movement (wet),Landslide (wet),,,IND,India,Southern Asia,Asia,"Pithoragarh, Naini Tal districts (Uttarakhand province)",,,No,No,No,,,,,,,2000,8,11,2000,8,11,86,,,,,,,,,,,54.89515197,"[{""adm2_code"":17932,""adm2_name"":""Pithoragarh""},{""adm2_code"":70285,""adm2_name"":""Naini Tal""}]","[{""gid_2"":""IND.35.8_1"",""migration_date"":""2025-12-20"",""migration_method"":""jaccard2"",""name_2"":""Nainital""},{""gid_2"":""IND.35.9_1"",""migration_date"":""2025-12-20"",""migration_method"":""jaccard2"",""name_2"":""Pithoragarh""}]",2003-07-01,2025-12-20
2000-0785-IND,No,nat-met-sto-tro,Natural,Meteorological,Storm,Tropical cyclone,,03B,IND,India,Southern Asia,Asia,"Nagappattinam, Thanjavur, Sirkali, Papanasam, Tiruvallur, Tiruvarur areas (Cuddalore district, Tamil Nadu province), Andhra Pradesh province",,,No,No,No,,120,Kph,,,,2000,11,29,2000,11,29,,,30000,,30000,,,,,,,54.89515197,"[{""adm1_code"":1485,""adm1_name"":""Andhra Pradesh""},{""adm2_code"":70243,""adm2_name"":""Cuddalore""}]","[{""gid_1"":""IND.2_1"",""migration_date"":""2025-12-20"",""migration_method"":""puzzle1_1"",""name_1"":""Andhra Pradesh""},{""gid_1"":""IND.32_1"",""migration_date"":""2025-12-20"",""migration_method"":""puzzle1_1"",""name_1"":""Telangana""},{""gid_2"":""IND.31.4_1"",""migration_date"":""2025-12-20"",""migration_method"":""jaccard2"",""name_2"":""Cuddalore""}]",2003-07-01,2025-12-20
2001-0033-IND,No,nat-geo-ear-gro,Natural,Geophysical,Earthquake,Ground movement,USGS:usp000a8ds,,IND,India,Southern Asia,Asia,"Ahmadabad, Amreli, Anand, Banas Kantha, Bharuch, Bhavnagar, Dahdod, Gandhinagar, Jamnagar, Junagadh, Kachchh, Kheda, Mahesana, Navsari, Patan, Porbandar, Rajkot, Sabar Kantha, Surat, Surendranagar, Vadodara districts (Gurajat province)",,,Yes,No,No,118929,7.7,Moment Magnitude,23.419,70.232,,2001,1,26,2001,1,26,20005,166812,4365000,1790000,6321812,,,100000,177159,2623000,4646872,56.44657635,"[{""adm2_code"":17635,""adm2_name"":""Ahmadabad""},{""adm2_code"":17636,""adm2_name"":""Amreli""},{""adm2_code"":17637,""adm2_name"":""Banas Kantha""},{""adm2_code"":17638,""adm2_name"":""Bharuch""},{""adm2_code"":17639,""adm2_name"":""Bhavnagar""},{""adm2_code"":17640,""adm2_name"":""Gandhinagar""},{""adm2_code"":17641,""adm2_name"":""Jamnagar""},{""adm2_code"":17642,""adm2_name"":""Junagadh""},{""adm2_code"":17643,""adm2_name"":""Kachchh""},{""adm2_code"":17644,""adm2_name"":""Kheda""},{""adm2_code"":17645,""adm2_name"":""Mahesana""},{""adm2_code"":17647,""adm2_name"":""Rajkot""},{""adm2_code"":17648,""adm2_name"":""Sabar Kantha""},{""adm2_code"":17649,""adm2_name"":""Surat""},{""adm2_code"":17650,""adm2_name"":""Surendranagar""},{""adm2_code"":17652,""adm2_name"":""Vadodara""},{""adm2_code"":70124,""adm2_name"":""Anand""},{""adm2_code"":70125,""adm2_name"":""Dahod""},{""adm2_code"":70127,""adm2_name"":""Navsari""},{""adm2_code"":70129,""adm2_name"":""Patan""},{""adm2_code"":70130,""adm2_name"":""Porbandar""}]","[{""gid_2"":""IND.11.10_1"",""migration_date"":""2025-12-20"",""migration_method"":""jaccard2"",""name_2"":""Dahod""},{""gid_2"":""IND.11.11_1"",""migration_date"":""2025-12-20"",""migration_method"":""puzzle2_2"",""name_2"":""Devbhumi Dwarka""},{""gid_2"":""IND.11.12_1"",""migration_date"":""2025-12-20"",""migration_method"":""jaccard2"",""name_2"":""Gandhinagar""},{""gid_2"":""IND.11.13_1"",""migration_date"":""2025-12-20"",""migration_method"":""puzzle2_2"",""name_2"":""Gir Somnath""},{""gid_2"":""IND.11.14_1"",""migration_date"":""2025-12-20"",""migration_method"":""puzzle2_2"",""name_2"":""Jamnagar""},{""gid_2"":""IND.11.15_1"",""migration_date"":""2025-12-20"",""migration_method"":""puzzle2_2"",""name_2"":""Junagadh""},{""gid_2"":""IND.11.16_1"",""migration_date"":""2025-12-20"",""migration_method"":""bufhaus2"",""name_2"":""Kachchh""},{""gid_2"":""IND.11.17_1"",""migration_date"":""2025-12-20"",""migration_method"":""jaccard2"",""name_2"":""Kheda""},{""gid_2"":""IND.11.18_1"",""migration_date"":""2025-12-20"",""migration_method"":""jaccard2"",""name_2"":""Mahesana""},{""gid_2"":""IND.11.1_1"",""migration_date"":""2025-12-20"",""migration_method"":""jaccard2"",""name_2"":""Ahmadabad""},{""gid_2"":""IND.11.20_1"",""migration_date"":""2025-12-20"",""migration_method"":""puzzle2_2"",""name_2"":""Morbi""},{""gid_2"":""IND.11.22_1"",""migration_date"":""2025-12-20"",""migration_method"":""jaccard2"",""name_2"":""Navsari""},{""gid_2"":""IND.11.24_1"",""migration_date"":""2025-12-20"",""migration_method"":""jaccard2"",""name_2"":""Patan""},{""gid_2"":""IND.11.25_1"",""migration_date"":""2025-12-20"",""migration_method"":""jaccard2"",""name_2"":""Porbandar""},{""gid_2"":""IND.11.26_1"",""migration_date"":""2025-12-20"",""migration_method"":""puzzle2_2"",""name_2"":""Rajkot""},{""gid_2"":""IND.11.27_1"",""migration_date"":""2025-12-20"",""migration_method"":""puzzle2_2"",""name_2"":""Sabar Kantha""},{""gid_2"":""IND.11.28_1"",""migration_date"":""2025-12-20"",""migration_method"":""puzzle2_2"",""name_2"":""Surat""},{""gid_2"":""IND.11.29_1"",""migration_date"":""2025-12-20"",""migration_method"":""jaccard2"",""name_2"":""Surendranagar""},{""gid_2"":""IND.11.2_1"",""migration_date"":""2025-12-20"",""migration_method"":""jaccard2"",""name_2"":""Amreli""},{""gid_2"":""IND.11.30_1"",""migration_date"":""2025-12-20"",""migration_method"":""puzzle2_2"",""name_2"":""Tapi""},{""gid_2"":""IND.11.32_1"",""migration_date"":""2025-12-20"",""migration_method"":""puzzle2_2"",""name_2"":""Vadodara""},{""gid_2"":""IND.11.3_1"",""migration_date"":""2025-12-20"",""migration_method"":""jaccard2"",""name_2"":""Anand""},{""gid_2"":""IND.11.4_1"",""migration_date"":""2025-12-20"",""migration_method"":""puzzle2_2"",""name_2"":""Aravalli""},{""gid_2"":""IND.11.5_1"",""migration_date"":""2025-12-20"",""migration_method"":""jaccard2"",""name_2"":""Banas Kantha""},{""gid_2"":""IND.11.6_1"",""migration_date"":""2025-12-20"",""migration_method"":""jaccard2"",""name_2"":""Bharuch""},{""gid_2"":""IND.11.7_1"",""migration_date"":""2025-12-20"",""migration_method"":""puzzle2_2"",""name_2"":""Bhavnagar""},{""gid_2"":""IND.11.8_1"",""migration_date"":""2025-12-20"",""migration_method"":""puzzle2_2"",""name_2"":""Botad""},{""gid_2"":""IND.11.9_1"",""migration_date"":""2025-12-20"",""migration_method"":""puzzle2_2"",""name_2"":""Chhota Udaipur""}]",2014-04-04,2025-12-20
2001-0681-IND,No,nat-met-ext-col,Natural,Meteorological,Extreme temperature,Cold wave,,,IND,India,Southern Asia,Asia,"Uttar Pradesh, Rajasthan provinces",,,No,No,No,,,°C,,,,2001,12,,2001,12,,48,,,,,,,,,,,56.44657635,"[{""adm1_code"":1506,""adm1_name"":""Rajasthan""},{""adm1_code"":70081,""adm1_name"":""Uttar Pradesh""}]","[{""gid_1"":""IND.29_1"",""migration_date"":""2025-12-20"",""migration_method"":""jaccard1"",""name_1"":""Rajasthan""},{""gid_1"":""IND.34_1"",""migration_date"":""2025-12-20"",""migration_method"":""jaccard1"",""name_1"":""Uttar Pradesh""}]",2003-07-01,2025-12-20
2002-0290-IND,No,nat-met-ext-hea,Natural,Meteorological,Extreme temperature,Heat wave,,,IND,India,Southern Asia,Asia,"Madhya Pradesh, Andhra Pradesh, Uttar Pradesh, Delhi, Rajasthan, Punjab, Haryana, Orissa, West Bengal provinces",,,No,No,No,,50,°C,,,,2002,5,10,2002,5,22,1030,,,,,,,,,,,57.34184015,"[{""adm1_code"":1485,""adm1_name"":""Andhra Pradesh""},{""adm1_code"":1489,""adm1_name"":""Delhi""},{""adm1_code"":1492,""adm1_name"":""Haryana""},{""adm1_code"":1504,""adm1_name"":""Orissa""},{""adm1_code"":1505,""adm1_name"":""Punjab""},{""adm1_code"":1506,""adm1_name"":""Rajasthan""},{""adm1_code"":1511,""adm1_name"":""West Bengal""},{""adm1_code"":70079,""adm1_name"":""Madhya Pradesh""},{""adm1_code"":70081,""adm1_name"":""Uttar Pradesh""}]","[{""gid_1"":""IND.12_1"",""migration_date"":""2025-12-20"",""migration_method"":""jaccard1"",""name_1"":""Haryana""},{""gid_1"":""IND.19_1"",""migration_date"":""2025-12-20"",""migration_method"":""jaccard1"",""name_1"":""Madhya Pradesh""},{""gid_1"":""IND.25_1"",""migration_date"":""2025-12-20"",""migration_method"":""jaccard1"",""name_1"":""NCT of Delhi""},{""gid_1"":""IND.26_1"",""migration_date"":""2025-12-20"",""migration_method"":""jaccard1"",""name_1"":""Odisha""},{""gid_1"":""IND.28_1"",""migration_date"":""2025-12-20"",""migration_method"":""jaccard1"",""name_1"":""Punjab""},{""gid_1"":""IND.29_1"",""migration_date"":""2025-12-20"",""migration_method"":""jaccard1"",""name_1"":""Rajasthan""},{""gid_1"":""IND.2_1"",""migration_date"":""2025-12-20"",""migration_method"":""puzzle1_1"",""name_1"":""Andhra Pradesh""},{""gid_1"":""IND.32_1"",""migration_date"":""2025-12-20"",""migration_method"":""puzzle1_1"",""name_1"":""Telangana""},{""gid_1"":""IND.34_1"",""migration_date"":""2025-12-20"",""migration_method"":""jaccard1"",""name_1"":""Uttar Pradesh""},{""gid_1"":""IND.36_1"",""migration_date"":""2025-12-20"",""migration_method"":""jaccard1"",""name_1"":""West Bengal""}]",2005-12-12,2025-12-20
2003-0234-IND,No,nat-met-sto-tro,Natural,Meteorological,Storm,Tropical cyclone,,,IND,India,Southern Asia,Asia,"Mekhliganj, Haldibari, Fukaldabri, Nijtaraf, Kasiabari, Bholarhat, Beltali areas (Kochbihar district, West Bengal province)",,,No,No,No,,,Kph,,,,2003,4,12,2003,4,12,,60,,400,460,,,,,,,58.64355298,"[{""adm2_code"":17952,""adm2_name"":""Kochbihar""}]","[{""gid_2"":""IND.36.10_1"",""migration_date"":""2025-12-20"",""migration_method"":""jaccard2"",""name_2"":""Koch Bihar""}]",2003-10-08,2025-12-20
2002-9349-IND,No,nat-cli-dro-dro,Natural,Climatological,Drought,Drought,,,IND,India,Southern Asia,Asia,"Uttar Pradesh, Madhya Pradesh, Rajasthan, Punjab, Haryana, Delhi, Karnataka, Kerala, Nagaland, Orissa, Chhattisgarh, Himachal Pradesh, Gujarat, Maharashtra, Andhra Pradesh, Tamil Nadu provinces",Insufficient and erratic monsoon rain,,No,No,Yes,146,560000,Km2,,,,2002,7,,2002,,,,,300000000,,300000000,,,,,910722,1588233,57.34184015,"[{""adm1_code"":1485,""adm1_name"":""Andhra Pradesh""},{""adm1_code"":1489,""adm1_name"":""Delhi""},{""adm1_code"":1491,""adm1_name"":""Gujarat""},{""adm1_code"":1492,""adm1_name"":""Haryana""},{""adm1_code"":1493,""adm1_name"":""Himachal Pradesh""},{""adm1_code"":1494,""adm1_name"":""Karnataka""},{""adm1_code"":1495,""adm1_name"":""Kerala""},{""adm1_code"":1498,""adm1_name"":""Maharashtra""},{""adm1_code"":1503,""adm1_name"":""Nagaland""},{""adm1_code"":1504,""adm1_name"":""Orissa""},{""adm1_code"":1505,""adm1_name"":""Punjab""},{""adm1_code"":1506,""adm1_name"":""Rajasthan""},{""adm1_code"":1508,""adm1_name"":""Tamil Nadu""},{""adm1_code"":70075,""adm1_name"":""Chhattisgarh""},{""adm1_code"":70079,""adm1_name"":""Madhya Pradesh""},{""adm1_code"":70081,""adm1_name"":""Uttar Pradesh""}]","[{""gid_1"":""IND.11_1"",""migration_date"":""2025-12-20"",""migration_method"":""jaccard1"",""name_1"":""Gujarat""},{""gid_1"":""IND.12_1"",""migration_date"":""2025-12-20"",""migration_method"":""jaccard1"",""name_1"":""Haryana""},{""gid_1"":""IND.13_1"",""migration_date"":""2025-12-20"",""migration_method"":""jaccard1"",""name_1"":""Himachal Pradesh""},{""gid_1"":""IND.16_1"",""migration_date"":""2025-12-20"",""migration_method"":""jaccard1"",""name_1"":""Karnataka""},{""gid_1"":""IND.17_1"",""migration_date"":""2025-12-20"",""migration_method"":""jaccard1"",""name_1"":""Kerala""},{""gid_1"":""IND.19_1"",""migration_date"":""2025-12-20"",""migration_method"":""jaccard1"",""name_1"":""Madhya Pradesh""},{""gid_1"":""IND.20_1"",""migration_date"":""2025-12-20"",""migration_method"":""jaccard1"",""name_1"":""Maharashtra""},{""gid_1"":""IND.24_1"",""migration_date"":""2025-12-20"",""migration_method"":""jaccard1"",""name_1"":""Nagaland""},{""gid_1"":""IND.25_1"",""migration_date"":""2025-12-20"",""migration_method"":""jaccard1"",""name_1"":""NCT of Delhi""},{""gid_1"":""IND.26_1"",""migration_date"":""2025-12-20"",""migration_method"":""jaccard1"",""name_1"":""Odisha""},{""gid_1"":""IND.28_1"",""migration_date"":""2025-12-20"",""migration_method"":""jaccard1"",""name_1"":""Punjab""},{""gid_1"":""IND.29_1"",""migration_date"":""2025-12-20"",""migration_method"":""jaccard1"",""name_1"":""Rajasthan""},{""gid_1"":""IND.2_1"",""migration_date"":""2025-12-20"",""migration_method"":""puzzle1_1"",""name_1"":""Andhra Pradesh""},{""gid_1"":""IND.31_1"",""migration_date"":""2025-12-20"",""migration_method"":""jaccard1"",""name_1"":""Tamil Nadu""},{""gid_1"":""IND.32_1"",""migration_date"":""2025-12-20"",""migration_method"":""puzzle1_1"",""name_1"":""Telangana""},{""gid_1"":""IND.34_1"",""migration_date"":""2025-12-20"",""migration_method"":""jaccard1"",""name_1"":""Uttar Pradesh""},{""gid_1"":""IND.7_1"",""migration_date"":""2025-12-20"",""migration_method"":""jaccard1"",""name_1"":""Chhattisgarh""}]",2008-01-03,2025-12-20
2003-0089-IND,No,nat-met-sto-sto,Natural,Meteorological,Storm,Storm (General),,,IND,India,Southern Asia,Asia,Betul district (Madhya Pradesh province),,,No,No,No,,,Kph,,,,2003,2,17,2003,2,17,20,,,200,200,,,,,,,58.64355298,"[{""adm2_code"":17714,""adm2_name"":""Betul""}]","[{""gid_2"":""IND.19.7_1"",""migration_date"":""2025-12-20"",""migration_method"":""jaccard2"",""name_2"":""Betul""}]",2003-09-05,2025-12-20
2003-0099-IND,No,nat-met-sto-sto,Natural,Meteorological,Storm,Storm (General),,,IND,India,Southern Asia,Asia,"Jammu and Kashmir (40424 to 40431), Punjab, Haryana provinces",,Hail,No,No,No,,,Kph,,,,2003,2,19,2003,2,19,14,4,,,4,,,,,,,58.64355298,"[{""adm1_code"":1492,""adm1_name"":""Haryana""},{""adm1_code"":1505,""adm1_name"":""Punjab""},{""adm1_code"":40424,""adm1_name"":""Administrative unit not available""},{""adm1_code"":40425,""adm1_name"":""Administrative unit not available""},{""adm1_code"":40426,""adm1_name"":""Administrative unit not available""},{""adm1_code"":40427,""adm1_name"":""Administrative unit not available""},{""adm1_code"":40428,""adm1_name"":""Administrative unit not available""},{""adm1_code"":40429,""adm1_name"":""Administrative unit not available""},{""adm1_code"":40430,""adm1_name"":""Administrative unit not available""},{""adm1_code"":40431,""adm1_name"":""Administrative unit not available""}]","[{""gid_1"":""IND.12_1"",""migration_date"":""2025-12-20"",""migration_method"":""jaccard1"",""name_1"":""Haryana""},{""gid_1"":""IND.28_1"",""migration_date"":""2025-12-20"",""migration_method"":""jaccard1"",""name_1"":""Punjab""},{""gid_2"":""Z01.14.10_1"",""migration_date"":""2025-12-20"",""migration_method"":""puzzle1_2"",""name_2"":""Kishtwar""},{""gid_2"":""Z01.14.12_1"",""migration_date"":""2025-12-20"",""migration_method"":""puzzle1_2"",""name_2"":""Kupwara""},{""gid_2"":""Z01.14.14_1"",""migration_date"":""2025-12-20"",""migration_method"":""puzzle1_2"",""name_2"":""Poonch""},{""gid_2"":""Z01.14.16_1"",""migration_date"":""2025-12-20"",""migration_method"":""puzzle1_2"",""name_2"":""Rajouri""},{""gid_2"":""Z01.14.17_1"",""migration_date"":""2025-12-20"",""migration_method"":""puzzle1_2"",""name_2"":""Ramban""},{""gid_2"":""Z01.14.18_1"",""migration_date"":""2025-12-20"",""migration_method"":""puzzle1_2"",""name_2"":""Reasi""},{""gid_2"":""Z01.14.19_1"",""migration_date"":""2025-12-20"",""migration_method"":""puzzle1_2"",""name_2"":""Samba""},{""gid_2"":""Z01.14.21_1"",""migration_date"":""2025-12-20"",""migration_method"":""puzzle1_2"",""name_2"":""Srinagar""},{""gid_2"":""Z01.14.22_1"",""migration_date"":""2025-12-20"",""migration_method"":""puzzle1_2"",""name_2"":""Udhampur""},{""gid_2"":""Z01.14.2_1"",""migration_date"":""2025-12-20"",""migration_method"":""puzzle1_2"",""name_2"":""Badgam""},{""gid_2"":""Z01.14.3_1"",""migration_date"":""2025-12-20"",""migration_method"":""puzzle1_2"",""name_2"":""Bandipore""},{""gid_2"":""Z01.14.4_1"",""migration_date"":""2025-12-20"",""migration_method"":""puzzle1_2"",""name_2"":""Baramulla""},{""gid_2"":""Z01.14.5_1"",""migration_date"":""2025-12-20"",""migration_method"":""puzzle1_2"",""name_2"":""Doda""},{""gid_2"":""Z01.14.6_1"",""migration_date"":""2025-12-20"",""migration_method"":""puzzle1_2"",""name_2"":""Ganderbal""},{""gid_2"":""Z01.14.7_1"",""migration_date"":""2025-12-20"",""migration_method"":""puzzle1_2"",""name_2"":""Jammu""},{""gid_2"":""Z01.14.9_1"",""migration_date"":""2025-12-20"",""migration_method"":""puzzle1_2"",""name_2"":""Kathua""}]",2003-09-05,2025-12-20
2003-0134-IND,No,nat-met-sto-hai,Natural,Meteorological,Storm,Hail,,,IND,India,Southern Asia,Asia,"Bankura, Hugli, Haora districts (West Bengal province)",,,No,No,No,,,Kph,,,,2003,3,12,2003,3,12,30,500,294765,190645,485910,,,,,16000,27283,58.64355298,"[{""adm2_code"":17945,""adm2_name"":""Bankura""},{""adm2_code"":17949,""adm2_name"":""Haora""},{""adm2_code"":17950,""adm2_name"":""Hugli""}]","[{""gid_2"":""IND.36.2_1"",""migration_date"":""2025-12-20"",""migration_method"":""jaccard2"",""name_2"":""Bankura""},{""gid_2"":""IND.36.7_1"",""migration_date"":""2025-12-20"",""migration_method"":""jaccard2"",""name_2"":""Haora""},{""gid_2"":""IND.36.8_1"",""migration_date"":""2025-12-20"",""migration_method"":""jaccard2"",""name_2"":""Hugli""}]",2003-10-03,2025-12-20
2003-0636-IND,No,nat-met-ext-col,Natural,Meteorological,Extreme temperature,Cold wave,,,IND,India,Southern Asia,Asia,"Uttar Pradesh, Himachal Pradesh, Haryana, Jammu and Kashmir provinces",,,No,No,No,,,°C,,,,2003,12,15,2004,1,,400,,,,,,,,,,,58.64355298,"[{""adm1_code"":1492,""adm1_name"":""Haryana""},{""adm1_code"":1493,""adm1_name"":""Himachal Pradesh""},{""adm1_code"":40408,""adm1_name"":""Administrative unit not available""},{""adm1_code"":40409,""adm1_name"":""Administrative unit not available""},{""adm1_code"":40422,""adm1_name"":""Administrative unit not available""},{""adm1_code"":40423,""adm1_name"":""Administrative unit not available""},{""adm1_code"":40424,""adm1_name"":""Administrative unit not available""},{""adm1_code"":40425,""adm1_name"":""Administrative unit not available""},{""adm1_code"":40426,""adm1_name"":""Administrative unit not available""},{""adm1_code"":40427,""adm1_name"":""Administrative unit not available""},{""adm1_code"":40428,""adm1_name"":""Administrative unit not available""},{""adm1_code"":40429,""adm1_name"":""Administrative unit not available""},{""adm1_code"":40430,""adm1_name"":""Administrative unit not available""},{""adm1_code"":40431,""adm1_name"":""Administrative unit not available""},{""adm1_code"":70081,""adm1_name"":""Uttar Pradesh""}]","[{""gid_1"":""IND.12_1"",""migration_date"":""2025-12-20"",""migration_method"":""jaccard1"",""name_1"":""Haryana""},{""gid_1"":""IND.13_1"",""migration_date"":""2025-12-20"",""migration_method"":""jaccard1"",""name_1"":""Himachal Pradesh""},{""gid_1"":""IND.34_1"",""migration_date"":""2025-12-20"",""migration_method"":""jaccard1"",""name_1"":""Uttar Pradesh""},{""gid_1"":""Z06.1_1"",""migration_date"":""2025-12-20"",""migration_method"":""jaccard1"",""name_1"":""Azad Kashmir""},{""gid_1"":""Z06.6_1"",""migration_date"":""2025-12-20"",""migration_method"":""jaccard1"",""name_1"":""Gilgit-Baltistan""},{""gid_2"":""Z01.14.10_1"",""migration_date"":""2025-12-20"",""migration_method"":""puzzle1_2"",""name_2"":""Kishtwar""},{""gid_2"":""Z01.14.12_1"",""migration_date"":""2025-12-20"",""migration_method"":""puzzle1_2"",""name_2"":""Kupwara""},{""gid_2"":""Z01.14.13_1"",""migration_date"":""2025-12-20"",""migration_method"":""puzzle1_2"",""name_2"":""Leh (Ladakh)""},{""gid_2"":""Z01.14.14_1"",""migration_date"":""2025-12-20"",""migration_method"":""puzzle1_2"",""name_2"":""Poonch""},{""gid_2"":""Z01.14.16_1"",""migration_date"":""2025-12-20"",""migration_method"":""puzzle1_2"",""name_2"":""Rajouri""},{""gid_2"":""Z01.14.17_1"",""migration_date"":""2025-12-20"",""migration_method"":""puzzle1_2"",""name_2"":""Ramban""},{""gid_2"":""Z01.14.18_1"",""migration_date"":""2025-12-20"",""migration_method"":""puzzle1_2"",""name_2"":""Reasi""},{""gid_2"":""Z01.14.19_1"",""migration_date"":""2025-12-20"",""migration_method"":""puzzle1_2"",""name_2"":""Samba""},{""gid_2"":""Z01.14.21_1"",""migration_date"":""2025-12-20"",""migration_method"":""puzzle1_2"",""name_2"":""Srinagar""},{""gid_2"":""Z01.14.22_1"",""migration_date"":""2025-12-20"",""migration_method"":""puzzle1_2"",""name_2"":""Udhampur""},{""gid_2"":""Z01.14.2_1"",""migration_date"":""2025-12-20"",""migration_method"":""puzzle1_2"",""name_2"":""Badgam""},{""gid_2"":""Z01.14.3_1"",""migration_date"":""2025-12-20"",""migration_method"":""puzzle1_2"",""name_2"":""Bandipore""},{""gid_2"":""Z01.14.4_1"",""migration_date"":""2025-12-20"",""migration_method"":""puzzle1_2"",""name_2"":""Baramulla""},{""gid_2"":""Z01.14.5_1"",""migration_date"":""2025-12-20"",""migration_method"":""puzzle1_2"",""name_2"":""Doda""},{""gid_2"":""Z01.14.6_1"",""migration_date"":""2025-12-20"",""migration_method"":""puzzle1_2"",""name_2"":""Ganderbal""},{""gid_2"":""Z01.14.7_1"",""migration_date"":""2025-12-20"",""migration_method"":""puzzle1_2"",""name_2"":""Jammu""},{""gid_2"":""Z01.14.8_1"",""migration_date"":""2025-12-20"",""migration_method"":""puzzle1_2"",""name_2"":""Kargil""},{""gid_2"":""Z01.14.9_1"",""migration_date"":""2025-12-20"",""migration_method"":""puzzle1_2"",""name_2"":""Kathua""}]",2004-01-16,2025-12-20
2003-0683-IND,No,nat-hyd-flo-riv,Natural,Hydrological,Flood,Riverine flood,,,IND,India,Southern Asia,Asia,"Cuttack, Jagatsinghpur, Kendrapara, Jajpur, Puri, Bolangir, Sonepur, Kalahandi, Rayagada, Gajapati, Baragarh, Koraput, Nayagarh, Ganjam, Angul districts (Orissa province)",Monsoonal rain,,No,No,No,,117900,Km2,,,"Mahanadi and tributaries, Naraj river delta",2003,8,27,2003,10,20,67,,3000000,,3000000,,,,,169000,288182,58.64355298,"[{""adm2_code"":17809,""adm2_name"":""Cuttack""},{""adm2_code"":17811,""adm2_name"":""Ganjam""},{""adm2_code"":17812,""adm2_name"":""Kalahandi""},{""adm2_code"":17814,""adm2_name"":""Koraput""},{""adm2_code"":17818,""adm2_name"":""Puri""},{""adm2_code"":70206,""adm2_name"":""Angul""},{""adm2_code"":70208,""adm2_name"":""Baragarh""},{""adm2_code"":70210,""adm2_name"":""Bolangir""},{""adm2_code"":70213,""adm2_name"":""Gajapati""},{""adm2_code"":70214,""adm2_name"":""Jagatsinghpur""},{""adm2_code"":70215,""adm2_name"":""Jajpur""},{""adm2_code"":70218,""adm2_name"":""Kendrapara""},{""adm2_code"":70222,""adm2_name"":""Nayagarh""},{""adm2_code"":70224,""adm2_name"":""Rayagada""},{""adm2_code"":70225,""adm2_name"":""Sonepur""}]","[{""gid_2"":""IND.26.10_1"",""migration_date"":""2025-12-20"",""migration_method"":""jaccard2"",""name_2"":""Gajapati""},{""gid_2"":""IND.26.11_1"",""migration_date"":""2025-12-20"",""migration_method"":""jaccard2"",""name_2"":""Ganjam""},{""gid_2"":""IND.26.12_1"",""migration_date"":""2025-12-20"",""migration_method"":""jaccard2"",""name_2"":""Jagatsinghapur""},{""gid_2"":""IND.26.13_1"",""migration_date"":""2025-12-20"",""migration_method"":""jaccard2"",""name_2"":""Jajapur""},{""gid_2"":""IND.26.15_1"",""migration_date"":""2025-12-20"",""migration_method"":""jaccard2"",""name_2"":""Kalahandi""},{""gid_2"":""IND.26.17_1"",""migration_date"":""2025-12-20"",""migration_method"":""jaccard2"",""name_2"":""Kendrapara""},{""gid_2"":""IND.26.1_1"",""migration_date"":""2025-12-20"",""migration_method"":""jaccard2"",""name_2"":""Anugul""},{""gid_2"":""IND.26.20_1"",""migration_date"":""2025-12-20"",""migration_method"":""jaccard2"",""name_2"":""Koraput""},{""gid_2"":""IND.26.24_1"",""migration_date"":""2025-12-20"",""migration_method"":""jaccard2"",""name_2"":""Nayagarh""},{""gid_2"":""IND.26.26_1"",""migration_date"":""2025-12-20"",""migration_method"":""jaccard2"",""name_2"":""Puri""},{""gid_2"":""IND.26.27_1"",""migration_date"":""2025-12-20"",""migration_method"":""jaccard2"",""name_2"":""Rayagada""},{""gid_2"":""IND.26.29_1"",""migration_date"":""2025-12-20"",""migration_method"":""jaccard2"",""name_2"":""Subarnapur""},{""gid_2"":""IND.26.2_1"",""migration_date"":""2025-12-20"",""migration_method"":""jaccard2"",""name_2"":""Balangir""},{""gid_2"":""IND.26.4_1"",""migration_date"":""2025-12-20"",""migration_method"":""jaccard2"",""name_2"":""Bargarh""},{""gid_2"":""IND.26.7_1"",""migration_date"":""2025-12-20"",""migration_method"":""jaccard2"",""name_2"":""Cuttack""}]",2004-02-11,2025-12-20
2003-0719-IND,No,nat-hyd-flo-fla,Natural,Hydrological,Flood,Flash flood,,,IND,India,Southern Asia,Asia,Kullu district (Himachal Pradesh province),Torrential rain,,No,No,No,,,Km2,,,Parvati,2003,7,16,2003,7,16,150,30,,,30,,,,,,,58.64355298,"[{""adm2_code"":17671,""adm2_name"":""Kullu""}]","[{""gid_2"":""IND.13.6_1"",""migration_date"":""2025-12-20"",""migration_method"":""jaccard2"",""name_2"":""Kullu""}]",2004-02-18,2025-12-20
2003-0720-IND,No,nat-hyd-flo-fla,Natural,Hydrological,Flood,Flash flood,,,IND,India,Southern Asia,Asia,"Solang village (Kullu district, Himachal Pradesh)",,"Slide (land, mud, snow, rock)",No,No,No,,,Km2,,,,2003,8,7,2003,8,7,43,15,,,15,,,,,,,58.64355298,"[{""adm2_code"":17671,""adm2_name"":""Kullu""}]","[{""gid_2"":""IND.13.6_1"",""migration_date"":""2025-12-20"",""migration_method"":""jaccard2"",""name_2"":""Kullu""}]",2004-02-18,2025-12-20
2004-0298-IND,No,nat-hyd-flo-riv,Natural,Hydrological,Flood,Riverine flood,,,IND,India,Southern Asia,Asia,"Darbhanga, Madhubani, Sitamarhi, Banka, Bhagalpur, Muzaffarpur, Sheohar districts (Bihar province), West Tripura, South Tripura districts (Tripura province), Kamrup, Nalbari, Darrang, Sonitpur, Dhemaji, Lakhimpur districts (Assam province), Gujarat, Jammu and Kashmir provinces",Monsoonal rain,,No,No,No,3470,,Km2,,,"Chanan, Gerua, Cheer, Kiul, Bagmati, Lakhandai, Sakri, Bhutahi Balan, Kosi, Gandak, Burhi, Brahmaputra, Howrah, Khowai",2004,6,20,2004,8,,900,,33000000,,33000000,,,,,2500000,4151887,60.21357973,"[{""adm1_code"":1491,""adm1_name"":""Gujarat""},{""adm1_code"":40422,""adm1_name"":""Administrative unit not available""},{""adm1_code"":40423,""adm1_name"":""Administrative unit not available""},{""adm1_code"":40424,""adm1_name"":""Administrative unit not available""},{""adm1_code"":40425,""adm1_name"":""Administrative unit not available""},{""adm1_code"":40426,""adm1_name"":""Administrative unit not available""},{""adm1_code"":40427,""adm1_name"":""Administrative unit not available""},{""adm1_code"":40428,""adm1_name"":""Administrative unit not available""},{""adm1_code"":40429,""adm1_name"":""Administrative unit not available""},{""adm1_code"":40430,""adm1_name"":""Administrative unit not available""},{""adm1_code"":40431,""adm1_name"":""Administrative unit not available""},{""adm2_code"":17578,""adm2_name"":""Darrang""},{""adm2_code"":17583,""adm2_name"":""Kamrup""},{""adm2_code"":17590,""adm2_name"":""Nalbari""},{""adm2_code"":17593,""adm2_name"":""Sonitpur""},{""adm2_code"":70087,""adm2_name"":""Dhemaji""},{""adm2_code"":70091,""adm2_name"":""Lakhimpur""},{""adm2_code"":17886,""adm2_name"":""South Tripura""},{""adm2_code"":17887,""adm2_name"":""West Tripura""},{""adm2_code"":17596,""adm2_name"":""Bhagalpur""},{""adm2_code"":17598,""adm2_name"":""Darbhanga""},{""adm2_code"":17611,""adm2_name"":""Madhubani""},{""adm2_code"":17613,""adm2_name"":""Muzaffarpur""},{""adm2_code"":17630,""adm2_name"":""Sitamarhi""},{""adm2_code"":70095,""adm2_name"":""Banka""},{""adm2_code"":70103,""adm2_name"":""Sheohar""}]","[{""gid_1"":""IND.11_1"",""migration_date"":""2025-12-20"",""migration_method"":""jaccard1"",""name_1"":""Gujarat""},{""gid_1"":""IND.4_1"",""migration_date"":""2025-12-20"",""migration_method"":""parent2_1"",""name_1"":""Assam""},{""gid_2"":""IND.33.2_1"",""migration_date"":""2025-12-20"",""migration_method"":""puzzle2_2"",""name_2"":""Gomati""},{""gid_2"":""IND.33.3_1"",""migration_date"":""2025-12-20"",""migration_method"":""puzzle2_2"",""name_2"":""Khowai""},{""gid_2"":""IND.33.5_1"",""migration_date"":""2025-12-20"",""migration_method"":""puzzle2_2"",""name_2"":""Sipahijala""},{""gid_2"":""IND.33.6_1"",""migration_date"":""2025-12-20"",""migration_method"":""puzzle2_2"",""name_2"":""South Tripura""},{""gid_2"":""IND.33.8_1"",""migration_date"":""2025-12-20"",""migration_method"":""puzzle2_2"",""name_2"":""West Tripura""},{""gid_2"":""IND.5.20_1"",""migration_date"":""2025-12-20"",""migration_method"":""jaccard2"",""name_2"":""Madhubani""},{""gid_2"":""IND.5.22_1"",""migration_date"":""2025-12-20"",""migration_method"":""jaccard2"",""name_2"":""Muzaffarpur""},{""gid_2"":""IND.5.34_1"",""migration_date"":""2025-12-20"",""migration_method"":""jaccard2"",""name_2"":""Sheohar""},{""gid_2"":""IND.5.35_1"",""migration_date"":""2025-12-20"",""migration_method"":""jaccard2"",""name_2"":""Sitamarhi""},{""gid_2"":""IND.5.4_1"",""migration_date"":""2025-12-20"",""migration_method"":""jaccard2"",""name_2"":""Banka""},{""gid_2"":""IND.5.6_1"",""migration_date"":""2025-12-20"",""migration_method"":""jaccard2"",""name_2"":""Bhagalpur""},{""gid_2"":""IND.5.9_1"",""migration_date"":""2025-12-20"",""migration_method"":""jaccard2"",""name_2"":""Darbhanga""},{""gid_2"":""Z01.14.10_1"",""migration_date"":""2025-12-20"",""migration_method"":""puzzle1_2"",""name_2"":""Kishtwar""},{""gid_2"":""Z01.14.12_1"",""migration_date"":""2025-12-20"",""migration_method"":""puzzle1_2"",""name_2"":""Kupwara""},{""gid_2"":""Z01.14.13_1"",""migration_date"":""2025-12-20"",""migration_method"":""puzzle1_2"",""name_2"":""Leh (Ladakh)""},{""gid_2"":""Z01.14.14_1"",""migration_date"":""2025-12-20"",""migration_method"":""puzzle1_2"",""name_2"":""Poonch""},{""gid_2"":""Z01.14.16_1"",""migration_date"":""2025-12-20"",""migration_method"":""puzzle1_2"",""name_2"":""Rajouri""},{""gid_2"":""Z01.14.17_1"",""migration_date"":""2025-12-20"",""migration_method"":""puzzle1_2"",""name_2"":""Ramban""},{""gid_2"":""Z01.14.18_1"",""migration_date"":""2025-12-20"",""migration_method"":""puzzle1_2"",""name_2"":""Reasi""},{""gid_2"":""Z01.14.19_1"",""migration_date"":""2025-12-20"",""migration_method"":""puzzle1_2"",""name_2"":""Samba""},{""gid_2"":""Z01.14.21_1"",""migration_date"":""2025-12-20"",""migration_method"":""puzzle1_2"",""name_2"":""Srinagar""},{""gid_2"":""Z01.14.22_1"",""migration_date"":""2025-12-20"",""migration_method"":""puzzle1_2"",""name_2"":""Udhampur""},{""gid_2"":""Z01.14.2_1"",""migration_date"":""2025-12-20"",""migration_method"":""puzzle1_2"",""name_2"":""Badgam""},{""gid_2"":""Z01.14.3_1"",""migration_date"":""2025-12-20"",""migration_method"":""puzzle1_2"",""name_2"":""Bandipore""},{""gid_2"":""Z01.14.4_1"",""migration_date"":""2025-12-20"",""migration_method"":""puzzle1_2"",""name_2"":""Baramulla""},{""gid_2"":""Z01.14.5_1"",""migration_date"":""2025-12-20"",""migration_method"":""puzzle1_2"",""name_2"":""Doda""},{""gid_2"":""Z01.14.6_1"",""migration_date"":""2025-12-20"",""migration_method"":""puzzle1_2"",""name_2"":""Ganderbal""},{""gid_2"":""Z01.14.7_1"",""migration_date"":""2025-12-20"",""migration_method"":""puzzle1_2"",""name_2"":""Jammu""},{""gid_2"":""Z01.14.8_1"",""migration_date"":""2025-12-20"",""migration_method"":""puzzle1_2"",""name_2"":""Kargil""},{""gid_2"":""Z01.14.9_1"",""migration_date"":""2025-12-20"",""migration_method"":""puzzle1_2"",""name_2"":""Kathua""}]",2005-12-01,2025-12-20
2004-0489-IND,No,nat-hyd-flo-fla,Natural,Hydrological,Flood,Flash flood,,,IND,India,Southern Asia,Asia,"Uttar Pradesh, Himachal Pradesh provinces",Torrential rain,,No,No,No,,,Km2,,,,2004,9,20,2004,9,22,33,,,,,,,,,,,60.21357973,"[{""adm1_code"":1493,""adm1_name"":""Himachal Pradesh""},{""adm1_code"":70081,""adm1_name"":""Uttar Pradesh""}]","[{""gid_1"":""IND.13_1"",""migration_date"":""2025-12-20"",""migration_method"":""jaccard1"",""name_1"":""Himachal Pradesh""},{""gid_1"":""IND.34_1"",""migration_date"":""2025-12-20"",""migration_method"":""jaccard1"",""name_1"":""Uttar Pradesh""}]",2004-09-24,2025-12-20
2005-0191-IND,No,nat-met-sto-sto,Natural,Meteorological,Storm,Storm (General),,,IND,India,Southern Asia,Asia,"Barddhaman, North 24 Parganas, South 24 Parganas districts (West Bengal province)",,Hail|Rain,No,No,No,,,Kph,,,,2005,3,23,2005,3,24,18,50,,7500,7550,,,,,,,62.25647853,"[{""adm2_code"":17946,""adm2_name"":""Barddhaman""},{""adm2_code"":70293,""adm2_name"":""North 24 Parganas""},{""adm2_code"":70294,""adm2_name"":""South 24 Parganas""}]","[{""gid_2"":""IND.36.15_1"",""migration_date"":""2025-12-20"",""migration_method"":""jaccard2"",""name_2"":""North 24 Parganas""},{""gid_2"":""IND.36.19_1"",""migration_date"":""2025-12-20"",""migration_method"":""jaccard2"",""name_2"":""South 24 Parganas""},{""gid_2"":""IND.36.3_1"",""migration_date"":""2025-12-20"",""migration_method"":""jaccard2"",""name_2"":""Barddhaman""}]",2005-04-11,2025-12-20
2005-0314-IND,No,nat-hyd-flo-riv,Natural,Hydrological,Flood,Riverine flood,,,IND,India,Southern Asia,Asia,Mokokchung district (Nagaland province),Heavy rains,"Slide (land, mud, snow, rock)",No,No,No,,,Km2,,,,2005,5,27,2005,5,27,14,12,,,12,,,,,,,62.25647853,"[{""adm2_code"":17802,""adm2_name"":""Mokokchung""}]","[{""gid_2"":""IND.24.5_1"",""migration_date"":""2025-12-20"",""migration_method"":""jaccard2"",""name_2"":""Mokokchung""}]",2005-07-25,2025-12-20
2005-0335-IND,No,nat-hyd-flo-riv,Natural,Hydrological,Flood,Riverine flood,GLIDE:FL-2005-000104,,IND,India,Southern Asia,Asia,"Surat, Valsad, Navsari, Bharuch, Vadodara, Surendranagar, The Dangs, Ahmedabad, Anand, Kheda, Amreli, Bhavnagar, Junagadh, Rajkot, Narmada, Jamnagar, Gandhinagar, Sabarkantha districts (Gujarat province)",Heavy rains,,No,No,No,,,Km2,,,"Vishwamitry, Purnea, Auranga, Wanki, Ambika, Kaveri, Kharera",2005,6,28,2005,7,15,239,,405000,,405000,,,156000,250576,2300000,3694395,62.25647853,"[{""adm2_code"":17635,""adm2_name"":""Ahmadabad""},{""adm2_code"":17636,""adm2_name"":""Amreli""},{""adm2_code"":17638,""adm2_name"":""Bharuch""},{""adm2_code"":17639,""adm2_name"":""Bhavnagar""},{""adm2_code"":17640,""adm2_name"":""Gandhinagar""},{""adm2_code"":17641,""adm2_name"":""Jamnagar""},{""adm2_code"":17642,""adm2_name"":""Junagadh""},{""adm2_code"":17644,""adm2_name"":""Kheda""},{""adm2_code"":17647,""adm2_name"":""Rajkot""},{""adm2_code"":17648,""adm2_name"":""Sabar Kantha""},{""adm2_code"":17649,""adm2_name"":""Surat""},{""adm2_code"":17650,""adm2_name"":""Surendranagar""},{""adm2_code"":17651,""adm2_name"":""The Dangs""},{""adm2_code"":17652,""adm2_name"":""Vadodara""},{""adm2_code"":17653,""adm2_name"":""Valsad""},{""adm2_code"":70124,""adm2_name"":""Anand""},{""adm2_code"":70126,""adm2_name"":""Narmada""},{""adm2_code"":70127,""adm2_name"":""Navsari""}]","[{""gid_2"":""IND.11.11_1"",""migration_date"":""2025-12-20"",""migration_method"":""puzzle2_2"",""name_2"":""Devbhumi Dwarka""},{""gid_2"":""IND.11.12_1"",""migration_date"":""2025-12-20"",""migration_method"":""jaccard2"",""name_2"":""Gandhinagar""},{""gid_2"":""IND.11.13_1"",""migration_date"":""2025-12-20"",""migration_method"":""puzzle2_2"",""name_2"":""Gir Somnath""},{""gid_2"":""IND.11.14_1"",""migration_date"":""2025-12-20"",""migration_method"":""puzzle2_2"",""name_2"":""Jamnagar""},{""gid_2"":""IND.11.15_1"",""migration_date"":""2025-12-20"",""migration_method"":""puzzle2_2"",""name_2"":""Junagadh""},{""gid_2"":""IND.11.17_1"",""migration_date"":""2025-12-20"",""migration_method"":""jaccard2"",""name_2"":""Kheda""},{""gid_2"":""IND.11.1_1"",""migration_date"":""2025-12-20"",""migration_method"":""jaccard2"",""name_2"":""Ahmadabad""},{""gid_2"":""IND.11.20_1"",""migration_date"":""2025-12-20"",""migration_method"":""puzzle2_2"",""name_2"":""Morbi""},{""gid_2"":""IND.11.21_1"",""migration_date"":""2025-12-20"",""migration_method"":""jaccard2"",""name_2"":""Narmada""},{""gid_2"":""IND.11.22_1"",""migration_date"":""2025-12-20"",""migration_method"":""jaccard2"",""name_2"":""Navsari""},{""gid_2"":""IND.11.26_1"",""migration_date"":""2025-12-20"",""migration_method"":""puzzle2_2"",""name_2"":""Rajkot""},{""gid_2"":""IND.11.27_1"",""migration_date"":""2025-12-20"",""migration_method"":""puzzle2_2"",""name_2"":""Sabar Kantha""},{""gid_2"":""IND.11.28_1"",""migration_date"":""2025-12-20"",""migration_method"":""puzzle2_2"",""name_2"":""Surat""},{""gid_2"":""IND.11.29_1"",""migration_date"":""2025-12-20"",""migration_method"":""jaccard2"",""name_2"":""Surendranagar""},{""gid_2"":""IND.11.2_1"",""migration_date"":""2025-12-20"",""migration_method"":""jaccard2"",""name_2"":""Amreli""},{""gid_2"":""IND.11.30_1"",""migration_date"":""2025-12-20"",""migration_method"":""puzzle2_2"",""name_2"":""Tapi""},{""gid_2"":""IND.11.31_1"",""migration_date"":""2025-12-20"",""migration_method"":""jaccard2"",""name_2"":""The Dangs""},{""gid_2"":""IND.11.32_1"",""migration_date"":""2025-12-20"",""migration_method"":""puzzle2_2"",""name_2"":""Vadodara""},{""gid_2"":""IND.11.33_1"",""migration_date"":""2025-12-20"",""migration_method"":""jaccard2"",""name_2"":""Valsad""},{""gid_2"":""IND.11.3_1"",""migration_date"":""2025-12-20"",""migration_method"":""jaccard2"",""name_2"":""Anand""},{""gid_2"":""IND.11.4_1"",""migration_date"":""2025-12-20"",""migration_method"":""puzzle2_2"",""name_2"":""Aravalli""},{""gid_2"":""IND.11.6_1"",""migration_date"":""2025-12-20"",""migration_method"":""jaccard2"",""name_2"":""Bharuch""},{""gid_2"":""IND.11.7_1"",""migration_date"":""2025-12-20"",""migration_method"":""puzzle2_2"",""name_2"":""Bhavnagar""},{""gid_2"":""IND.11.8_1"",""migration_date"":""2025-12-20"",""migration_method"":""puzzle2_2"",""name_2"":""Botad""},{""gid_2"":""IND.11.9_1"",""migration_date"":""2025-12-20"",""migration_method"":""puzzle2_2"",""name_2"":""Chhota Udaipur""}]",2006-01-18,2025-12-20
2005-0457-IND,No,nat-hyd-mmw-lan,Natural,Hydrological,Mass movement (wet),Landslide (wet),,,IND,India,Southern Asia,Asia,"Guwahati city (Kamrup district, Assam province)",Monsoonal rain,,No,No,No,,,,,,,2005,8,24,2005,8,25,12,20,,,20,,,,,,,62.25647853,"[{""adm2_code"":17583,""adm2_name"":""Kamrup""}]","[{""gid_2"":""IND.4.15_1"",""migration_date"":""2025-12-20"",""migration_method"":""puzzle2_2"",""name_2"":""Kamrup Metropolitan""},{""gid_2"":""IND.4.16_1"",""migration_date"":""2025-12-20"",""migration_method"":""puzzle2_2"",""name_2"":""Kamrup""}]",2005-09-06,2025-12-20
2005-0471-IND,No,nat-hyd-flo-fla,Natural,Hydrological,Flood,Flash flood,GLIDE:FF-2005-000147,,IND,India,Southern Asia,Asia,Azamgarh district (Uttar Pradesh province),Heavy rains,"Slide (land, mud, snow, rock)",No,No,No,,12680,Km2,,,"Ghaghra, Saryu rivers",2005,8,26,2005,8,28,27,,800000,,800000,,,,,,,62.25647853,"[{""adm2_code"":17892,""adm2_name"":""Azamgarh""}]","[{""gid_2"":""IND.34.8_1"",""migration_date"":""2025-12-20"",""migration_method"":""jaccard2"",""name_2"":""Azamgarh""}]",2006-02-28,2025-12-20
2005-0541-IND,No,nat-hyd-flo-riv,Natural,Hydrological,Flood,Riverine flood,,,IND,India,Southern Asia,Asia,"Raj Nandgaon, Durg districts (Chhattisgarh province), Baleshwar, Bhadrak, Jajpur districts (Orissa province), Bhandara, Gondiya, Nagpur districts (Maharashtra province), Balaghat, Katni, Jabalpur, Seoni districts (Madhya Pradesh province)",,Broken Dam/Burst bank,No,No,No,,312900,Km2,,,"Budhabalanga, Subarnarekha, Baitarani, Mahanadi, Kathajod, Shivnath, Banganga",2005,9,14,2005,9,20,89,,550000,,550000,,,,,420000,674629,62.25647853,"[{""adm2_code"":17761,""adm2_name"":""Bhandara""},{""adm2_code"":17771,""adm2_name"":""Nagpur""},{""adm2_code"":70180,""adm2_name"":""Gondiya""},{""adm2_code"":70207,""adm2_name"":""Baleshwar""},{""adm2_code"":70209,""adm2_name"":""Bhadrak""},{""adm2_code"":70215,""adm2_name"":""Jajpur""},{""adm2_code"":17724,""adm2_name"":""Durg""},{""adm2_code"":70117,""adm2_name"":""Raj Nandgaon""},{""adm2_code"":17712,""adm2_name"":""Balaghat""},{""adm2_code"":17730,""adm2_name"":""Jabalpur""},{""adm2_code"":17747,""adm2_name"":""Seoni""},{""adm2_code"":70174,""adm2_name"":""Katni""}]","[{""gid_2"":""IND.19.24_1"",""migration_date"":""2025-12-20"",""migration_method"":""jaccard2"",""name_2"":""Jabalpur""},{""gid_2"":""IND.19.26_1"",""migration_date"":""2025-12-20"",""migration_method"":""jaccard2"",""name_2"":""Katni""},{""gid_2"":""IND.19.40_1"",""migration_date"":""2025-12-20"",""migration_method"":""jaccard2"",""name_2"":""Seoni""},{""gid_2"":""IND.19.5_1"",""migration_date"":""2025-12-20"",""migration_method"":""jaccard2"",""name_2"":""Balaghat""},{""gid_2"":""IND.20.11_1"",""migration_date"":""2025-12-20"",""migration_method"":""jaccard2"",""name_2"":""Gondiya""},{""gid_2"":""IND.20.19_1"",""migration_date"":""2025-12-20"",""migration_method"":""jaccard2"",""name_2"":""Nagpur""},{""gid_2"":""IND.20.5_1"",""migration_date"":""2025-12-20"",""migration_method"":""jaccard2"",""name_2"":""Bhandara""},{""gid_2"":""IND.26.13_1"",""migration_date"":""2025-12-20"",""migration_method"":""jaccard2"",""name_2"":""Jajapur""},{""gid_2"":""IND.26.3_1"",""migration_date"":""2025-12-20"",""migration_method"":""jaccard2"",""name_2"":""Baleshwar""},{""gid_2"":""IND.26.6_1"",""migration_date"":""2025-12-20"",""migration_method"":""jaccard2"",""name_2"":""Bhadrak""},{""gid_2"":""IND.7.10_1"",""migration_date"":""2025-12-20"",""migration_method"":""puzzle2_2"",""name_2"":""Durg""},{""gid_2"":""IND.7.23_1"",""migration_date"":""2025-12-20"",""migration_method"":""jaccard2"",""name_2"":""Rajnandgaon""},{""gid_2"":""IND.7.2_1"",""migration_date"":""2025-12-20"",""migration_method"":""puzzle2_2"",""name_2"":""Balod""},{""gid_2"":""IND.7.5_1"",""migration_date"":""2025-12-20"",""migration_method"":""puzzle2_2"",""name_2"":""Bemetara""}]",2006-04-19,2025-12-20
2006-0369-IND,No,nat-hyd-flo-riv,Natural,Hydrological,Flood,Riverine flood,,,IND,India,Southern Asia,Asia,"Navsari, The Dangs districts (Gujarat)",Heavy rain,,No,No,No,,170100,Km2,22.41,71.31,,2006,7,4,2006,7,7,24,,8400,,8400,,,,,,,64.26483222,"[{""adm2_code"":17651,""adm2_name"":""The Dangs""},{""adm2_code"":70127,""adm2_name"":""Navsari""}]","[{""gid_2"":""IND.11.22_1"",""migration_date"":""2025-12-20"",""migration_method"":""jaccard2"",""name_2"":""Navsari""},{""gid_2"":""IND.11.31_1"",""migration_date"":""2025-12-20"",""migration_method"":""jaccard2"",""name_2"":""The Dangs""}]",2007-01-06,2025-12-20
2006-0370-IND,No,nat-hyd-flo-riv,Natural,Hydrological,Flood,Riverine flood,,,IND,India,Southern Asia,Asia,"Gajapati, Rayagada districts (Orissa province)",Monsoonal rain,"Slide (land, mud, snow, rock)",No,No,No,,31360,Km2,19.17,83.65,"Gajapati, Rayagada, Jhingiritial",2006,7,3,2006,7,8,33,,,,,,,,,,,64.26483222,"[{""adm2_code"":70213,""adm2_name"":""Gajapati""},{""adm2_code"":70224,""adm2_name"":""Rayagada""}]","[{""gid_2"":""IND.26.10_1"",""migration_date"":""2025-12-20"",""migration_method"":""jaccard2"",""name_2"":""Gajapati""},{""gid_2"":""IND.26.27_1"",""migration_date"":""2025-12-20"",""migration_method"":""jaccard2"",""name_2"":""Rayagada""}]",2007-01-06,2025-12-20
2006-0417-IND,No,nat-hyd-flo-riv,Natural,Hydrological,Flood,Riverine flood,,,IND,India,Southern Asia,Asia,"Andhra Pradesh, Gujarat, Maharashtra, Chhattisgarh, Rajasthan, Madhya Pradesh, Orissa, Karnataka provinces",Monsoonal rain,"Slide (land, mud, snow, rock)",No,No,No,4474,165400,Km2,20.19,73.82,"Narmada, Pooma, Puma, Ambika",2006,7,28,2006,9,12,350,65,,4000000,4000065,,,407000,633317,3390000,5275047,64.26483222,"[{""adm1_code"":1485,""adm1_name"":""Andhra Pradesh""},{""adm1_code"":1491,""adm1_name"":""Gujarat""},{""adm1_code"":1494,""adm1_name"":""Karnataka""},{""adm1_code"":1498,""adm1_name"":""Maharashtra""},{""adm1_code"":1504,""adm1_name"":""Orissa""},{""adm1_code"":1506,""adm1_name"":""Rajasthan""},{""adm1_code"":70075,""adm1_name"":""Chhattisgarh""},{""adm1_code"":70079,""adm1_name"":""Madhya Pradesh""}]","[{""gid_1"":""IND.11_1"",""migration_date"":""2025-12-20"",""migration_method"":""jaccard1"",""name_1"":""Gujarat""},{""gid_1"":""IND.16_1"",""migration_date"":""2025-12-20"",""migration_method"":""jaccard1"",""name_1"":""Karnataka""},{""gid_1"":""IND.19_1"",""migration_date"":""2025-12-20"",""migration_method"":""jaccard1"",""name_1"":""Madhya Pradesh""},{""gid_1"":""IND.20_1"",""migration_date"":""2025-12-20"",""migration_method"":""jaccard1"",""name_1"":""Maharashtra""},{""gid_1"":""IND.26_1"",""migration_date"":""2025-12-20"",""migration_method"":""jaccard1"",""name_1"":""Odisha""},{""gid_1"":""IND.29_1"",""migration_date"":""2025-12-20"",""migration_method"":""jaccard1"",""name_1"":""Rajasthan""},{""gid_1"":""IND.2_1"",""migration_date"":""2025-12-20"",""migration_method"":""puzzle1_1"",""name_1"":""Andhra Pradesh""},{""gid_1"":""IND.32_1"",""migration_date"":""2025-12-20"",""migration_method"":""puzzle1_1"",""name_1"":""Telangana""},{""gid_1"":""IND.7_1"",""migration_date"":""2025-12-20"",""migration_method"":""jaccard1"",""name_1"":""Chhattisgarh""}]",2007-03-09,2025-12-20
2006-0443-IND,No,nat-hyd-flo-riv,Natural,Hydrological,Flood,Riverine flood,,,IND,India,Southern Asia,Asia,Gujarat province,Monsoonal rain,,No,No,No,,,Km2,,,,2006,8,,2006,8,,,,50000,,50000,,,,,,,64.26483222,"[{""adm1_code"":1491,""adm1_name"":""Gujarat""}]","[{""gid_1"":""IND.11_1"",""migration_date"":""2025-12-20"",""migration_method"":""jaccard1"",""name_1"":""Gujarat""}]",2006-08-17,2025-12-20
2006-0469-IND,No,nat-hyd-flo-riv,Natural,Hydrological,Flood,Riverine flood,GLIDE:FL-2006-000137,,IND,India,Southern Asia,Asia,"Barmer, Jaisalmer, Kota, Udaipur districts (Rajasthan province)",Monsoonal rain,,No,No,No,,,Km2,,,,2006,8,18,2006,9,2,135,,20000,,20000,,,,,,,64.26483222,"[{""adm2_code"":17837,""adm2_name"":""Barmer""},{""adm2_code"":17848,""adm2_name"":""Jaisalmer""},{""adm2_code"":17853,""adm2_name"":""Kota""},{""adm2_code"":17860,""adm2_name"":""Udaipur""}]","[{""gid_2"":""IND.29.18_1"",""migration_date"":""2025-12-20"",""migration_method"":""jaccard2"",""name_2"":""Jaisalmer""},{""gid_2"":""IND.29.24_1"",""migration_date"":""2025-12-20"",""migration_method"":""jaccard2"",""name_2"":""Kota""},{""gid_2"":""IND.29.33_1"",""migration_date"":""2025-12-20"",""migration_method"":""jaccard2"",""name_2"":""Udaipur""},{""gid_2"":""IND.29.5_1"",""migration_date"":""2025-12-20"",""migration_method"":""jaccard2"",""name_2"":""Barmer""}]",2007-03-09,2025-12-20
2007-0207-IND,No,nat-met-ext-hea,Natural,Meteorological,Extreme temperature,Heat wave,,,IND,India,Southern Asia,Asia,"Uttar Pradesh, Rajasthan, Punjab, Delhi provinces",,,No,No,No,,44.9,°C,,,,2007,4,,2007,6,,72,,,,,,,,,,,66.09810297,"[{""adm1_code"":1489,""adm1_name"":""Delhi""},{""adm1_code"":1505,""adm1_name"":""Punjab""},{""adm1_code"":1506,""adm1_name"":""Rajasthan""},{""adm1_code"":70081,""adm1_name"":""Uttar Pradesh""}]","[{""gid_1"":""IND.25_1"",""migration_date"":""2025-12-20"",""migration_method"":""jaccard1"",""name_1"":""NCT of Delhi""},{""gid_1"":""IND.28_1"",""migration_date"":""2025-12-20"",""migration_method"":""jaccard1"",""name_1"":""Punjab""},{""gid_1"":""IND.29_1"",""migration_date"":""2025-12-20"",""migration_method"":""jaccard1"",""name_1"":""Rajasthan""},{""gid_1"":""IND.34_1"",""migration_date"":""2025-12-20"",""migration_method"":""jaccard1"",""name_1"":""Uttar Pradesh""}]",2007-06-18,2025-12-20
2007-0240-IND,No,nat-hyd-flo-riv,Natural,Hydrological,Flood,Riverine flood,,,IND,India,Southern Asia,Asia,"Raipur, Bilaspur, Mahasamund, Durg districts (Chhattisgarh province)",Monsoonal rain,,No,No,No,,74000,Km2,20.05,81.86,Mahanadi and tributaries,2007,6,30,2007,7,13,29,,50000,,50000,,,,,,,66.09810297,"[{""adm2_code"":17724,""adm2_name"":""Durg""},{""adm2_code"":70106,""adm2_name"":""Bilaspur""},{""adm2_code"":70115,""adm2_name"":""Mahasamund""},{""adm2_code"":70116,""adm2_name"":""Raipur""}]","[{""gid_2"":""IND.7.10_1"",""migration_date"":""2025-12-20"",""migration_method"":""puzzle2_2"",""name_2"":""Durg""},{""gid_2"":""IND.7.11_1"",""migration_date"":""2025-12-20"",""migration_method"":""puzzle2_2"",""name_2"":""Gariaband""},{""gid_2"":""IND.7.18_1"",""migration_date"":""2025-12-20"",""migration_method"":""jaccard2"",""name_2"":""Mahasamund""},{""gid_2"":""IND.7.19_1"",""migration_date"":""2025-12-20"",""migration_method"":""puzzle2_2"",""name_2"":""Mungeli""},{""gid_2"":""IND.7.1_1"",""migration_date"":""2025-12-20"",""migration_method"":""puzzle2_2"",""name_2"":""Baloda Bazar""},{""gid_2"":""IND.7.22_1"",""migration_date"":""2025-12-20"",""migration_method"":""puzzle2_2"",""name_2"":""Raipur""},{""gid_2"":""IND.7.2_1"",""migration_date"":""2025-12-20"",""migration_method"":""puzzle2_2"",""name_2"":""Balod""},{""gid_2"":""IND.7.5_1"",""migration_date"":""2025-12-20"",""migration_method"":""puzzle2_2"",""name_2"":""Bemetara""},{""gid_2"":""IND.7.7_1"",""migration_date"":""2025-12-20"",""migration_method"":""puzzle2_2"",""name_2"":""Bilaspur""}]",2007-12-13,2025-12-20
2007-0311-IND,No,nat-hyd-flo-riv,Natural,Hydrological,Flood,Riverine flood,,,IND,India,Southern Asia,Asia,"Udaipur, Amarpur cities (South Tripura district, Tripura province), Sonamura citiy (West Tripura district, Tripura province)",Monsoonal rain,,No,No,No,,,Km2,23.92,91.23,,2007,7,21,2007,8,3,,,,,,,,,,,,66.09810297,"[{""adm2_code"":17886,""adm2_name"":""South Tripura""},{""adm2_code"":17887,""adm2_name"":""West Tripura""}]","[{""gid_2"":""IND.33.2_1"",""migration_date"":""2025-12-20"",""migration_method"":""puzzle2_2"",""name_2"":""Gomati""},{""gid_2"":""IND.33.3_1"",""migration_date"":""2025-12-20"",""migration_method"":""puzzle2_2"",""name_2"":""Khowai""},{""gid_2"":""IND.33.5_1"",""migration_date"":""2025-12-20"",""migration_method"":""puzzle2_2"",""name_2"":""Sipahijala""},{""gid_2"":""IND.33.6_1"",""migration_date"":""2025-12-20"",""migration_method"":""puzzle2_2"",""name_2"":""South Tripura""},{""gid_2"":""IND.33.8_1"",""migration_date"":""2025-12-20"",""migration_method"":""puzzle2_2"",""name_2"":""West Tripura""}]",2007-08-07,2025-12-20
2007-0674-IND,No,nat-met-ext-col,Natural,Meteorological,Extreme temperature,Cold wave,,,IND,India,Southern Asia,Asia,"Uttar Pradesh, Jammu and Kashmir, Gujarat provinces",,,No,No,No,,1.9,°C,,,,2007,12,,2008,1,,47,,,,,,,,,,,66.09810297,"[{""adm1_code"":1491,""adm1_name"":""Gujarat""},{""adm1_code"":40408,""adm1_name"":""Administrative unit not available""},{""adm1_code"":40409,""adm1_name"":""Administrative unit not available""},{""adm1_code"":40422,""adm1_name"":""Administrative unit not available""},{""adm1_code"":40423,""adm1_name"":""Administrative unit not available""},{""adm1_code"":40424,""adm1_name"":""Administrative unit not available""},{""adm1_code"":40425,""adm1_name"":""Administrative unit not available""},{""adm1_code"":40426,""adm1_name"":""Administrative unit not available""},{""adm1_code"":40427,""adm1_name"":""Administrative unit not available""},{""adm1_code"":40428,""adm1_name"":""Administrative unit not available""},{""adm1_code"":40429,""adm1_name"":""Administrative unit not available""},{""adm1_code"":40430,""adm1_name"":""Administrative unit not available""},{""adm1_code"":40431,""adm1_name"":""Administrative unit not available""},{""adm1_code"":70081,""adm1_name"":""Uttar Pradesh""}]","[{""gid_1"":""IND.11_1"",""migration_date"":""2025-12-20"",""migration_method"":""jaccard1"",""name_1"":""Gujarat""},{""gid_1"":""IND.34_1"",""migration_date"":""2025-12-20"",""migration_method"":""jaccard1"",""name_1"":""Uttar Pradesh""},{""gid_1"":""Z06.1_1"",""migration_date"":""2025-12-20"",""migration_method"":""jaccard1"",""name_1"":""Azad Kashmir""},{""gid_1"":""Z06.6_1"",""migration_date"":""2025-12-20"",""migration_method"":""jaccard1"",""name_1"":""Gilgit-Baltistan""},{""gid_2"":""Z01.14.10_1"",""migration_date"":""2025-12-20"",""migration_method"":""puzzle1_2"",""name_2"":""Kishtwar""},{""gid_2"":""Z01.14.12_1"",""migration_date"":""2025-12-20"",""migration_method"":""puzzle1_2"",""name_2"":""Kupwara""},{""gid_2"":""Z01.14.13_1"",""migration_date"":""2025-12-20"",""migration_method"":""puzzle1_2"",""name_2"":""Leh (Ladakh)""},{""gid_2"":""Z01.14.14_1"",""migration_date"":""2025-12-20"",""migration_method"":""puzzle1_2"",""name_2"":""Poonch""},{""gid_2"":""Z01.14.16_1"",""migration_date"":""2025-12-20"",""migration_method"":""puzzle1_2"",""name_2"":""Rajouri""},{""gid_2"":""Z01.14.17_1"",""migration_date"":""2025-12-20"",""migration_method"":""puzzle1_2"",""name_2"":""Ramban""},{""gid_2"":""Z01.14.18_1"",""migration_date"":""2025-12-20"",""migration_method"":""puzzle1_2"",""name_2"":""Reasi""},{""gid_2"":""Z01.14.19_1"",""migration_date"":""2025-12-20"",""migration_method"":""puzzle1_2"",""name_2"":""Samba""},{""gid_2"":""Z01.14.21_1"",""migration_date"":""2025-12-20"",""migration_method"":""puzzle1_2"",""name_2"":""Srinagar""},{""gid_2"":""Z01.14.22_1"",""migration_date"":""2025-12-20"",""migration_method"":""puzzle1_2"",""name_2"":""Udhampur""},{""gid_2"":""Z01.14.2_1"",""migration_date"":""2025-12-20"",""migration_method"":""puzzle1_2"",""name_2"":""Badgam""},{""gid_2"":""Z01.14.3_1"",""migration_date"":""2025-12-20"",""migration_method"":""puzzle1_2"",""name_2"":""Bandipore""},{""gid_2"":""Z01.14.4_1"",""migration_date"":""2025-12-20"",""migration_method"":""puzzle1_2"",""name_2"":""Baramulla""},{""gid_2"":""Z01.14.5_1"",""migration_date"":""2025-12-20"",""migration_method"":""puzzle1_2"",""name_2"":""Doda""},{""gid_2"":""Z01.14.6_1"",""migration_date"":""2025-12-20"",""migration_method"":""puzzle1_2"",""name_2"":""Ganderbal""},{""gid_2"":""Z01.14.7_1"",""migration_date"":""2025-12-20"",""migration_method"":""puzzle1_2"",""name_2"":""Jammu""},{""gid_2"":""Z01.14.8_1"",""migration_date"":""2025-12-20"",""migration_method"":""puzzle1_2"",""name_2"":""Kargil""},{""gid_2"":""Z01.14.9_1"",""migration_date"":""2025-12-20"",""migration_method"":""puzzle1_2"",""name_2"":""Kathua""}]",2009-03-19,2025-12-20
2008-0285-IND,No,nat-hyd-flo-riv,Natural,Hydrological,Flood,Riverine flood,,,IND,India,Southern Asia,Asia,"Assam, Bihar, Gujarat, Goa, Haryana, Jharkhand, Kerala, Karnataka, Maharashtra, Madhya Pradesh, Punjab, Orissa, Rajasthan, Uttarakhand, Uttar Pradesh, Tamil Nadu, West Bengal provinces",,,No,No,No,,,Km2,,,,2008,7,5,2008,7,14,,,50000,,50000,,,,,,,68.63567228,"[{""adm1_code"":1487,""adm1_name"":""Assam""},{""adm1_code"":1490,""adm1_name"":""Goa""},{""adm1_code"":1491,""adm1_name"":""Gujarat""},{""adm1_code"":1492,""adm1_name"":""Haryana""},{""adm1_code"":1494,""adm1_name"":""Karnataka""},{""adm1_code"":1495,""adm1_name"":""Kerala""},{""adm1_code"":1498,""adm1_name"":""Maharashtra""},{""adm1_code"":1504,""adm1_name"":""Orissa""},{""adm1_code"":1505,""adm1_name"":""Punjab""},{""adm1_code"":1506,""adm1_name"":""Rajasthan""},{""adm1_code"":1508,""adm1_name"":""Tamil Nadu""},{""adm1_code"":1511,""adm1_name"":""West Bengal""},{""adm1_code"":70073,""adm1_name"":""Bihar""},{""adm1_code"":70078,""adm1_name"":""Jharkhand""},{""adm1_code"":70079,""adm1_name"":""Madhya Pradesh""},{""adm1_code"":70081,""adm1_name"":""Uttar Pradesh""},{""adm1_code"":70082,""adm1_name"":""Uttarakhand""}]","[{""gid_1"":""IND.10_1"",""migration_date"":""2025-12-20"",""migration_method"":""jaccard1"",""name_1"":""Goa""},{""gid_1"":""IND.11_1"",""migration_date"":""2025-12-20"",""migration_method"":""jaccard1"",""name_1"":""Gujarat""},{""gid_1"":""IND.12_1"",""migration_date"":""2025-12-20"",""migration_method"":""jaccard1"",""name_1"":""Haryana""},{""gid_1"":""IND.15_1"",""migration_date"":""2025-12-20"",""migration_method"":""jaccard1"",""name_1"":""Jharkhand""},{""gid_1"":""IND.16_1"",""migration_date"":""2025-12-20"",""migration_method"":""jaccard1"",""name_1"":""Karnataka""},{""gid_1"":""IND.17_1"",""migration_date"":""2025-12-20"",""migration_method"":""jaccard1"",""name_1"":""Kerala""},{""gid_1"":""IND.19_1"",""migration_date"":""2025-12-20"",""migration_method"":""jaccard1"",""name_1"":""Madhya Pradesh""},{""gid_1"":""IND.20_1"",""migration_date"":""2025-12-20"",""migration_method"":""jaccard1"",""name_1"":""Maharashtra""},{""gid_1"":""IND.26_1"",""migration_date"":""2025-12-20"",""migration_method"":""jaccard1"",""name_1"":""Odisha""},{""gid_1"":""IND.28_1"",""migration_date"":""2025-12-20"",""migration_method"":""jaccard1"",""name_1"":""Punjab""},{""gid_1"":""IND.29_1"",""migration_date"":""2025-12-20"",""migration_method"":""jaccard1"",""name_1"":""Rajasthan""},{""gid_1"":""IND.31_1"",""migration_date"":""2025-12-20"",""migration_method"":""jaccard1"",""name_1"":""Tamil Nadu""},{""gid_1"":""IND.34_1"",""migration_date"":""2025-12-20"",""migration_method"":""jaccard1"",""name_1"":""Uttar Pradesh""},{""gid_1"":""IND.35_1"",""migration_date"":""2025-12-20"",""migration_method"":""jaccard1"",""name_1"":""Uttarakhand""},{""gid_1"":""IND.36_1"",""migration_date"":""2025-12-20"",""migration_method"":""jaccard1"",""name_1"":""West Bengal""},{""gid_1"":""IND.4_1"",""migration_date"":""2025-12-20"",""migration_method"":""jaccard1"",""name_1"":""Assam""},{""gid_1"":""IND.5_1"",""migration_date"":""2025-12-20"",""migration_method"":""jaccard1"",""name_1"":""Bihar""}]",2009-01-12,2025-12-20
2008-0560-IND,No,nat-hyd-flo-fla,Natural,Hydrological,Flood,Flash flood,GLIDE:TC-2008-000237,,IND,India,Southern Asia,Asia,"Thiruvallur, Thoothukudi, Villupuram, Ramanathapuram, Tirunelveli Kattabo, Pudukkottai, Kanniyakumari, Nagapattinam, Cuddalore, Chennai districts (Tamil Nadu province), Puducherry, Karaikal districts (Puducherry province)",Tropical cyclone Nisha,,No,No,No,,,Km2,,,,2008,11,27,2008,12,4,54,,803740,,803740,,,,,,,68.63567228,"[{""adm2_code"":17866,""adm2_name"":""Thoothukudi""},{""adm2_code"":17870,""adm2_name"":""Kanniyakumari""},{""adm2_code"":17876,""adm2_name"":""Pudukkottai""},{""adm2_code"":17878,""adm2_name"":""Ramanathapuram""},{""adm2_code"":17884,""adm2_name"":""Tirunelveli Kattabo""},{""adm2_code"":70242,""adm2_name"":""Chennai""},{""adm2_code"":70243,""adm2_name"":""Cuddalore""},{""adm2_code"":70247,""adm2_name"":""Nagapattinam""},{""adm2_code"":70251,""adm2_name"":""Thiruvallur""},{""adm2_code"":70255,""adm2_name"":""Villupuram""},{""adm2_code"":70226,""adm2_name"":""Karaikal""},{""adm2_code"":70228,""adm2_name"":""Puducherry""}]","[{""gid_2"":""IND.27.1_1"",""migration_date"":""2025-12-20"",""migration_method"":""jaccard2"",""name_2"":""Karaikal""},{""gid_2"":""IND.27.3_1"",""migration_date"":""2025-12-20"",""migration_method"":""jaccard2"",""name_2"":""Puducherry""},{""gid_2"":""IND.31.13_1"",""migration_date"":""2025-12-20"",""migration_method"":""puzzle2_2"",""name_2"":""Nagappattinam""},{""gid_2"":""IND.31.16_1"",""migration_date"":""2025-12-20"",""migration_method"":""jaccard2"",""name_2"":""Pudukkottai""},{""gid_2"":""IND.31.17_1"",""migration_date"":""2025-12-20"",""migration_method"":""jaccard2"",""name_2"":""Ramanathapuram""},{""gid_2"":""IND.31.23_1"",""migration_date"":""2025-12-20"",""migration_method"":""jaccard2"",""name_2"":""Thiruvallur""},{""gid_2"":""IND.31.24_1"",""migration_date"":""2025-12-20"",""migration_method"":""puzzle2_2"",""name_2"":""Thiruvarur""},{""gid_2"":""IND.31.25_1"",""migration_date"":""2025-12-20"",""migration_method"":""jaccard2"",""name_2"":""Thoothukkudi""},{""gid_2"":""IND.31.27_1"",""migration_date"":""2025-12-20"",""migration_method"":""jaccard2"",""name_2"":""Tirunelveli""},{""gid_2"":""IND.31.2_1"",""migration_date"":""2025-12-20"",""migration_method"":""jaccard2"",""name_2"":""Chennai""},{""gid_2"":""IND.31.31_1"",""migration_date"":""2025-12-20"",""migration_method"":""jaccard2"",""name_2"":""Viluppuram""},{""gid_2"":""IND.31.4_1"",""migration_date"":""2025-12-20"",""migration_method"":""jaccard2"",""name_2"":""Cuddalore""},{""gid_2"":""IND.31.9_1"",""migration_date"":""2025-12-20"",""migration_method"":""jaccard2"",""name_2"":""Kanniyakumari""}]",2009-01-12,2025-12-20
2009-0409-IND,No,nat-hyd-flo-riv,Natural,Hydrological,Flood,Riverine flood,GLIDE:FL-2009-000194,,IND,India,Southern Asia,Asia,"Bihar, Orissa, West Bengal, Assam, Kerala, Gujarat, Karnataka provinces",Monsoon rain,,No,No,No,,,Km2,,,,2009,7,,2009,9,,992,,1886000,,1886000,,,,,220000,321677,68.39164268,"[{""adm1_code"":1487,""adm1_name"":""Assam""},{""adm1_code"":1491,""adm1_name"":""Gujarat""},{""adm1_code"":1494,""adm1_name"":""Karnataka""},{""adm1_code"":1495,""adm1_name"":""Kerala""},{""adm1_code"":1504,""adm1_name"":""Orissa""},{""adm1_code"":1511,""adm1_name"":""West Bengal""},{""adm1_code"":70073,""adm1_name"":""Bihar""}]","[{""gid_1"":""IND.11_1"",""migration_date"":""2025-12-20"",""migration_method"":""jaccard1"",""name_1"":""Gujarat""},{""gid_1"":""IND.16_1"",""migration_date"":""2025-12-20"",""migration_method"":""jaccard1"",""name_1"":""Karnataka""},{""gid_1"":""IND.17_1"",""migration_date"":""2025-12-20"",""migration_method"":""jaccard1"",""name_1"":""Kerala""},{""gid_1"":""IND.26_1"",""migration_date"":""2025-12-20"",""migration_method"":""jaccard1"",""name_1"":""Odisha""},{""gid_1"":""IND.36_1"",""migration_date"":""2025-12-20"",""migration_method"":""jaccard1"",""name_1"":""West Bengal""},{""gid_1"":""IND.4_1"",""migration_date"":""2025-12-20"",""migration_method"":""jaccard1"",""name_1"":""Assam""},{""gid_1"":""IND.5_1"",""migration_date"":""2025-12-20"",""migration_method"":""jaccard1"",""name_1"":""Bihar""}]",2010-03-05,2025-12-20
2009-9323-IND,No,nat-cli-dro-dro,Natural,Climatological,Drought,Drought,,,IND,India,Southern Asia,Asia,"Bongaigaon, Cachar, Dhuburi, Goalpara, Golaghat, Hailakandi, Jorhat, Kamrup, Karbi Anglong, Kokrajhar, Lakhimpur, Marigaon, Nagaon, Sibsagar, Barpeta, Darrang, Dhemaji, Dibrugarh, Karimganj, Nalbari, North Cachar Hills, Sonitpur, Tinsukia districts (Assam province), Bilaspur, Chamba, Hamirpur, Kangra, Kinnaur, Kullu, Lahaul and Spiti, Mandi, Shimla, Sirmaur, Solan, Una districts (Himachal Pradesh province), Chatra, Garhwa, Latehar, Palamu, Dumka, Deoghar, Giridih, Godda, Jamtara, Pakur, Sahibganj, Bokaro, Dhanbad, Purba Singhbhum, Gumla, Hazaribag, Koderma, Lohardaga, Ranchi, Simdega, Saraikela Kharsawan, Pashchim Singhbhum districts (Jharkhand province), Bishnupur, Chandel, Churachandpur, East Imphal, West Imphal, Senapati, Tamenglong, Thoubal, Ukhrul districts (Manipur province), Dimapur, Kohima, Phek, Mokokchung, Mon, Tuensang, Wokha, Zunheboto districts (Nagaland province), Ambedkar Nagar, Ballia, Bareilly, Basti, Deoria, Farrukkhabad, Fatehpur, Ghazipur, Hardoi, Hathras, Jaunpur, Kannauj, Kanpur Dehat, Mainpuri, Mau, Rae Bareli, Sultanpur, Sant Kabir Nagar, Unnao, Agra, Shahjahanpur, Faizabad, Meerut, Mahoba, Aligarh, Jyotiba Phule Nagar, Balrampur, Etah, Rampur, Ghaziabad, Gautam Buddha Nagar, Banda, Mathura, Allahabad, Auraiya, Jalaun, Varanasi, Chandauli, Moradabad, Azamgarh, Siddharth Nagar, Badaun, Sitapur, Firozabad, Saharanpur, Chitrakoot, Etawah, Bulandshahr, Kaushambi, Pilibhit, Muzaffarnagar, Kushinagar, Jhansi, Lucknow, Bijnor, Mirzapur districts (Uttar Pradesh province), Patna, Nalanda, Gaya, Buxar, Bhojpur, Rohtas, Bhabua, Siwan, Nawada, Munger, Aurangabad, Sheikhpura, Lakhisarai, Jamui, Bhagalpur, Banka, Saran, Jehanabad, Muzaffarpur, Sitamarhi, Begusarai, Madhepura, Kishanganj, Katihar, Vaishali districts (Bihar province), Bangalore Urban, Bangalore Rural, Kolar, Tumkur, Chitradurga, Davanagere, Chamrajnagar, Mysore, Mandya, Bellary, Koppal, Raichur, Gulbarga, Bidar, Belgaum, Bagalkot, Bijapur, Gadag districts (Karnataka province), Nanded, Latur, Aurangabad, Jalna, Bid, Parbhani, Osmanabad, Hingoli, Chandrapur, Yavatmal, Wardha, Thane, Raigarh, Nandurbar, Jalgaon, Amravati, Buldana, Washim, Garhchiroli, Pune, Satara, Sangli, Solapur, Kolhapur, Nashik, Dhule, Ahmednagar, Akola districts (Maharasthra province), Rewa, Satna, Sidhi, Shahdol, Anuppur, Umaria, Dindori, Jabalpur, Katni, Balaghat, Narsinghpur, Mandla, Sagar, Panna, Tikamgarh, Chhatarpur, Raisen, Vidisha, Damoh, Sehore, Gwalior, Guna, Ashoknagar, Shivpuri, Datia, Bhind, Morena, Sheopur, Shajapur, Dewas, Ratlam, East Nimar, Burhanpur, Barwani, Jhabua districts (Madhya Pradesh province), Ajmer, Alwar, Banswara, Barmer, Bhilwara, Bikaner, Bundi, Chittaurgarh, Churu, Dausa, Dungarpur, Ganganagar, Hanumangarh, Jaipur, Jaisalmer, Jalor, Jhunjhunu, Jodhpur, Nagaur, Pali, Rajsamand, Sawai Madhopur, Sikar, Sirohi, Tonk, Udaipur districts (Rajasthan province)",,,No,No,Yes,,,Km2,,,,2009,7,,2009,8,,,,,,,,,,,,,68.39164268,"[{""adm2_code"":17576,""adm2_name"":""Barpeta""},{""adm2_code"":17577,""adm2_name"":""Cachar""},{""adm2_code"":17578,""adm2_name"":""Darrang""},{""adm2_code"":17579,""adm2_name"":""Dhuburi""},{""adm2_code"":17580,""adm2_name"":""Dibrugarh""},{""adm2_code"":17581,""adm2_name"":""Goalpara""},{""adm2_code"":17582,""adm2_name"":""Golaghat""},{""adm2_code"":17583,""adm2_name"":""Kamrup""},{""adm2_code"":17584,""adm2_name"":""Karbi Anglong""},{""adm2_code"":17585,""adm2_name"":""Karimganj""},{""adm2_code"":17589,""adm2_name"":""Nagaon""},{""adm2_code"":17590,""adm2_name"":""Nalbari""},{""adm2_code"":17591,""adm2_name"":""North Cachar Hills""},{""adm2_code"":17592,""adm2_name"":""Sibsagar""},{""adm2_code"":17593,""adm2_name"":""Sonitpur""},{""adm2_code"":70086,""adm2_name"":""Bongaigaon""},{""adm2_code"":70087,""adm2_name"":""Dhemaji""},{""adm2_code"":70088,""adm2_name"":""Hailakandi""},{""adm2_code"":70089,""adm2_name"":""Jorhat""},{""adm2_code"":70090,""adm2_name"":""Kokrajhar""},{""adm2_code"":70091,""adm2_name"":""Lakhimpur""},{""adm2_code"":70092,""adm2_name"":""Marigaon""},{""adm2_code"":70093,""adm2_name"":""Tinsukia""},{""adm2_code"":17666,""adm2_name"":""Bilaspur""},{""adm2_code"":17667,""adm2_name"":""Chamba""},{""adm2_code"":17668,""adm2_name"":""Hamirpur""},{""adm2_code"":17669,""adm2_name"":""Kangra""},{""adm2_code"":17670,""adm2_name"":""Kinnaur""},{""adm2_code"":17671,""adm2_name"":""Kullu""},{""adm2_code"":17672,""adm2_name"":""Lahul and Spiti""},{""adm2_code"":17673,""adm2_name"":""Mandi""},{""adm2_code"":17674,""adm2_name"":""Shimla""},{""adm2_code"":17675,""adm2_name"":""Sirmaur""},{""adm2_code"":17676,""adm2_name"":""Solan""},{""adm2_code"":17677,""adm2_name"":""Una""},{""adm2_code"":17679,""adm2_name"":""Belgaum""},{""adm2_code"":17680,""adm2_name"":""Bellary""},{""adm2_code"":17681,""adm2_name"":""Bidar""},{""adm2_code"":17682,""adm2_name"":""Bijapur""},{""adm2_code"":17687,""adm2_name"":""Gulbarga""},{""adm2_code"":17690,""adm2_name"":""Kolar""},{""adm2_code"":17691,""adm2_name"":""Mandya""},{""adm2_code"":17692,""adm2_name"":""Mysore""},{""adm2_code"":17693,""adm2_name"":""Raichur""},{""adm2_code"":17695,""adm2_name"":""Tumkur""},{""adm2_code"":70157,""adm2_name"":""Bagalkot""},{""adm2_code"":70158,""adm2_name"":""Bangalore Rural""},{""adm2_code"":70159,""adm2_name"":""Bangalore Urban""},{""adm2_code"":70160,""adm2_name"":""Chamrajnagar""},{""adm2_code"":70161,""adm2_name"":""Chitradurga""},{""adm2_code"":70162,""adm2_name"":""Davanagere""},{""adm2_code"":70163,""adm2_name"":""Gadag""},{""adm2_code"":70165,""adm2_name"":""Koppal""},{""adm2_code"":17758,""adm2_name"":""Akola""},{""adm2_code"":17759,""adm2_name"":""Amravati""},{""adm2_code"":17762,""adm2_name"":""Buldana""},{""adm2_code"":17763,""adm2_name"":""Chandrapur""},{""adm2_code"":17764,""adm2_name"":""Dhule""},{""adm2_code"":17765,""adm2_name"":""Garhchiroli""},{""adm2_code"":17767,""adm2_name"":""Jalgaon""},{""adm2_code"":17769,""adm2_name"":""Kolhapur""},{""adm2_code"":17770,""adm2_name"":""Latur""},{""adm2_code"":17772,""adm2_name"":""Nanded""},{""adm2_code"":17773,""adm2_name"":""Nashik""},{""adm2_code"":17774,""adm2_name"":""Osmanabad""},{""adm2_code"":17776,""adm2_name"":""Pune""},{""adm2_code"":17777,""adm2_name"":""Raigarh""},{""adm2_code"":17780,""adm2_name"":""Sangli""},{""adm2_code"":17781,""adm2_name"":""Satara""},{""adm2_code"":17782,""adm2_name"":""Solapur""},{""adm2_code"":17783,""adm2_name"":""Thane""},{""adm2_code"":17784,""adm2_name"":""Wardha""},{""adm2_code"":17785,""adm2_name"":""Yavatmal""},{""adm2_code"":17786,""adm2_name"":""Aurangabad""},{""adm2_code"":70178,""adm2_name"":""Ahmednagar""},{""adm2_code"":70179,""adm2_name"":""Bid""},{""adm2_code"":70181,""adm2_name"":""Hingoli""},{""adm2_code"":70182,""adm2_name"":""Jalna""},{""adm2_code"":70185,""adm2_name"":""Nandurbar""},{""adm2_code"":70186,""adm2_name"":""Parbhani""},{""adm2_code"":70187,""adm2_name"":""Washim""},{""adm2_code"":70188,""adm2_name"":""Bishnupur""},{""adm2_code"":70189,""adm2_name"":""Chandel""},{""adm2_code"":70190,""adm2_name"":""Churachandpur""},{""adm2_code"":70191,""adm2_name"":""East Imphal""},{""adm2_code"":70192,""adm2_name"":""Senapati""},{""adm2_code"":70193,""adm2_name"":""Tamenglong""},{""adm2_code"":70194,""adm2_name"":""Thoubal""},{""adm2_code"":70195,""adm2_name"":""Ukhrul""},{""adm2_code"":70196,""adm2_name"":""West Imphal""},{""adm2_code"":17801,""adm2_name"":""Kohima""},{""adm2_code"":17802,""adm2_name"":""Mokokchung""},{""adm2_code"":17803,""adm2_name"":""Mon""},{""adm2_code"":17804,""adm2_name"":""Phek""},{""adm2_code"":17805,""adm2_name"":""Tuensang""},{""adm2_code"":17806,""adm2_name"":""Wokha""},{""adm2_code"":17807,""adm2_name"":""Zunheboto""},{""adm2_code"":70205,""adm2_name"":""Dimapur""},{""adm2_code"":17834,""adm2_name"":""Ajmer""},{""adm2_code"":17835,""adm2_name"":""Alwar""},{""adm2_code"":17836,""adm2_name"":""Banswara""},{""adm2_code"":17837,""adm2_name"":""Barmer""},{""adm2_code"":17839,""adm2_name"":""Bhilwara""},{""adm2_code"":17840,""adm2_name"":""Bikaner""},{""adm2_code"":17841,""adm2_name"":""Bundi""},{""adm2_code"":17842,""adm2_name"":""Chittaurgarh""},{""adm2_code"":17843,""adm2_name"":""Churu""},{""adm2_code"":17845,""adm2_name"":""Dungarpur""},{""adm2_code"":17846,""adm2_name"":""Ganganagar""},{""adm2_code"":17847,""adm2_name"":""Jaipur""},{""adm2_code"":17848,""adm2_name"":""Jaisalmer""},{""adm2_code"":17849,""adm2_name"":""Jalor""},{""adm2_code"":17851,""adm2_name"":""Jhunjhunun""},{""adm2_code"":17852,""adm2_name"":""Jodhpur""},{""adm2_code"":17854,""adm2_name"":""Nagaur""},{""adm2_code"":17855,""adm2_name"":""Pali""},{""adm2_code"":17856,""adm2_name"":""Sawai Madhopur""},{""adm2_code"":17857,""adm2_name"":""Sikar""},{""adm2_code"":17858,""adm2_name"":""Sirohi""},{""adm2_code"":17859,""adm2_name"":""Tonk""},{""adm2_code"":17860,""adm2_name"":""Udaipur""},{""adm2_code"":70237,""adm2_name"":""Dausa""},{""adm2_code"":70238,""adm2_name"":""Hanumangarh""},{""adm2_code"":70240,""adm2_name"":""Rajsamand""},{""adm2_code"":17594,""adm2_name"":""Aurangabad""},{""adm2_code"":17595,""adm2_name"":""Begusarai""},{""adm2_code"":17596,""adm2_name"":""Bhagalpur""},{""adm2_code"":17601,""adm2_name"":""Gaya""},{""adm2_code"":17607,""adm2_name"":""Jehanabad""},{""adm2_code"":17608,""adm2_name"":""Katihar""},{""adm2_code"":17612,""adm2_name"":""Madhepura""},{""adm2_code"":17613,""adm2_name"":""Muzaffarpur""},{""adm2_code"":17614,""adm2_name"":""Munger""},{""adm2_code"":17615,""adm2_name"":""Nalanda""},{""adm2_code"":17616,""adm2_name"":""Nawada""},{""adm2_code"":17619,""adm2_name"":""Patna""},{""adm2_code"":17623,""adm2_name"":""Rohtas""},{""adm2_code"":17628,""adm2_name"":""Saran""},{""adm2_code"":17630,""adm2_name"":""Sitamarhi""},{""adm2_code"":17631,""adm2_name"":""Siwan""},{""adm2_code"":17632,""adm2_name"":""Vaishali""},{""adm2_code"":70095,""adm2_name"":""Banka""},{""adm2_code"":70096,""adm2_name"":""Bhabua""},{""adm2_code"":70097,""adm2_name"":""Bhojpur""},{""adm2_code"":70098,""adm2_name"":""Buxar""},{""adm2_code"":70099,""adm2_name"":""Jamui""},{""adm2_code"":70100,""adm2_name"":""Kishanganj""},{""adm2_code"":70101,""adm2_name"":""Lakhisarai""},{""adm2_code"":70102,""adm2_name"":""Sheikhpura""},{""adm2_code"":17600,""adm2_name"":""Deoghar""},{""adm2_code"":17603,""adm2_name"":""Godda""},{""adm2_code"":17610,""adm2_name"":""Lohardaga""},{""adm2_code"":17622,""adm2_name"":""Ranchi""},{""adm2_code"":70139,""adm2_name"":""Bokaro""},{""adm2_code"":70140,""adm2_name"":""Chatra""},{""adm2_code"":70141,""adm2_name"":""Dhanbad""},{""adm2_code"":70142,""adm2_name"":""Dumka""},{""adm2_code"":70143,""adm2_name"":""Garhwa""},{""adm2_code"":70144,""adm2_name"":""Giridih""},{""adm2_code"":70145,""adm2_name"":""Gumla""},{""adm2_code"":70146,""adm2_name"":""Hazaribag""},{""adm2_code"":70147,""adm2_name"":""Jamtara""},{""adm2_code"":70148,""adm2_name"":""Koderma""},{""adm2_code"":70149,""adm2_name"":""Latehar""},{""adm2_code"":70150,""adm2_name"":""Pakur""},{""adm2_code"":70151,""adm2_name"":""Palamu""},{""adm2_code"":70152,""adm2_name"":""Pashchim Singhbhum""},{""adm2_code"":70153,""adm2_name"":""Purba Singhbhum""},{""adm2_code"":70154,""adm2_name"":""Sahibganj""},{""adm2_code"":70155,""adm2_name"":""Saraikela Kharsawan""},{""adm2_code"":70156,""adm2_name"":""Simdega""},{""adm2_code"":17712,""adm2_name"":""Balaghat""},{""adm2_code"":17715,""adm2_name"":""Bhind""},{""adm2_code"":17718,""adm2_name"":""Chhatarpur""},{""adm2_code"":17720,""adm2_name"":""Damoh""},{""adm2_code"":17721,""adm2_name"":""Datia""},{""adm2_code"":17722,""adm2_name"":""Dewas""},{""adm2_code"":17725,""adm2_name"":""East Nimar""},{""adm2_code"":17726,""adm2_name"":""Guna""},{""adm2_code"":17727,""adm2_name"":""Gwalior""},{""adm2_code"":17730,""adm2_name"":""Jabalpur""},{""adm2_code"":17731,""adm2_name"":""Jhabua""},{""adm2_code"":17732,""adm2_name"":""Mandla""},{""adm2_code"":17734,""adm2_name"":""Morena""},{""adm2_code"":17735,""adm2_name"":""Narsinghpur""},{""adm2_code"":17736,""adm2_name"":""Panna""},{""adm2_code"":17739,""adm2_name"":""Raisen""},{""adm2_code"":17742,""adm2_name"":""Ratlam""},{""adm2_code"":17743,""adm2_name"":""Rewa""},{""adm2_code"":17744,""adm2_name"":""Sagar""},{""adm2_code"":17745,""adm2_name"":""Satna""},{""adm2_code"":17746,""adm2_name"":""Sehore""},{""adm2_code"":17748,""adm2_name"":""Shahdol""},{""adm2_code"":17749,""adm2_name"":""Shajapur""},{""adm2_code"":17750,""adm2_name"":""Shivpuri""},{""adm2_code"":17751,""adm2_name"":""Sidhi""},{""adm2_code"":17753,""adm2_name"":""Tikamgarh""},{""adm2_code"":17755,""adm2_name"":""Vidisha""},{""adm2_code"":70168,""adm2_name"":""Anuppur""},{""adm2_code"":70169,""adm2_name"":""Ashoknagar""},{""adm2_code"":70170,""adm2_name"":""Barwani""},{""adm2_code"":70171,""adm2_name"":""Burhanpur""},{""adm2_code"":70172,""adm2_name"":""Dindori""},{""adm2_code"":70174,""adm2_name"":""Katni""},{""adm2_code"":70176,""adm2_name"":""Sheopur""},{""adm2_code"":70177,""adm2_name"":""Umaria""},{""adm2_code"":17888,""adm2_name"":""Agra""},{""adm2_code"":17889,""adm2_name"":""Aligarh""},{""adm2_code"":17890,""adm2_name"":""Allahabad""},{""adm2_code"":17892,""adm2_name"":""Azamgarh""},{""adm2_code"":17894,""adm2_name"":""Ballia""},{""adm2_code"":17895,""adm2_name"":""Banda""},{""adm2_code"":17897,""adm2_name"":""Bareilly""},{""adm2_code"":17898,""adm2_name"":""Basti""},{""adm2_code"":17899,""adm2_name"":""Bijnor""},{""adm2_code"":17901,""adm2_name"":""Bulandshahr""},{""adm2_code"":17904,""adm2_name"":""Deoria""},{""adm2_code"":17905,""adm2_name"":""Etah""},{""adm2_code"":17906,""adm2_name"":""Etawah""},{""adm2_code"":17907,""adm2_name"":""Faizabad""},{""adm2_code"":17908,""adm2_name"":""Farrukhabad""},{""adm2_code"":17909,""adm2_name"":""Fatehpur""},{""adm2_code"":17911,""adm2_name"":""Ghaziabad""},{""adm2_code"":17912,""adm2_name"":""Ghazipur""},{""adm2_code"":17916,""adm2_name"":""Hardoi""},{""adm2_code"":17917,""adm2_name"":""Jalaun""},{""adm2_code"":17918,""adm2_name"":""Jaunpur""},{""adm2_code"":17919,""adm2_name"":""Jhansi""},{""adm2_code"":17923,""adm2_name"":""Lucknow""},{""adm2_code"":17924,""adm2_name"":""Mainpuri""},{""adm2_code"":17925,""adm2_name"":""Mathura""},{""adm2_code"":17926,""adm2_name"":""Meerut""},{""adm2_code"":17927,""adm2_name"":""Mirzapur""},{""adm2_code"":17928,""adm2_name"":""Moradabad""},{""adm2_code"":17929,""adm2_name"":""Muzaffarnagar""},{""adm2_code"":17931,""adm2_name"":""Pilibhit""},{""adm2_code"":17934,""adm2_name"":""Rae Bareli""},{""adm2_code"":17935,""adm2_name"":""Rampur""},{""adm2_code"":17936,""adm2_name"":""Saharanpur""},{""adm2_code"":17937,""adm2_name"":""Shahjahanpur""},{""adm2_code"":17938,""adm2_name"":""Sitapur""},{""adm2_code"":17939,""adm2_name"":""Sultanpur""},{""adm2_code"":17941,""adm2_name"":""Unnao""},{""adm2_code"":17943,""adm2_name"":""Varanasi""},{""adm2_code"":70257,""adm2_name"":""Ambedkar Nagar""},{""adm2_code"":70258,""adm2_name"":""Auraiya""},{""adm2_code"":70259,""adm2_name"":""Badaun""},{""adm2_code"":70261,""adm2_name"":""Balrampur""},{""adm2_code"":70262,""adm2_name"":""Chandauli""},{""adm2_code"":70263,""adm2_name"":""Chitrakoot""},{""adm2_code"":70264,""adm2_name"":""Firozabad""},{""adm2_code"":70265,""adm2_name"":""Gautam Buddha Nagar""},{""adm2_code"":70266,""adm2_name"":""Hathras""},{""adm2_code"":70267,""adm2_name"":""Jyotiba Phule Nagar""},{""adm2_code"":70268,""adm2_name"":""Kannauj""},{""adm2_code"":70269,""adm2_name"":""Kanpur Dehat""},{""adm2_code"":70270,""adm2_name"":""Kaushambi""},{""adm2_code"":70271,""adm2_name"":""Kushinagar""},{""adm2_code"":70273,""adm2_name"":""Mahoba""},{""adm2_code"":70274,""adm2_name"":""Mau""},{""adm2_code"":70275,""adm2_name"":""Sant Kabir Nagar""},{""adm2_code"":70278,""adm2_name"":""Siddharth Nagar""}]","[{""gid_1"":""IND.34_1"",""migration_date"":""2025-12-20"",""migration_method"":""parent2_1"",""name_1"":""Uttar Pradesh""},{""gid_1"":""IND.4_1"",""migration_date"":""2025-12-20"",""migration_method"":""parent2_1"",""name_1"":""Assam""},{""gid_2"":""IND.13.10_1"",""migration_date"":""2025-12-20"",""migration_method"":""jaccard2"",""name_2"":""Sirmaur""},{""gid_2"":""IND.13.11_1"",""migration_date"":""2025-12-20"",""migration_method"":""jaccard2"",""name_2"":""Solan""},{""gid_2"":""IND.13.12_1"",""migration_date"":""2025-12-20"",""migration_method"":""jaccard2"",""name_2"":""Una""},{""gid_2"":""IND.13.1_1"",""migration_date"":""2025-12-20"",""migration_method"":""jaccard2"",""name_2"":""Bilaspur""},{""gid_2"":""IND.13.2_1"",""migration_date"":""2025-12-20"",""migration_method"":""jaccard2"",""name_2"":""Chamba""},{""gid_2"":""IND.13.3_1"",""migration_date"":""2025-12-20"",""migration_method"":""jaccard2"",""name_2"":""Hamirpur""},{""gid_2"":""IND.13.4_1"",""migration_date"":""2025-12-20"",""migration_method"":""jaccard2"",""name_2"":""Kangra""},{""gid_2"":""IND.13.5_1"",""migration_date"":""2025-12-20"",""migration_method"":""jaccard2"",""name_2"":""Kinnaur""},{""gid_2"":""IND.13.6_1"",""migration_date"":""2025-12-20"",""migration_method"":""jaccard2"",""name_2"":""Kullu""},{""gid_2"":""IND.13.7_1"",""migration_date"":""2025-12-20"",""migration_method"":""jaccard2"",""name_2"":""Lahul \u0026 Spiti""},{""gid_2"":""IND.13.8_1"",""migration_date"":""2025-12-20"",""migration_method"":""jaccard2"",""name_2"":""Mandi""},{""gid_2"":""IND.13.9_1"",""migration_date"":""2025-12-20"",""migration_method"":""jaccard2"",""name_2"":""Shimla""},{""gid_2"":""IND.15.10_1"",""migration_date"":""2025-12-20"",""migration_method"":""puzzle2_2"",""name_2"":""Hazaribagh""},{""gid_2"":""IND.15.11_1"",""migration_date"":""2025-12-20"",""migration_method"":""jaccard2"",""name_2"":""Jamtara""},{""gid_2"":""IND.15.12_1"",""migration_date"":""2025-12-20"",""migration_method"":""puzzle2_2"",""name_2"":""Khunti""},{""gid_2"":""IND.15.13_1"",""migration_date"":""2025-12-20"",""migration_method"":""jaccard2"",""name_2"":""Kodarma""},{""gid_2"":""IND.15.14_1"",""migration_date"":""2025-12-20"",""migration_method"":""jaccard2"",""name_2"":""Latehar""},{""gid_2"":""IND.15.15_1"",""migration_date"":""2025-12-20"",""migration_method"":""jaccard2"",""name_2"":""Lohardaga""},{""gid_2"":""IND.15.16_1"",""migration_date"":""2025-12-20"",""migration_method"":""jaccard2"",""name_2"":""Pakur""},{""gid_2"":""IND.15.17_1"",""migration_date"":""2025-12-20"",""migration_method"":""jaccard2"",""name_2"":""Palamu""},{""gid_2"":""IND.15.18_1"",""migration_date"":""2025-12-20"",""migration_method"":""jaccard2"",""name_2"":""Pashchimi Singhbhum""},{""gid_2"":""IND.15.19_1"",""migration_date"":""2025-12-20"",""migration_method"":""jaccard2"",""name_2"":""Purbi Singhbhum""},{""gid_2"":""IND.15.1_1"",""migration_date"":""2025-12-20"",""migration_method"":""jaccard2"",""name_2"":""Bokaro""},{""gid_2"":""IND.15.20_1"",""migration_date"":""2025-12-20"",""migration_method"":""puzzle2_2"",""name_2"":""Ramgarh""},{""gid_2"":""IND.15.21_1"",""migration_date"":""2025-12-20"",""migration_method"":""puzzle2_2"",""name_2"":""Ranchi""},{""gid_2"":""IND.15.22_1"",""migration_date"":""2025-12-20"",""migration_method"":""jaccard2"",""name_2"":""Sahibganj""},{""gid_2"":""IND.15.23_1"",""migration_date"":""2025-12-20"",""migration_method"":""jaccard2"",""name_2"":""Saraikela-kharsawan""},{""gid_2"":""IND.15.24_1"",""migration_date"":""2025-12-20"",""migration_method"":""jaccard2"",""name_2"":""Simdega""},{""gid_2"":""IND.15.2_1"",""migration_date"":""2025-12-20"",""migration_method"":""jaccard2"",""name_2"":""Chatra""},{""gid_2"":""IND.15.3_1"",""migration_date"":""2025-12-20"",""migration_method"":""jaccard2"",""name_2"":""Deoghar""},{""gid_2"":""IND.15.4_1"",""migration_date"":""2025-12-20"",""migration_method"":""jaccard2"",""name_2"":""Dhanbad""},{""gid_2"":""IND.15.5_1"",""migration_date"":""2025-12-20"",""migration_method"":""jaccard2"",""name_2"":""Dumka""},{""gid_2"":""IND.15.6_1"",""migration_date"":""2025-12-20"",""migration_method"":""jaccard2"",""name_2"":""Garhwa""},{""gid_2"":""IND.15.7_1"",""migration_date"":""2025-12-20"",""migration_method"":""jaccard2"",""name_2"":""Giridih""},{""gid_2"":""IND.15.8_1"",""migration_date"":""2025-12-20"",""migration_method"":""jaccard2"",""name_2"":""Godda""},{""gid_2"":""IND.15.9_1"",""migration_date"":""2025-12-20"",""migration_method"":""jaccard2"",""name_2"":""Gumla""},{""gid_2"":""IND.16.11_1"",""migration_date"":""2025-12-20"",""migration_method"":""jaccard2"",""name_2"":""Chitradurga""},{""gid_2"":""IND.16.13_1"",""migration_date"":""2025-12-20"",""migration_method"":""jaccard2"",""name_2"":""Davanagere""},{""gid_2"":""IND.16.15_1"",""migration_date"":""2025-12-20"",""migration_method"":""jaccard2"",""name_2"":""Gadag""},{""gid_2"":""IND.16.16_1"",""migration_date"":""2025-12-20"",""migration_method"":""puzzle2_2"",""name_2"":""Gulbarga""},{""gid_2"":""IND.16.1_1"",""migration_date"":""2025-12-20"",""migration_method"":""jaccard2"",""name_2"":""Bagalkot""},{""gid_2"":""IND.16.20_1"",""migration_date"":""2025-12-20"",""migration_method"":""puzzle2_2"",""name_2"":""Kolar""},{""gid_2"":""IND.16.21_1"",""migration_date"":""2025-12-20"",""migration_method"":""jaccard2"",""name_2"":""Koppal""},{""gid_2"":""IND.16.22_1"",""migration_date"":""2025-12-20"",""migration_method"":""jaccard2"",""name_2"":""Mandya""},{""gid_2"":""IND.16.23_1"",""migration_date"":""2025-12-20"",""migration_method"":""jaccard2"",""name_2"":""Mysore""},{""gid_2"":""IND.16.24_1"",""migration_date"":""2025-12-20"",""migration_method"":""jaccard2"",""name_2"":""Raichur""},{""gid_2"":""IND.16.25_1"",""migration_date"":""2025-12-20"",""migration_method"":""puzzle2_2"",""name_2"":""Ramanagara""},{""gid_2"":""IND.16.27_1"",""migration_date"":""2025-12-20"",""migration_method"":""jaccard2"",""name_2"":""Tumkur""},{""gid_2"":""IND.16.2_1"",""migration_date"":""2025-12-20"",""migration_method"":""puzzle2_2"",""name_2"":""Bangalore Rural""},{""gid_2"":""IND.16.30_1"",""migration_date"":""2025-12-20"",""migration_method"":""puzzle2_2"",""name_2"":""Yadgir""},{""gid_2"":""IND.16.3_1"",""migration_date"":""2025-12-20"",""migration_method"":""jaccard2"",""name_2"":""Bangalore""},{""gid_2"":""IND.16.4_1"",""migration_date"":""2025-12-20"",""migration_method"":""jaccard2"",""name_2"":""Belgaum""},{""gid_2"":""IND.16.5_1"",""migration_date"":""2025-12-20"",""migration_method"":""jaccard2"",""name_2"":""Bellary""},{""gid_2"":""IND.16.6_1"",""migration_date"":""2025-12-20"",""migration_method"":""jaccard2"",""name_2"":""Bidar""},{""gid_2"":""IND.16.7_1"",""migration_date"":""2025-12-20"",""migration_method"":""jaccard2"",""name_2"":""Bijapur""},{""gid_2"":""IND.16.8_1"",""migration_date"":""2025-12-20"",""migration_method"":""jaccard2"",""name_2"":""Chamrajnagar""},{""gid_2"":""IND.16.9_1"",""migration_date"":""2025-12-20"",""migration_method"":""puzzle2_2"",""name_2"":""Chikballapura""},{""gid_2"":""IND.19.10_1"",""migration_date"":""2025-12-20"",""migration_method"":""jaccard2"",""name_2"":""Burhanpur""},{""gid_2"":""IND.19.11_1"",""migration_date"":""2025-12-20"",""migration_method"":""jaccard2"",""name_2"":""Chhatarpur""},{""gid_2"":""IND.19.13_1"",""migration_date"":""2025-12-20"",""migration_method"":""jaccard2"",""name_2"":""Damoh""},{""gid_2"":""IND.19.14_1"",""migration_date"":""2025-12-20"",""migration_method"":""jaccard2"",""name_2"":""Datia""},{""gid_2"":""IND.19.15_1"",""migration_date"":""2025-12-20"",""migration_method"":""jaccard2"",""name_2"":""Dewas""},{""gid_2"":""IND.19.17_1"",""migration_date"":""2025-12-20"",""migration_method"":""jaccard2"",""name_2"":""Dindori""},{""gid_2"":""IND.19.18_1"",""migration_date"":""2025-12-20"",""migration_method"":""jaccard2"",""name_2"":""East Nimar""},{""gid_2"":""IND.19.19_1"",""migration_date"":""2025-12-20"",""migration_method"":""jaccard2"",""name_2"":""Guna""},{""gid_2"":""IND.19.1_1"",""migration_date"":""2025-12-20"",""migration_method"":""puzzle2_2"",""name_2"":""Agar Malwa""},{""gid_2"":""IND.19.20_1"",""migration_date"":""2025-12-20"",""migration_method"":""jaccard2"",""name_2"":""Gwalior""},{""gid_2"":""IND.19.24_1"",""migration_date"":""2025-12-20"",""migration_method"":""jaccard2"",""name_2"":""Jabalpur""},{""gid_2"":""IND.19.25_1"",""migration_date"":""2025-12-20"",""migration_method"":""puzzle2_2"",""name_2"":""Jhabua""},{""gid_2"":""IND.19.26_1"",""migration_date"":""2025-12-20"",""migration_method"":""jaccard2"",""name_2"":""Katni""},{""gid_2"":""IND.19.27_1"",""migration_date"":""2025-12-20"",""migration_method"":""jaccard2"",""name_2"":""Mandla""},{""gid_2"":""IND.19.29_1"",""migration_date"":""2025-12-20"",""migration_method"":""jaccard2"",""name_2"":""Morena""},{""gid_2"":""IND.19.2_1"",""migration_date"":""2025-12-20"",""migration_method"":""puzzle2_2"",""name_2"":""Alirajpur""},{""gid_2"":""IND.19.30_1"",""migration_date"":""2025-12-20"",""migration_method"":""jaccard2"",""name_2"":""Narsimhapur""},{""gid_2"":""IND.19.32_1"",""migration_date"":""2025-12-20"",""migration_method"":""jaccard2"",""name_2"":""Panna""},{""gid_2"":""IND.19.33_1"",""migration_date"":""2025-12-20"",""migration_method"":""jaccard2"",""name_2"":""Raisen""},{""gid_2"":""IND.19.35_1"",""migration_date"":""2025-12-20"",""migration_method"":""jaccard2"",""name_2"":""Ratlam""},{""gid_2"":""IND.19.36_1"",""migration_date"":""2025-12-20"",""migration_method"":""jaccard2"",""name_2"":""Rewa""},{""gid_2"":""IND.19.37_1"",""migration_date"":""2025-12-20"",""migration_method"":""jaccard2"",""name_2"":""Sagar""},{""gid_2"":""IND.19.38_1"",""migration_date"":""2025-12-20"",""migration_method"":""jaccard2"",""name_2"":""Satna""},{""gid_2"":""IND.19.39_1"",""migration_date"":""2025-12-20"",""migration_method"":""jaccard2"",""name_2"":""Sehore""},{""gid_2"":""IND.19.3_1"",""migration_date"":""2025-12-20"",""migration_method"":""jaccard2"",""name_2"":""Anuppur""},{""gid_2"":""IND.19.41_1"",""migration_date"":""2025-12-20"",""migration_method"":""jaccard2"",""name_2"":""Shahdol""},{""gid_2"":""IND.19.42_1"",""migration_date"":""2025-12-20"",""migration_method"":""puzzle2_2"",""name_2"":""Shajapur""},{""gid_2"":""IND.19.43_1"",""migration_date"":""2025-12-20"",""migration_method"":""jaccard2"",""name_2"":""Sheopur""},{""gid_2"":""IND.19.44_1"",""migration_date"":""2025-12-20"",""migration_method"":""jaccard2"",""name_2"":""Shivpuri""},{""gid_2"":""IND.19.45_1"",""migration_date"":""2025-12-20"",""migration_method"":""puzzle2_2"",""name_2"":""Sidhi""},{""gid_2"":""IND.19.46_1"",""migration_date"":""2025-12-20"",""migration_method"":""puzzle2_2"",""name_2"":""Singrauli""},{""gid_2"":""IND.19.47_1"",""migration_date"":""2025-12-20"",""migration_method"":""jaccard2"",""name_2"":""Tikamgarh""},{""gid_2"":""IND.19.49_1"",""migration_date"":""2025-12-20"",""migration_method"":""jaccard2"",""name_2"":""Umaria""},{""gid_2"":""IND.19.4_1"",""migration_date"":""2025-12-20"",""migration_method"":""jaccard2"",""name_2"":""Ashoknagar""},{""gid_2"":""IND.19.50_1"",""migration_date"":""2025-12-20"",""migration_method"":""jaccard2"",""name_2"":""Vidisha""},{""gid_2"":""IND.19.5_1"",""migration_date"":""2025-12-20"",""migration_method"":""jaccard2"",""name_2"":""Balaghat""},{""gid_2"":""IND.19.6_1"",""migration_date"":""2025-12-20"",""migration_method"":""jaccard2"",""name_2"":""Barwani""},{""gid_2"":""IND.19.8_1"",""migration_date"":""2025-12-20"",""migration_method"":""jaccard2"",""name_2"":""Bhind""},{""gid_2"":""IND.20.10_1"",""migration_date"":""2025-12-20"",""migration_method"":""jaccard2"",""name_2"":""Garhchiroli""},{""gid_2"":""IND.20.12_1"",""migration_date"":""2025-12-20"",""migration_method"":""jaccard2"",""name_2"":""Hingoli""},{""gid_2"":""IND.20.13_1"",""migration_date"":""2025-12-20"",""migration_method"":""jaccard2"",""name_2"":""Jalgaon""},{""gid_2"":""IND.20.14_1"",""migration_date"":""2025-12-20"",""migration_method"":""jaccard2"",""name_2"":""Jalna""},{""gid_2"":""IND.20.15_1"",""migration_date"":""2025-12-20"",""migration_method"":""jaccard2"",""name_2"":""Kolhapur""},{""gid_2"":""IND.20.16_1"",""migration_date"":""2025-12-20"",""migration_method"":""jaccard2"",""name_2"":""Latur""},{""gid_2"":""IND.20.1_1"",""migration_date"":""2025-12-20"",""migration_method"":""jaccard2"",""name_2"":""Ahmadnagar""},{""gid_2"":""IND.20.20_1"",""migration_date"":""2025-12-20"",""migration_method"":""jaccard2"",""name_2"":""Nanded""},{""gid_2"":""IND.20.21_1"",""migration_date"":""2025-12-20"",""migration_method"":""jaccard2"",""name_2"":""Nandurbar""},{""gid_2"":""IND.20.22_1"",""migration_date"":""2025-12-20"",""migration_method"":""jaccard2"",""name_2"":""Nashik""},{""gid_2"":""IND.20.23_1"",""migration_date"":""2025-12-20"",""migration_method"":""jaccard2"",""name_2"":""Osmanabad""},{""gid_2"":""IND.20.24_1"",""migration_date"":""2025-12-20"",""migration_method"":""puzzle2_2"",""name_2"":""Palghar""},{""gid_2"":""IND.20.25_1"",""migration_date"":""2025-12-20"",""migration_method"":""jaccard2"",""name_2"":""Parbhani""},{""gid_2"":""IND.20.26_1"",""migration_date"":""2025-12-20"",""migration_method"":""jaccard2"",""name_2"":""Pune""},{""gid_2"":""IND.20.27_1"",""migration_date"":""2025-12-20"",""migration_method"":""jaccard2"",""name_2"":""Raigarh""},{""gid_2"":""IND.20.29_1"",""migration_date"":""2025-12-20"",""migration_method"":""jaccard2"",""name_2"":""Sangli""},{""gid_2"":""IND.20.2_1"",""migration_date"":""2025-12-20"",""migration_method"":""jaccard2"",""name_2"":""Akola""},{""gid_2"":""IND.20.30_1"",""migration_date"":""2025-12-20"",""migration_method"":""jaccard2"",""name_2"":""Satara""},{""gid_2"":""IND.20.32_1"",""migration_date"":""2025-12-20"",""migration_method"":""jaccard2"",""name_2"":""Solapur""},{""gid_2"":""IND.20.33_1"",""migration_date"":""2025-12-20"",""migration_method"":""puzzle2_2"",""name_2"":""Thane""},{""gid_2"":""IND.20.34_1"",""migration_date"":""2025-12-20"",""migration_method"":""jaccard2"",""name_2"":""Wardha""},{""gid_2"":""IND.20.35_1"",""migration_date"":""2025-12-20"",""migration_method"":""jaccard2"",""name_2"":""Washim""},{""gid_2"":""IND.20.36_1"",""migration_date"":""2025-12-20"",""migration_method"":""jaccard2"",""name_2"":""Yavatmal""},{""gid_2"":""IND.20.3_1"",""migration_date"":""2025-12-20"",""migration_method"":""jaccard2"",""name_2"":""Amravati""},{""gid_2"":""IND.20.4_1"",""migration_date"":""2025-12-20"",""migration_method"":""jaccard2"",""name_2"":""Aurangabad""},{""gid_2"":""IND.20.6_1"",""migration_date"":""2025-12-20"",""migration_method"":""jaccard2"",""name_2"":""Bid""},{""gid_2"":""IND.20.7_1"",""migration_date"":""2025-12-20"",""migration_method"":""jaccard2"",""name_2"":""Buldana""},{""gid_2"":""IND.20.8_1"",""migration_date"":""2025-12-20"",""migration_method"":""jaccard2"",""name_2"":""Chandrapur""},{""gid_2"":""IND.20.9_1"",""migration_date"":""2025-12-20"",""migration_method"":""jaccard2"",""name_2"":""Dhule""},{""gid_2"":""IND.21.1_1"",""migration_date"":""2025-12-20"",""migration_method"":""jaccard2"",""name_2"":""Bishnupur""},{""gid_2"":""IND.21.2_1"",""migration_date"":""2025-12-20"",""migration_method"":""jaccard2"",""name_2"":""Chandel""},{""gid_2"":""IND.21.3_1"",""migration_date"":""2025-12-20"",""migration_method"":""jaccard2"",""name_2"":""Churachandpur""},{""gid_2"":""IND.21.4_1"",""migration_date"":""2025-12-20"",""migration_method"":""jaccard2"",""name_2"":""Imphal East""},{""gid_2"":""IND.21.5_1"",""migration_date"":""2025-12-20"",""migration_method"":""jaccard2"",""name_2"":""Imphal West""},{""gid_2"":""IND.21.6_1"",""migration_date"":""2025-12-20"",""migration_method"":""jaccard2"",""name_2"":""Senapati""},{""gid_2"":""IND.21.7_1"",""migration_date"":""2025-12-20"",""migration_method"":""jaccard2"",""name_2"":""Tamenglong""},{""gid_2"":""IND.21.8_1"",""migration_date"":""2025-12-20"",""migration_method"":""jaccard2"",""name_2"":""Thoubal""},{""gid_2"":""IND.21.9_1"",""migration_date"":""2025-12-20"",""migration_method"":""jaccard2"",""name_2"":""Ukhrul""},{""gid_2"":""IND.24.10_1"",""migration_date"":""2025-12-20"",""migration_method"":""jaccard2"",""name_2"":""Wokha""},{""gid_2"":""IND.24.11_1"",""migration_date"":""2025-12-20"",""migration_method"":""jaccard2"",""name_2"":""Zunheboto""},{""gid_2"":""IND.24.1_1"",""migration_date"":""2025-12-20"",""migration_method"":""jaccard2"",""name_2"":""Dimapur""},{""gid_2"":""IND.24.2_1"",""migration_date"":""2025-12-20"",""migration_method"":""puzzle2_2"",""name_2"":""Kiphire""},{""gid_2"":""IND.24.3_1"",""migration_date"":""2025-12-20"",""migration_method"":""puzzle2_2"",""name_2"":""Kohima""},{""gid_2"":""IND.24.4_1"",""migration_date"":""2025-12-20"",""migration_method"":""puzzle2_2"",""name_2"":""Longleng""},{""gid_2"":""IND.24.5_1"",""migration_date"":""2025-12-20"",""migration_method"":""jaccard2"",""name_2"":""Mokokchung""},{""gid_2"":""IND.24.6_1"",""migration_date"":""2025-12-20"",""migration_method"":""jaccard2"",""name_2"":""Mon""},{""gid_2"":""IND.24.7_1"",""migration_date"":""2025-12-20"",""migration_method"":""puzzle2_2"",""name_2"":""Peren""},{""gid_2"":""IND.24.8_1"",""migration_date"":""2025-12-20"",""migration_method"":""jaccard2"",""name_2"":""Phek""},{""gid_2"":""IND.24.9_1"",""migration_date"":""2025-12-20"",""migration_method"":""puzzle2_2"",""name_2"":""Tuensang""},{""gid_2"":""IND.29.10_1"",""migration_date"":""2025-12-20"",""migration_method"":""puzzle2_2"",""name_2"":""Chittaurgarh""},{""gid_2"":""IND.29.11_1"",""migration_date"":""2025-12-20"",""migration_method"":""jaccard2"",""name_2"":""Churu""},{""gid_2"":""IND.29.12_1"",""migration_date"":""2025-12-20"",""migration_method"":""jaccard2"",""name_2"":""Dausa""},{""gid_2"":""IND.29.14_1"",""migration_date"":""2025-12-20"",""migration_method"":""jaccard2"",""name_2"":""Dungarpur""},{""gid_2"":""IND.29.15_1"",""migration_date"":""2025-12-20"",""migration_method"":""jaccard2"",""name_2"":""Ganganagar""},{""gid_2"":""IND.29.16_1"",""migration_date"":""2025-12-20"",""migration_method"":""jaccard2"",""name_2"":""Hanumangarh""},{""gid_2"":""IND.29.17_1"",""migration_date"":""2025-12-20"",""migration_method"":""jaccard2"",""name_2"":""Jaipur""},{""gid_2"":""IND.29.18_1"",""migration_date"":""2025-12-20"",""migration_method"":""jaccard2"",""name_2"":""Jaisalmer""},{""gid_2"":""IND.29.19_1"",""migration_date"":""2025-12-20"",""migration_method"":""jaccard2"",""name_2"":""Jalor""},{""gid_2"":""IND.29.1_1"",""migration_date"":""2025-12-20"",""migration_method"":""jaccard2"",""name_2"":""Ajmer""},{""gid_2"":""IND.29.21_1"",""migration_date"":""2025-12-20"",""migration_method"":""jaccard2"",""name_2"":""Jhunjhunun""},{""gid_2"":""IND.29.22_1"",""migration_date"":""2025-12-20"",""migration_method"":""jaccard2"",""name_2"":""Jodhpur""},{""gid_2"":""IND.29.25_1"",""migration_date"":""2025-12-20"",""migration_method"":""jaccard2"",""name_2"":""Nagaur""},{""gid_2"":""IND.29.26_1"",""migration_date"":""2025-12-20"",""migration_method"":""jaccard2"",""name_2"":""Pali""},{""gid_2"":""IND.29.27_1"",""migration_date"":""2025-12-20"",""migration_method"":""puzzle2_2"",""name_2"":""Pratapgarh""},{""gid_2"":""IND.29.28_1"",""migration_date"":""2025-12-20"",""migration_method"":""jaccard2"",""name_2"":""Rajsamand""},{""gid_2"":""IND.29.29_1"",""migration_date"":""2025-12-20"",""migration_method"":""jaccard2"",""name_2"":""Sawai Madhopur""},{""gid_2"":""IND.29.2_1"",""migration_date"":""2025-12-20"",""migration_method"":""jaccard2"",""name_2"":""Alwar""},{""gid_2"":""IND.29.30_1"",""migration_date"":""2025-12-20"",""migration_method"":""jaccard2"",""name_2"":""Sikar""},{""gid_2"":""IND.29.31_1"",""migration_date"":""2025-12-20"",""migration_method"":""jaccard2"",""name_2"":""Sirohi""},{""gid_2"":""IND.29.32_1"",""migration_date"":""2025-12-20"",""migration_method"":""jaccard2"",""name_2"":""Tonk""},{""gid_2"":""IND.29.33_1"",""migration_date"":""2025-12-20"",""migration_method"":""jaccard2"",""name_2"":""Udaipur""},{""gid_2"":""IND.29.3_1"",""migration_date"":""2025-12-20"",""migration_method"":""jaccard2"",""name_2"":""Banswara""},{""gid_2"":""IND.29.5_1"",""migration_date"":""2025-12-20"",""migration_method"":""jaccard2"",""name_2"":""Barmer""},{""gid_2"":""IND.29.7_1"",""migration_date"":""2025-12-20"",""migration_method"":""jaccard2"",""name_2"":""Bhilwara""},{""gid_2"":""IND.29.8_1"",""migration_date"":""2025-12-20"",""migration_method"":""jaccard2"",""name_2"":""Bikaner""},{""gid_2"":""IND.29.9_1"",""migration_date"":""2025-12-20"",""migration_method"":""jaccard2"",""name_2"":""Bundi""},{""gid_2"":""IND.5.10_1"",""migration_date"":""2025-12-20"",""migration_method"":""jaccard2"",""name_2"":""Gaya""},{""gid_2"":""IND.5.12_1"",""migration_date"":""2025-12-20"",""migration_method"":""jaccard2"",""name_2"":""Jamui""},{""gid_2"":""IND.5.13_1"",""migration_date"":""2025-12-20"",""migration_method"":""puzzle2_2"",""name_2"":""Jehanabad""},{""gid_2"":""IND.5.14_1"",""migration_date"":""2025-12-20"",""migration_method"":""jaccard2"",""name_2"":""Kaimur""},{""gid_2"":""IND.5.15_1"",""migration_date"":""2025-12-20"",""migration_method"":""jaccard2"",""name_2"":""Katihar""},{""gid_2"":""IND.5.17_1"",""migration_date"":""2025-12-20"",""migration_method"":""jaccard2"",""name_2"":""Kishanganj""},{""gid_2"":""IND.5.18_1"",""migration_date"":""2025-12-20"",""migration_method"":""jaccard2"",""name_2"":""Lakhisarai""},{""gid_2"":""IND.5.19_1"",""migration_date"":""2025-12-20"",""migration_method"":""jaccard2"",""name_2"":""Madhepura""},{""gid_2"":""IND.5.21_1"",""migration_date"":""2025-12-20"",""migration_method"":""jaccard2"",""name_2"":""Munger""},{""gid_2"":""IND.5.22_1"",""migration_date"":""2025-12-20"",""migration_method"":""jaccard2"",""name_2"":""Muzaffarpur""},{""gid_2"":""IND.5.23_1"",""migration_date"":""2025-12-20"",""migration_method"":""jaccard2"",""name_2"":""Nalanda""},{""gid_2"":""IND.5.24_1"",""migration_date"":""2025-12-20"",""migration_method"":""jaccard2"",""name_2"":""Nawada""},{""gid_2"":""IND.5.26_1"",""migration_date"":""2025-12-20"",""migration_method"":""jaccard2"",""name_2"":""Patna""},{""gid_2"":""IND.5.29_1"",""migration_date"":""2025-12-20"",""migration_method"":""jaccard2"",""name_2"":""Rohtas""},{""gid_2"":""IND.5.2_1"",""migration_date"":""2025-12-20"",""migration_method"":""puzzle2_2"",""name_2"":""Arwal""},{""gid_2"":""IND.5.32_1"",""migration_date"":""2025-12-20"",""migration_method"":""jaccard2"",""name_2"":""Saran""},{""gid_2"":""IND.5.33_1"",""migration_date"":""2025-12-20"",""migration_method"":""jaccard2"",""name_2"":""Sheikhpura""},{""gid_2"":""IND.5.35_1"",""migration_date"":""2025-12-20"",""migration_method"":""jaccard2"",""name_2"":""Sitamarhi""},{""gid_2"":""IND.5.36_1"",""migration_date"":""2025-12-20"",""migration_method"":""jaccard2"",""name_2"":""Siwan""},{""gid_2"":""IND.5.38_1"",""migration_date"":""2025-12-20"",""migration_method"":""jaccard2"",""name_2"":""Vaishali""},{""gid_2"":""IND.5.3_1"",""migration_date"":""2025-12-20"",""migration_method"":""jaccard2"",""name_2"":""Aurangabad""},{""gid_2"":""IND.5.4_1"",""migration_date"":""2025-12-20"",""migration_method"":""jaccard2"",""name_2"":""Banka""},{""gid_2"":""IND.5.5_1"",""migration_date"":""2025-12-20"",""migration_method"":""jaccard2"",""name_2"":""Begusarai""},{""gid_2"":""IND.5.6_1"",""migration_date"":""2025-12-20"",""migration_method"":""jaccard2"",""name_2"":""Bhagalpur""},{""gid_2"":""IND.5.7_1"",""migration_date"":""2025-12-20"",""migration_method"":""jaccard2"",""name_2"":""Bhojpur""},{""gid_2"":""IND.5.8_1"",""migration_date"":""2025-12-20"",""migration_method"":""jaccard2"",""name_2"":""Buxar""}]",2009-12-08,2025-12-20
2010-0283-IND,No,nat-hyd-flo-riv,Natural,Hydrological,Flood,Riverine flood,GLIDE:TC-2010-000097,,IND,India,Southern Asia,Asia,Andhra Pradesh province,,,No,No,No,,63170,Km2,15.22,79.48,,2010,5,18,2010,5,24,27,,50000,,50000,,,,,,,69.51329329,"[{""adm1_code"":1485,""adm1_name"":""Andhra Pradesh""}]","[{""gid_1"":""IND.2_1"",""migration_date"":""2025-12-20"",""migration_method"":""puzzle1_1"",""name_1"":""Andhra Pradesh""},{""gid_1"":""IND.32_1"",""migration_date"":""2025-12-20"",""migration_method"":""puzzle1_1"",""name_1"":""Telangana""}]",2010-07-15,2025-12-20
2010-0492-IND,No,nat-hyd-flo-riv,Natural,Hydrological,Flood,Riverine flood,GLIDE:FL-2010-000187,,IND,India,Southern Asia,Asia,"Almora, Naini Tal districts (Uttarakhand province), Bihar, Uttar Pradesh provinces",Monsoonal rains,"Slide (land, mud, snow, rock)",No,No,No,,38537,Km2,26.73,82.84,,2010,9,18,2010,9,30,200,,3267183,,3267183,,,,,1680000,2416804,69.51329329,"[{""adm1_code"":70073,""adm1_name"":""Bihar""},{""adm1_code"":70081,""adm1_name"":""Uttar Pradesh""},{""adm2_code"":70280,""adm2_name"":""Almora""},{""adm2_code"":70285,""adm2_name"":""Naini Tal""}]","[{""gid_1"":""IND.34_1"",""migration_date"":""2025-12-20"",""migration_method"":""jaccard1"",""name_1"":""Uttar Pradesh""},{""gid_1"":""IND.5_1"",""migration_date"":""2025-12-20"",""migration_method"":""jaccard1"",""name_1"":""Bihar""},{""gid_2"":""IND.35.1_1"",""migration_date"":""2025-12-20"",""migration_method"":""jaccard2"",""name_2"":""Almora""},{""gid_2"":""IND.35.8_1"",""migration_date"":""2025-12-20"",""migration_method"":""jaccard2"",""name_2"":""Nainital""}]",2010-10-06,2025-12-20
2011-0176-IND,No,nat-met-sto-lig,Natural,Meteorological,Storm,Lightning/Thunderstorms,,,IND,India,Southern Asia,Asia,Uttar Pradesh province,,,No,No,No,,,Kph,,,,2011,5,20,2011,5,20,42,50,,,50,,,,,,,71.70772361,"[{""adm1_code"":70081,""adm1_name"":""Uttar Pradesh""}]","[{""gid_1"":""IND.34_1"",""migration_date"":""2025-12-20"",""migration_method"":""jaccard1"",""name_1"":""Uttar Pradesh""}]",2011-05-24,2025-12-20
2012-0354-IND,No,nat-hyd-flo-riv,Natural,Hydrological,Flood,Riverine flood,,,IND,India,Southern Asia,Asia,"Rudra Prayag, Bageshwar districts (Uttarakhand province)",Heavy rains,"Slide (land, mud, snow, rock)",No,No,No,,37710,Km2,31.3,76.85,,2012,9,16,2012,9,18,45,,200,,200,,,,,20000,27326,73.19159161,"[{""adm2_code"":70281,""adm2_name"":""Bageshwar""},{""adm2_code"":70286,""adm2_name"":""Rudra Prayag""}]","[{""gid_2"":""IND.35.10_1"",""migration_date"":""2025-12-20"",""migration_method"":""jaccard2"",""name_2"":""Rudraprayag""},{""gid_2"":""IND.35.2_1"",""migration_date"":""2025-12-20"",""migration_method"":""jaccard2"",""name_2"":""Bageshwar""}]",2012-11-22,2025-12-20
2013-0208-IND,No,nat-met-ext-hea,Natural,Meteorological,Extreme temperature,Heat wave,,,IND,India,Southern Asia,Asia,"Adilabad, East Godavari, Guntur, Karimnagar, Khammam, Krishna, Nalgonda, Nizamabad, Prakasam, Vishakhapatnam, Warangal, West Godavari districts (Andhra Pradesh province)",,,No,No,No,,46,°C,,,,2013,4,1,2013,5,30,557,,,,,,,,,,,74.26372907,"[{""adm2_code"":17547,""adm2_name"":""Adilabad""},{""adm2_code"":17551,""adm2_name"":""East Godavari""},{""adm2_code"":17552,""adm2_name"":""Guntur""},{""adm2_code"":17554,""adm2_name"":""Karimnagar""},{""adm2_code"":17555,""adm2_name"":""Khammam""},{""adm2_code"":17556,""adm2_name"":""Krishna""},{""adm2_code"":17560,""adm2_name"":""Nalgonda""},{""adm2_code"":17562,""adm2_name"":""Nizamabad""},{""adm2_code"":17563,""adm2_name"":""Prakasam""},{""adm2_code"":17566,""adm2_name"":""Vishakhapatnam""},{""adm2_code"":17568,""adm2_name"":""Warangal""},{""adm2_code"":17569,""adm2_name"":""West Godavari""}]","[{""gid_2"":""IND.2.10_1"",""migration_date"":""2025-12-20"",""migration_method"":""jaccard2"",""name_2"":""Visakhapatnam""},{""gid_2"":""IND.2.12_1"",""migration_date"":""2025-12-20"",""migration_method"":""jaccard2"",""name_2"":""West Godavari""},{""gid_2"":""IND.2.3_1"",""migration_date"":""2025-12-20"",""migration_method"":""jaccard2"",""name_2"":""East Godavari""},{""gid_2"":""IND.2.4_1"",""migration_date"":""2025-12-20"",""migration_method"":""jaccard2"",""name_2"":""Guntur""},{""gid_2"":""IND.2.5_1"",""migration_date"":""2025-12-20"",""migration_method"":""jaccard2"",""name_2"":""Krishna""},{""gid_2"":""IND.2.8_1"",""migration_date"":""2025-12-20"",""migration_method"":""jaccard2"",""name_2"":""Prakasam""},{""gid_2"":""IND.32.10_1"",""migration_date"":""2025-12-20"",""migration_method"":""jaccard2"",""name_2"":""Warangal""},{""gid_2"":""IND.32.1_1"",""migration_date"":""2025-12-20"",""migration_method"":""jaccard2"",""name_2"":""Adilabad""},{""gid_2"":""IND.32.3_1"",""migration_date"":""2025-12-20"",""migration_method"":""jaccard2"",""name_2"":""Karimnagar""},{""gid_2"":""IND.32.4_1"",""migration_date"":""2025-12-20"",""migration_method"":""jaccard2"",""name_2"":""Khammam""},{""gid_2"":""IND.32.7_1"",""migration_date"":""2025-12-20"",""migration_method"":""jaccard2"",""name_2"":""Nalgonda""},{""gid_2"":""IND.32.8_1"",""migration_date"":""2025-12-20"",""migration_method"":""jaccard2"",""name_2"":""Nizamabad""}]",2014-04-02,2025-12-20
2013-0345-IND,No,nat-hyd-flo-riv,Natural,Hydrological,Flood,Riverine flood,,,IND,India,Southern Asia,Asia,"Bhopal, Hoshangabad, Seoni, Narsinghpur, Jabalpur districts (Madhya Pradesh province), Uttar Pradesh, Assam provinces",Monsoon rains,,No,No,No,,,Km2,,,Narmada and Betwa rivers,2013,8,22,2013,8,27,73,,40000,,40000,,,,,,,74.26372907,"[{""adm1_code"":1487,""adm1_name"":""Assam""},{""adm1_code"":70081,""adm1_name"":""Uttar Pradesh""},{""adm2_code"":17716,""adm2_name"":""Bhopal""},{""adm2_code"":17728,""adm2_name"":""Hoshangabad""},{""adm2_code"":17730,""adm2_name"":""Jabalpur""},{""adm2_code"":17735,""adm2_name"":""Narsinghpur""},{""adm2_code"":17747,""adm2_name"":""Seoni""}]","[{""gid_1"":""IND.34_1"",""migration_date"":""2025-12-20"",""migration_method"":""jaccard1"",""name_1"":""Uttar Pradesh""},{""gid_1"":""IND.4_1"",""migration_date"":""2025-12-20"",""migration_method"":""jaccard1"",""name_1"":""Assam""},{""gid_2"":""IND.19.22_1"",""migration_date"":""2025-12-20"",""migration_method"":""jaccard2"",""name_2"":""Hoshangabad""},{""gid_2"":""IND.19.24_1"",""migration_date"":""2025-12-20"",""migration_method"":""jaccard2"",""name_2"":""Jabalpur""},{""gid_2"":""IND.19.30_1"",""migration_date"":""2025-12-20"",""migration_method"":""jaccard2"",""name_2"":""Narsimhapur""},{""gid_2"":""IND.19.40_1"",""migration_date"":""2025-12-20"",""migration_method"":""jaccard2"",""name_2"":""Seoni""},{""gid_2"":""IND.19.9_1"",""migration_date"":""2025-12-20"",""migration_method"":""jaccard2"",""name_2"":""Bhopal""}]",2014-03-20,2025-12-20
2013-0401-IND,No,nat-met-sto-tro,Natural,Meteorological,Storm,Tropical cyclone,GLIDE:TC-2013-000133,Cyclone Phailin,IND,India,Southern Asia,Asia,"Orissa, Andhra Pradesh, Jharkhand, Bihar, West Bengal, Chhattisgarh provinces",,Flood|Surge,Yes,No,No,,200,Kph,,,,2013,10,12,2013,10,14,47,,13230000,,13230000,,,,,633471,853002,74.26372907,"[{""adm1_code"":1485,""adm1_name"":""Andhra Pradesh""},{""adm1_code"":1504,""adm1_name"":""Orissa""},{""adm1_code"":1511,""adm1_name"":""West Bengal""},{""adm1_code"":70073,""adm1_name"":""Bihar""},{""adm1_code"":70075,""adm1_name"":""Chhattisgarh""},{""adm1_code"":70078,""adm1_name"":""Jharkhand""}]","[{""gid_1"":""IND.15_1"",""migration_date"":""2025-12-20"",""migration_method"":""jaccard1"",""name_1"":""Jharkhand""},{""gid_1"":""IND.26_1"",""migration_date"":""2025-12-20"",""migration_method"":""jaccard1"",""name_1"":""Odisha""},{""gid_1"":""IND.2_1"",""migration_date"":""2025-12-20"",""migration_method"":""puzzle1_1"",""name_1"":""Andhra Pradesh""},{""gid_1"":""IND.32_1"",""migration_date"":""2025-12-20"",""migration_method"":""puzzle1_1"",""name_1"":""Telangana""},{""gid_1"":""IND.36_1"",""migration_date"":""2025-12-20"",""migration_method"":""jaccard1"",""name_1"":""West Bengal""},{""gid_1"":""IND.5_1"",""migration_date"":""2025-12-20"",""migration_method"":""jaccard1"",""name_1"":""Bihar""},{""gid_1"":""IND.7_1"",""migration_date"":""2025-12-20"",""migration_method"":""jaccard1"",""name_1"":""Chhattisgarh""}]",2014-07-29,2025-12-20
2014-0106-IND,No,nat-met-sto-bli,Natural,Meteorological,Storm,Blizzard/Winter storm,,,IND,India,Southern Asia,Asia,"Doda, Bhaderwah, Thathri, Gandoh, Bhallessa villages (Kishtwar (72809) district, Jammu and Kashmir (40427) province), Kora Pani, Tangdhar villages (Kupwara (72786) district, Jumma and Kashmir (40431) province)",,"Rain|Slide (land, mud, snow, rock)",No,No,No,,,Kph,,,,2014,3,10,2014,3,12,17,,9610,,9610,,,,,,,75.46845568,"[{""adm2_code"":72809,""adm2_name"":""Administrative unit not available""},{""adm2_code"":72786,""adm2_name"":""Administrative unit not available""}]","[{""gid_2"":""Z01.14.10_1"",""migration_date"":""2025-12-20"",""migration_method"":""puzzle2_2"",""name_2"":""Kishtwar""},{""gid_2"":""Z01.14.12_1"",""migration_date"":""2025-12-20"",""migration_method"":""jaccard2"",""name_2"":""Kupwara""},{""gid_2"":""Z01.14.5_1"",""migration_date"":""2025-12-20"",""migration_method"":""puzzle2_2"",""name_2"":""Doda""}]",2014-07-29,2025-12-20
2014-0182-IND,No,nat-met-sto-lig,Natural,Meteorological,Storm,Lightning/Thunderstorms,,,IND,India,Southern Asia,Asia,"Ghaziabad district (Utar Pradesh province), Delhi, West Bengal provinces",,,No,No,No,,,Kph,,,,2014,5,30,2014,5,31,15,26,,,26,,,,,,,75.46845568,"[{""adm1_code"":1489,""adm1_name"":""Delhi""},{""adm1_code"":1511,""adm1_name"":""West Bengal""},{""adm2_code"":17911,""adm2_name"":""Ghaziabad""}]","[{""gid_1"":""IND.25_1"",""migration_date"":""2025-12-20"",""migration_method"":""jaccard1"",""name_1"":""NCT of Delhi""},{""gid_1"":""IND.36_1"",""migration_date"":""2025-12-20"",""migration_method"":""jaccard1"",""name_1"":""West Bengal""},{""gid_2"":""IND.34.30_1"",""migration_date"":""2025-12-20"",""migration_method"":""puzzle2_2"",""name_2"":""Ghaziabad""},{""gid_2"":""IND.34.35_1"",""migration_date"":""2025-12-20"",""migration_method"":""puzzle2_2"",""name_2"":""Hapur""}]",2014-06-11,2025-12-20
2015-0175-IND,No,nat-geo-ear-gro,Natural,Geophysical,Earthquake,Ground movement,USGS:us20002ejl,,IND,India,Southern Asia,Asia,Bihar province,,,No,No,No,,7.3,Moment Magnitude,27.8087,86.0655,,2015,5,12,2015,5,12,20,,,,,,,,,,,75.55797677,"[{""adm1_code"":70073,""adm1_name"":""Bihar""}]","[{""gid_1"":""IND.5_1"",""migration_date"":""2025-12-20"",""migration_method"":""jaccard1"",""name_1"":""Bihar""}]",2015-05-21,2025-12-20
2014-0409-IND,No,nat-hyd-flo-riv,Natural,Hydrological,Flood,Riverine flood,,,IND,India,Southern Asia,Asia,Odisha province,,,No,No,No,,,Km2,,,,2014,8,9,2014,8,16,47,,3600000,,3600000,,,,,100000,132506,75.46845568,"[{""adm1_code"":1504,""adm1_name"":""Orissa""}]","[{""gid_1"":""IND.26_1"",""migration_date"":""2025-12-20"",""migration_method"":""jaccard1"",""name_1"":""Odisha""}]",2014-10-15,2025-12-20
2015-0253-IND,No,nat-hyd-flo-riv,Natural,Hydrological,Flood,Riverine flood,GLIDE:FL-2015-000068,,IND,India,Southern Asia,Asia,"Mirik, Kalimpong, Darjeeling villages (Darjiling district, West Bengal province),",,"Slide (land, mud, snow, rock)",No,No,No,,,Km2,,,,2015,6,23,2015,6,30,40,,,1000,1000,,,,,,,75.55797677,"[{""adm2_code"":17948,""adm2_name"":""Darjiling""}]","[{""gid_2"":""IND.36.6_1"",""migration_date"":""2025-12-20"",""migration_method"":""jaccard2"",""name_2"":""Darjiling""}]",2015-07-15,2025-12-20
2015-0504-IND,No,nat-hyd-flo-flo,Natural,Hydrological,Flood,Flood (General),DFO:4309|GLIDE:TC-2015-000163,,IND,India,Southern Asia,Asia,"Chittoor, Cuddapah, Prakasam, Nellore districts (Andhra Pradesh province), Chennai, Cuddalore, Nagapattinam, Kancheepuram, Thiruvallur, Villupuram districts (Tamil Nadu province), Puducherry province",Tropical depression 'Rovan',,No,No,Yes,,93202.05,Km2,11.828,78.855,,2015,11,8,2015,12,4,325,1000,1800000,,1801000,,,755000,999233,2200000,2911671,75.55797677,"[{""adm1_code"":70080,""adm1_name"":""Puducherry""},{""adm2_code"":17549,""adm2_name"":""Chittoor""},{""adm2_code"":17550,""adm2_name"":""Cuddapah""},{""adm2_code"":17561,""adm2_name"":""Nellore""},{""adm2_code"":17563,""adm2_name"":""Prakasam""},{""adm2_code"":70242,""adm2_name"":""Chennai""},{""adm2_code"":70243,""adm2_name"":""Cuddalore""},{""adm2_code"":70244,""adm2_name"":""Kancheepuram""},{""adm2_code"":70247,""adm2_name"":""Nagapattinam""},{""adm2_code"":70251,""adm2_name"":""Thiruvallur""},{""adm2_code"":70255,""adm2_name"":""Villupuram""}]","[{""gid_1"":""IND.27_1"",""migration_date"":""2025-12-20"",""migration_method"":""jaccard1"",""name_1"":""Puducherry""},{""gid_2"":""IND.2.13_1"",""migration_date"":""2025-12-20"",""migration_method"":""jaccard2"",""name_2"":""Y.S.R.""},{""gid_2"":""IND.2.2_1"",""migration_date"":""2025-12-20"",""migration_method"":""jaccard2"",""name_2"":""Chittoor""},{""gid_2"":""IND.2.7_1"",""migration_date"":""2025-12-20"",""migration_method"":""jaccard2"",""name_2"":""Nellore""},{""gid_2"":""IND.2.8_1"",""migration_date"":""2025-12-20"",""migration_method"":""jaccard2"",""name_2"":""Prakasam""},{""gid_2"":""IND.31.13_1"",""migration_date"":""2025-12-20"",""migration_method"":""puzzle2_2"",""name_2"":""Nagappattinam""},{""gid_2"":""IND.31.23_1"",""migration_date"":""2025-12-20"",""migration_method"":""jaccard2"",""name_2"":""Thiruvallur""},{""gid_2"":""IND.31.24_1"",""migration_date"":""2025-12-20"",""migration_method"":""puzzle2_2"",""name_2"":""Thiruvarur""},{""gid_2"":""IND.31.2_1"",""migration_date"":""2025-12-20"",""migration_method"":""jaccard2"",""name_2"":""Chennai""},{""gid_2"":""IND.31.31_1"",""migration_date"":""2025-12-20"",""migration_method"":""jaccard2"",""name_2"":""Viluppuram""},{""gid_2"":""IND.31.4_1"",""migration_date"":""2025-12-20"",""migration_method"":""jaccard2"",""name_2"":""Cuddalore""},{""gid_2"":""IND.31.8_1"",""migration_date"":""2025-12-20"",""migration_method"":""jaccard2"",""name_2"":""Kancheepuram""}]",2015-11-16,2025-12-20
2015-0604-IND,No,nat-met-sto-lig,Natural,Meteorological,Storm,Lightning/Thunderstorms,,,IND,India,Southern Asia,Asia,Maharashtra province,,,No,No,No,,,Kph,,,,2015,10,3,2015,10,4,29,,,,,,,,,,,75.55797677,"[{""adm1_code"":1498,""adm1_name"":""Maharashtra""}]","[{""gid_1"":""IND.20_1"",""migration_date"":""2025-12-20"",""migration_method"":""jaccard1"",""name_1"":""Maharashtra""}]",2016-04-07,2025-12-20
2016-0133-IND,No,nat-met-ext-hea,Natural,Meteorological,Extreme temperature,Heat wave,,,IND,India,Southern Asia,Asia,"Andhra Pradesh, Rajasthan, Orissa, Bihar, Jharkhand, Tamil Nadu, Uttar Pradesh provinces",,,No,No,No,,51,°C,,,,2016,4,1,2016,5,20,300,,,,,,,,,,,76.5112162,"[{""adm1_code"":1485,""adm1_name"":""Andhra Pradesh""},{""adm1_code"":1504,""adm1_name"":""Orissa""},{""adm1_code"":1506,""adm1_name"":""Rajasthan""},{""adm1_code"":1508,""adm1_name"":""Tamil Nadu""},{""adm1_code"":70073,""adm1_name"":""Bihar""},{""adm1_code"":70078,""adm1_name"":""Jharkhand""},{""adm1_code"":70081,""adm1_name"":""Uttar Pradesh""}]","[{""gid_1"":""IND.15_1"",""migration_date"":""2025-12-20"",""migration_method"":""jaccard1"",""name_1"":""Jharkhand""},{""gid_1"":""IND.26_1"",""migration_date"":""2025-12-20"",""migration_method"":""jaccard1"",""name_1"":""Odisha""},{""gid_1"":""IND.29_1"",""migration_date"":""2025-12-20"",""migration_method"":""jaccard1"",""name_1"":""Rajasthan""},{""gid_1"":""IND.2_1"",""migration_date"":""2025-12-20"",""migration_method"":""puzzle1_1"",""name_1"":""Andhra Pradesh""},{""gid_1"":""IND.31_1"",""migration_date"":""2025-12-20"",""migration_method"":""jaccard1"",""name_1"":""Tamil Nadu""},{""gid_1"":""IND.32_1"",""migration_date"":""2025-12-20"",""migration_method"":""puzzle1_1"",""name_1"":""Telangana""},{""gid_1"":""IND.34_1"",""migration_date"":""2025-12-20"",""migration_method"":""jaccard1"",""name_1"":""Uttar Pradesh""},{""gid_1"":""IND.5_1"",""migration_date"":""2025-12-20"",""migration_method"":""jaccard1"",""name_1"":""Bihar""}]",2016-05-10,2025-12-20
2016-0139-IND,No,nat-hyd-flo-flo,Natural,Hydrological,Flood,Flood (General),DFO:4355,,IND,India,Southern Asia,Asia,"Arunachal Pradesh, Assam, Nagaland provinces",Pre-monsoon rains,"Slide (land, mud, snow, rock)",No,No,No,,70517.68,Km2,27.464,95.607,Brahmaptura river,2016,4,22,2016,4,25,18,,100000,,100000,,,,,150000,196050,76.5112162,"[{""adm1_code"":1487,""adm1_name"":""Assam""},{""adm1_code"":1503,""adm1_name"":""Nagaland""},{""adm1_code"":70072,""adm1_name"":""Arunachal Pradesh""}]","[{""gid_1"":""IND.24_1"",""migration_date"":""2025-12-20"",""migration_method"":""jaccard1"",""name_1"":""Nagaland""},{""gid_1"":""IND.3_1"",""migration_date"":""2025-12-20"",""migration_method"":""jaccard1"",""name_1"":""Arunachal Pradesh""},{""gid_1"":""IND.4_1"",""migration_date"":""2025-12-20"",""migration_method"":""jaccard1"",""name_1"":""Assam""}]",2016-05-10,2025-12-20
2016-0267-IND,No,nat-hyd-flo-fla,Natural,Hydrological,Flood,Flash flood,,,IND,India,Southern Asia,Asia,"Lakhimpur, Golaghat, Jorhat, Barpeta, Bongaigaon, Goalpara, Dhubri, Marigaon, Darrang, Nalbari districts (Assam province)",Monsoonal rain,,No,No,No,,,Km2,,,"Brahmaputra, Barak Rivers",2016,7,28,2016,7,30,50,,,2000000,2000000,,,,,150000,196050,76.5112162,"[{""adm2_code"":17576,""adm2_name"":""Barpeta""},{""adm2_code"":17578,""adm2_name"":""Darrang""},{""adm2_code"":17579,""adm2_name"":""Dhuburi""},{""adm2_code"":17581,""adm2_name"":""Goalpara""},{""adm2_code"":17582,""adm2_name"":""Golaghat""},{""adm2_code"":17590,""adm2_name"":""Nalbari""},{""adm2_code"":70086,""adm2_name"":""Bongaigaon""},{""adm2_code"":70089,""adm2_name"":""Jorhat""},{""adm2_code"":70091,""adm2_name"":""Lakhimpur""},{""adm2_code"":70092,""adm2_name"":""Marigaon""}]","[{""gid_1"":""IND.4_1"",""migration_date"":""2025-12-20"",""migration_method"":""parent2_1"",""name_1"":""Assam""}]",2016-08-04,2025-12-20
2009-0640-IND,No,nat-met-sto-sev,Natural,Meteorological,Storm,Severe weather,,,IND,India,Southern Asia,Asia,Uttar Pradesh province,,Hail,No,No,No,,,Kph,,,,2009,5,11,2009,5,11,32,23,,,23,,,,,,,68.39164268,"[{""adm1_code"":70081,""adm1_name"":""Uttar Pradesh""}]","[{""gid_1"":""IND.34_1"",""migration_date"":""2025-12-20"",""migration_method"":""jaccard1"",""name_1"":""Uttar Pradesh""}]",2010-07-16,2025-12-20
2010-0171-IND,No,nat-met-sto-tro,Natural,Meteorological,Storm,Tropical cyclone,GLIDE:ST-2010-000074,,IND,India,Southern Asia,Asia,"Bihar, West Bengal, Assam provinces",,,No,No,No,,,Kph,,,,2010,4,13,2010,4,14,114,,,500000,500000,,,,,,,69.51329329,"[{""adm1_code"":1487,""adm1_name"":""Assam""},{""adm1_code"":1511,""adm1_name"":""West Bengal""},{""adm1_code"":70073,""adm1_name"":""Bihar""}]","[{""gid_1"":""IND.36_1"",""migration_date"":""2025-12-20"",""migration_method"":""jaccard1"",""name_1"":""West Bengal""},{""gid_1"":""IND.4_1"",""migration_date"":""2025-12-20"",""migration_method"":""jaccard1"",""name_1"":""Assam""},{""gid_1"":""IND.5_1"",""migration_date"":""2025-12-20"",""migration_method"":""jaccard1"",""name_1"":""Bihar""}]",2010-04-26,2025-12-20
2010-0177-IND,No,nat-met-sto-sto,Natural,Meteorological,Storm,Storm (General),,,IND,India,Southern Asia,Asia,"Uttar Pradesh, Bihar provinces",,Flood,No,No,No,,,Kph,,,,2010,5,6,2010,5,8,54,50,,,50,,,,,,,69.51329329,"[{""adm1_code"":70073,""adm1_name"":""Bihar""},{""adm1_code"":70081,""adm1_name"":""Uttar Pradesh""}]","[{""gid_1"":""IND.34_1"",""migration_date"":""2025-12-20"",""migration_method"":""jaccard1"",""name_1"":""Uttar Pradesh""},{""gid_1"":""IND.5_1"",""migration_date"":""2025-12-20"",""migration_method"":""jaccard1"",""name_1"":""Bihar""}]",2010-05-10,2025-12-20
2012-0015-IND,No,nat-met-ext-col,Natural,Meteorological,Extreme temperature,Cold wave,,,IND,India,Southern Asia,Asia,"Karimnagar, Vishakhapatnam, Guntur districts (Andhra Pradesh province)",,,No,No,No,,,°C,,,,2012,1,15,2012,1,17,15,,,,,,,,,,,73.19159161,"[{""adm2_code"":17552,""adm2_name"":""Guntur""},{""adm2_code"":17554,""adm2_name"":""Karimnagar""},{""adm2_code"":17566,""adm2_name"":""Vishakhapatnam""}]","[{""gid_2"":""IND.2.10_1"",""migration_date"":""2025-12-20"",""migration_method"":""jaccard2"",""name_2"":""Visakhapatnam""},{""gid_2"":""IND.2.4_1"",""migration_date"":""2025-12-20"",""migration_method"":""jaccard2"",""name_2"":""Guntur""},{""gid_2"":""IND.32.3_1"",""migration_date"":""2025-12-20"",""migration_method"":""jaccard2"",""name_2"":""Karimnagar""}]",2012-01-24,2025-12-20
2010-0629-IND,No,nat-hyd-flo-riv,Natural,Hydrological,Flood,Riverine flood,GLIDE:FL-2010-000249,,IND,India,Southern Asia,Asia,"Chennai, Cuddalore, Nagapattinam, Pudukottai, Ramanthapuram, Thanjavur, Thiruvallur, Villupuram, Thoothukudi, Tirunelveli Kattabo districts (Tamil Nadu province)",Monsoonal rain,,No,No,No,,57474,Km2,9.88,78.47,,2010,11,15,2010,12,7,203,,,,,,,,,22000,31649,69.51329329,"[{""adm2_code"":17866,""adm2_name"":""Thoothukudi""},{""adm2_code"":17876,""adm2_name"":""Pudukkottai""},{""adm2_code"":17878,""adm2_name"":""Ramanathapuram""},{""adm2_code"":17881,""adm2_name"":""Thanjavur""},{""adm2_code"":17884,""adm2_name"":""Tirunelveli Kattabo""},{""adm2_code"":70242,""adm2_name"":""Chennai""},{""adm2_code"":70243,""adm2_name"":""Cuddalore""},{""adm2_code"":70247,""adm2_name"":""Nagapattinam""},{""adm2_code"":70251,""adm2_name"":""Thiruvallur""},{""adm2_code"":70255,""adm2_name"":""Villupuram""}]","[{""gid_2"":""IND.31.13_1"",""migration_date"":""2025-12-20"",""migration_method"":""puzzle2_2"",""name_2"":""Nagappattinam""},{""gid_2"":""IND.31.16_1"",""migration_date"":""2025-12-20"",""migration_method"":""jaccard2"",""name_2"":""Pudukkottai""},{""gid_2"":""IND.31.17_1"",""migration_date"":""2025-12-20"",""migration_method"":""jaccard2"",""name_2"":""Ramanathapuram""},{""gid_2"":""IND.31.20_1"",""migration_date"":""2025-12-20"",""migration_method"":""jaccard2"",""name_2"":""Thanjavur""},{""gid_2"":""IND.31.23_1"",""migration_date"":""2025-12-20"",""migration_method"":""jaccard2"",""name_2"":""Thiruvallur""},{""gid_2"":""IND.31.24_1"",""migration_date"":""2025-12-20"",""migration_method"":""puzzle2_2"",""name_2"":""Thiruvarur""},{""gid_2"":""IND.31.25_1"",""migration_date"":""2025-12-20"",""migration_method"":""jaccard2"",""name_2"":""Thoothukkudi""},{""gid_2"":""IND.31.27_1"",""migration_date"":""2025-12-20"",""migration_method"":""jaccard2"",""name_2"":""Tirunelveli""},{""gid_2"":""IND.31.2_1"",""migration_date"":""2025-12-20"",""migration_method"":""jaccard2"",""name_2"":""Chennai""},{""gid_2"":""IND.31.31_1"",""migration_date"":""2025-12-20"",""migration_method"":""jaccard2"",""name_2"":""Viluppuram""},{""gid_2"":""IND.31.4_1"",""migration_date"":""2025-12-20"",""migration_method"":""jaccard2"",""name_2"":""Cuddalore""}]",2011-01-06,2025-12-20
2011-0007-IND,No,nat-met-ext-col,Natural,Meteorological,Extreme temperature,Cold wave,,,IND,India,Southern Asia,Asia,"Delhi province, Allahabad, Pratapgarh, Jaunpur, Bara Banki districts (Uttar Pradesh province), Sundernagar city (Mandi district, Himachal Pradesh province), Bhuntar city (Kullu district, Himachal Pradesh province), Shimla, Solan districts (Himachal Pradesh province), Leh city ('40422' Jammu and Kashmir province), Qazigund city ('40425' Jammu and Kashmir province), Bihar province",,,No,No,No,,-20.2,°C,,,,2011,1,1,2011,1,18,80,,,,,,,,,,,71.70772361,"[{""adm1_code"":1489,""adm1_name"":""Delhi""},{""adm1_code"":40422,""adm1_name"":""Administrative unit not available""},{""adm1_code"":40425,""adm1_name"":""Administrative unit not available""},{""adm1_code"":70073,""adm1_name"":""Bihar""},{""adm2_code"":17671,""adm2_name"":""Kullu""},{""adm2_code"":17673,""adm2_name"":""Mandi""},{""adm2_code"":17674,""adm2_name"":""Shimla""},{""adm2_code"":17676,""adm2_name"":""Solan""},{""adm2_code"":17890,""adm2_name"":""Allahabad""},{""adm2_code"":17896,""adm2_name"":""Bara Banki""},{""adm2_code"":17918,""adm2_name"":""Jaunpur""},{""adm2_code"":17933,""adm2_name"":""Pratapgarh""}]","[{""gid_1"":""IND.25_1"",""migration_date"":""2025-12-20"",""migration_method"":""jaccard1"",""name_1"":""NCT of Delhi""},{""gid_1"":""IND.5_1"",""migration_date"":""2025-12-20"",""migration_method"":""jaccard1"",""name_1"":""Bihar""},{""gid_2"":""IND.13.11_1"",""migration_date"":""2025-12-20"",""migration_method"":""jaccard2"",""name_2"":""Solan""},{""gid_2"":""IND.13.6_1"",""migration_date"":""2025-12-20"",""migration_method"":""jaccard2"",""name_2"":""Kullu""},{""gid_2"":""IND.13.8_1"",""migration_date"":""2025-12-20"",""migration_method"":""jaccard2"",""name_2"":""Mandi""},{""gid_2"":""IND.13.9_1"",""migration_date"":""2025-12-20"",""migration_method"":""jaccard2"",""name_2"":""Shimla""},{""gid_2"":""IND.34.14_1"",""migration_date"":""2025-12-20"",""migration_method"":""jaccard2"",""name_2"":""Barabanki""},{""gid_2"":""IND.34.39_1"",""migration_date"":""2025-12-20"",""migration_method"":""jaccard2"",""name_2"":""Jaunpur""},{""gid_2"":""IND.34.3_1"",""migration_date"":""2025-12-20"",""migration_method"":""jaccard2"",""name_2"":""Allahabad""},{""gid_2"":""IND.34.60_1"",""migration_date"":""2025-12-20"",""migration_method"":""jaccard2"",""name_2"":""Pratapgarh""},{""gid_2"":""Z01.14.13_1"",""migration_date"":""2025-12-20"",""migration_method"":""puzzle1_2"",""name_2"":""Leh (Ladakh)""}]",2012-04-05,2025-12-20
2011-0351-IND,No,nat-geo-ear-gro,Natural,Geophysical,Earthquake,Ground movement,GLIDE:EQ-2011-000136|USGS:usp000j88b,,IND,India,Southern Asia,Asia,"Sikkim, West Bengal, Bihar, Assam, Meghalaya provinces",,"Slide (land, mud, snow, rock)",No,No,No,33,6.9,Moment Magnitude,27.73,88.155,,2011,9,18,2011,9,18,112,200,500000,75000,575200,,,,,,,71.70772361,"[{""adm1_code"":1487,""adm1_name"":""Assam""},{""adm1_code"":1501,""adm1_name"":""Meghalaya""},{""adm1_code"":1507,""adm1_name"":""Sikkim""},{""adm1_code"":1511,""adm1_name"":""West Bengal""},{""adm1_code"":70073,""adm1_name"":""Bihar""}]","[{""gid_1"":""IND.22_1"",""migration_date"":""2025-12-20"",""migration_method"":""jaccard1"",""name_1"":""Meghalaya""},{""gid_1"":""IND.30_1"",""migration_date"":""2025-12-20"",""migration_method"":""jaccard1"",""name_1"":""Sikkim""},{""gid_1"":""IND.36_1"",""migration_date"":""2025-12-20"",""migration_method"":""jaccard1"",""name_1"":""West Bengal""},{""gid_1"":""IND.4_1"",""migration_date"":""2025-12-20"",""migration_method"":""jaccard1"",""name_1"":""Assam""},{""gid_1"":""IND.5_1"",""migration_date"":""2025-12-20"",""migration_method"":""jaccard1"",""name_1"":""Bihar""}]",2011-11-07,2025-12-20
2011-0371-IND,No,nat-hyd-flo-riv,Natural,Hydrological,Flood,Riverine flood,GLIDE:FL-2011-000138,,IND,India,Southern Asia,Asia,"Angul, Baleshwar, Baragarh, Bhadrak, Boudh, Cuttack, Deogarh, Dhenkanal, Jajpur, Jagatsinghpur, Jharsuguda, Kendrapara, Khordha, Mayurbhanj, Nayagarh, Nuapada, Puri, Sambalpur districts (Orissa province)",Monsoonal rains,,Yes,No,No,,27751,Km2,20.651,86,,2011,9,23,2011,10,23,239,,3443989,,3443989,,,,,930000,1296931,71.70772361,"[{""adm2_code"":17809,""adm2_name"":""Cuttack""},{""adm2_code"":17810,""adm2_name"":""Dhenkanal""},{""adm2_code"":17816,""adm2_name"":""Mayurbhanj""},{""adm2_code"":17818,""adm2_name"":""Puri""},{""adm2_code"":17819,""adm2_name"":""Sambalpur""},{""adm2_code"":70206,""adm2_name"":""Angul""},{""adm2_code"":70207,""adm2_name"":""Baleshwar""},{""adm2_code"":70208,""adm2_name"":""Baragarh""},{""adm2_code"":70209,""adm2_name"":""Bhadrak""},{""adm2_code"":70211,""adm2_name"":""Boudh""},{""adm2_code"":70212,""adm2_name"":""Deogarh""},{""adm2_code"":70214,""adm2_name"":""Jagatsinghpur""},{""adm2_code"":70215,""adm2_name"":""Jajpur""},{""adm2_code"":70216,""adm2_name"":""Jharsuguda""},{""adm2_code"":70218,""adm2_name"":""Kendrapara""},{""adm2_code"":70219,""adm2_name"":""Khordha""},{""adm2_code"":70222,""adm2_name"":""Nayagarh""},{""adm2_code"":70223,""adm2_name"":""Nuapada""}]","[{""gid_2"":""IND.26.12_1"",""migration_date"":""2025-12-20"",""migration_method"":""jaccard2"",""name_2"":""Jagatsinghapur""},{""gid_2"":""IND.26.13_1"",""migration_date"":""2025-12-20"",""migration_method"":""jaccard2"",""name_2"":""Jajapur""},{""gid_2"":""IND.26.14_1"",""migration_date"":""2025-12-20"",""migration_method"":""jaccard2"",""name_2"":""Jharsuguda""},{""gid_2"":""IND.26.17_1"",""migration_date"":""2025-12-20"",""migration_method"":""jaccard2"",""name_2"":""Kendrapara""},{""gid_2"":""IND.26.19_1"",""migration_date"":""2025-12-20"",""migration_method"":""jaccard2"",""name_2"":""Khordha""},{""gid_2"":""IND.26.1_1"",""migration_date"":""2025-12-20"",""migration_method"":""jaccard2"",""name_2"":""Anugul""},{""gid_2"":""IND.26.22_1"",""migration_date"":""2025-12-20"",""migration_method"":""jaccard2"",""name_2"":""Mayurbhanj""},{""gid_2"":""IND.26.24_1"",""migration_date"":""2025-12-20"",""migration_method"":""jaccard2"",""name_2"":""Nayagarh""},{""gid_2"":""IND.26.25_1"",""migration_date"":""2025-12-20"",""migration_method"":""jaccard2"",""name_2"":""Nuapada""},{""gid_2"":""IND.26.26_1"",""migration_date"":""2025-12-20"",""migration_method"":""jaccard2"",""name_2"":""Puri""},{""gid_2"":""IND.26.28_1"",""migration_date"":""2025-12-20"",""migration_method"":""jaccard2"",""name_2"":""Sambalpur""},{""gid_2"":""IND.26.3_1"",""migration_date"":""2025-12-20"",""migration_method"":""jaccard2"",""name_2"":""Baleshwar""},{""gid_2"":""IND.26.4_1"",""migration_date"":""2025-12-20"",""migration_method"":""jaccard2"",""name_2"":""Bargarh""},{""gid_2"":""IND.26.5_1"",""migration_date"":""2025-12-20"",""migration_method"":""jaccard2"",""name_2"":""Bauda""},{""gid_2"":""IND.26.6_1"",""migration_date"":""2025-12-20"",""migration_method"":""jaccard2"",""name_2"":""Bhadrak""},{""gid_2"":""IND.26.7_1"",""migration_date"":""2025-12-20"",""migration_method"":""jaccard2"",""name_2"":""Cuttack""},{""gid_2"":""IND.26.8_1"",""migration_date"":""2025-12-20"",""migration_method"":""jaccard2"",""name_2"":""Debagarh""},{""gid_2"":""IND.26.9_1"",""migration_date"":""2025-12-20"",""migration_method"":""jaccard2"",""name_2"":""Dhenkanal""}]",2014-07-28,2025-12-20
2011-0424-IND,No,nat-hyd-flo-riv,Natural,Hydrological,Flood,Riverine flood,,,IND,India,Southern Asia,Asia,"Barpeta, Bongaigaon, Darrang, Dhemaji, Dhuburi, Golaghat, Jorhat, Karbi Anglong, Sibsagar, Lakhimpur, Nagaon, Sonitpur districts, (Assam province), Begusarai, Bhagalpur, Bhojpur, Buxar, Gopalganj, Katihar, Khagaria, Kishanganj, Lakhisarai, Madhubani, Madhepura, Muzaffarpur, Patna, Purnia, Samastipur, Saran, Saharsa, Sitamarhi, Supaul, Vaishali, Pashchim Champaran districts (Bihar province), Azamgarh, Aligarh, Ambedkar Nagar, Badaun, Ballia, Bara Banki, Bahraich, Bareilly, Bijnor, Faizabad, Farrukhabad, Ghazipur, Gonda, Gorakhpur, Hardoi, Jyotiba Phule Nagar, Kannauj, Kanpur, Kushinagar, Lakhimpur Kheri, Meerut, Muzaffarnagar, Moradabad, Pilibhit, Rampur, Shahjahanpur, Sitapur, Unnao districts (Uttar Pradesh province)",Monsoonal rain,,No,No,No,5222,40941,Km2,26.376,86.24,"Bagmati, Burgi, Dhansiri, Gandak, Ganges, Ghanghra, Kosi, Pupun rivers",2011,8,15,2011,10,2,204,,5549080,,5549080,,,,,,,71.70772361,"[{""adm2_code"":17576,""adm2_name"":""Barpeta""},{""adm2_code"":17578,""adm2_name"":""Darrang""},{""adm2_code"":17579,""adm2_name"":""Dhuburi""},{""adm2_code"":17582,""adm2_name"":""Golaghat""},{""adm2_code"":17584,""adm2_name"":""Karbi Anglong""},{""adm2_code"":17589,""adm2_name"":""Nagaon""},{""adm2_code"":17592,""adm2_name"":""Sibsagar""},{""adm2_code"":17593,""adm2_name"":""Sonitpur""},{""adm2_code"":70086,""adm2_name"":""Bongaigaon""},{""adm2_code"":70087,""adm2_name"":""Dhemaji""},{""adm2_code"":70089,""adm2_name"":""Jorhat""},{""adm2_code"":70091,""adm2_name"":""Lakhimpur""},{""adm2_code"":17595,""adm2_name"":""Begusarai""},{""adm2_code"":17596,""adm2_name"":""Bhagalpur""},{""adm2_code"":17604,""adm2_name"":""Gopalganj""},{""adm2_code"":17608,""adm2_name"":""Katihar""},{""adm2_code"":17609,""adm2_name"":""Khagaria""},{""adm2_code"":17611,""adm2_name"":""Madhubani""},{""adm2_code"":17612,""adm2_name"":""Madhepura""},{""adm2_code"":17613,""adm2_name"":""Muzaffarpur""},{""adm2_code"":17618,""adm2_name"":""Pashchim Champaran""},{""adm2_code"":17619,""adm2_name"":""Patna""},{""adm2_code"":17621,""adm2_name"":""Purnia""},{""adm2_code"":17624,""adm2_name"":""Saharsa""},{""adm2_code"":17626,""adm2_name"":""Samastipur""},{""adm2_code"":17628,""adm2_name"":""Saran""},{""adm2_code"":17630,""adm2_name"":""Sitamarhi""},{""adm2_code"":17632,""adm2_name"":""Vaishali""},{""adm2_code"":70097,""adm2_name"":""Bhojpur""},{""adm2_code"":70098,""adm2_name"":""Buxar""},{""adm2_code"":70100,""adm2_name"":""Kishanganj""},{""adm2_code"":70101,""adm2_name"":""Lakhisarai""},{""adm2_code"":70104,""adm2_name"":""Supaul""},{""adm2_code"":17889,""adm2_name"":""Aligarh""},{""adm2_code"":17892,""adm2_name"":""Azamgarh""},{""adm2_code"":17893,""adm2_name"":""Bahraich""},{""adm2_code"":17894,""adm2_name"":""Ballia""},{""adm2_code"":17896,""adm2_name"":""Bara Banki""},{""adm2_code"":17920,""adm2_name"":""Kanpur""},{""adm2_code"":17921,""adm2_name"":""Lakhimpur Kheri""},{""adm2_code"":17926,""adm2_name"":""Meerut""},{""adm2_code"":17928,""adm2_name"":""Moradabad""},{""adm2_code"":17929,""adm2_name"":""Muzaffarnagar""},{""adm2_code"":17931,""adm2_name"":""Pilibhit""},{""adm2_code"":17935,""adm2_name"":""Rampur""},{""adm2_code"":17937,""adm2_name"":""Shahjahanpur""},{""adm2_code"":17938,""adm2_name"":""Sitapur""},{""adm2_code"":17941,""adm2_name"":""Unnao""},{""adm2_code"":70257,""adm2_name"":""Ambedkar Nagar""},{""adm2_code"":70259,""adm2_name"":""Badaun""},{""adm2_code"":70267,""adm2_name"":""Jyotiba Phule Nagar""},{""adm2_code"":70268,""adm2_name"":""Kannauj""},{""adm2_code"":70271,""adm2_name"":""Kushinagar""}]","[{""gid_2"":""IND.34.10_1"",""migration_date"":""2025-12-20"",""migration_method"":""jaccard2"",""name_2"":""Bahraich""},{""gid_2"":""IND.34.11_1"",""migration_date"":""2025-12-20"",""migration_method"":""jaccard2"",""name_2"":""Ballia""},{""gid_2"":""IND.34.14_1"",""migration_date"":""2025-12-20"",""migration_method"":""jaccard2"",""name_2"":""Barabanki""},{""gid_2"":""IND.34.18_1"",""migration_date"":""2025-12-20"",""migration_method"":""jaccard2"",""name_2"":""Budaun""},{""gid_2"":""IND.34.2_1"",""migration_date"":""2025-12-20"",""migration_method"":""jaccard2"",""name_2"":""Aligarh""},{""gid_2"":""IND.34.41_1"",""migration_date"":""2025-12-20"",""migration_method"":""jaccard2"",""name_2"":""Kannauj""},{""gid_2"":""IND.34.43_1"",""migration_date"":""2025-12-20"",""migration_method"":""bufhaus2"",""name_2"":""Kanpur Nagar""},{""gid_2"":""IND.34.46_1"",""migration_date"":""2025-12-20"",""migration_method"":""jaccard2"",""name_2"":""Kushinagar""},{""gid_2"":""IND.34.47_1"",""migration_date"":""2025-12-20"",""migration_method"":""jaccard2"",""name_2"":""Lakhimpur Kheri""},{""gid_2"":""IND.34.4_1"",""migration_date"":""2025-12-20"",""migration_method"":""jaccard2"",""name_2"":""Ambedkar Nagar""},{""gid_2"":""IND.34.55_1"",""migration_date"":""2025-12-20"",""migration_method"":""jaccard2"",""name_2"":""Meerut""},{""gid_2"":""IND.34.57_1"",""migration_date"":""2025-12-20"",""migration_method"":""bufhaus2"",""name_2"":""Moradabad""},{""gid_2"":""IND.34.58_1"",""migration_date"":""2025-12-20"",""migration_method"":""puzzle2_2"",""name_2"":""Muzaffarnagar""},{""gid_2"":""IND.34.59_1"",""migration_date"":""2025-12-20"",""migration_method"":""jaccard2"",""name_2"":""Pilibhit""},{""gid_2"":""IND.34.62_1"",""migration_date"":""2025-12-20"",""migration_method"":""jaccard2"",""name_2"":""Rampur""},{""gid_2"":""IND.34.67_1"",""migration_date"":""2025-12-20"",""migration_method"":""jaccard2"",""name_2"":""Shahjahanpur""},{""gid_2"":""IND.34.68_1"",""migration_date"":""2025-12-20"",""migration_method"":""puzzle2_2"",""name_2"":""Shamli""},{""gid_2"":""IND.34.6_1"",""migration_date"":""2025-12-20"",""migration_method"":""jaccard2"",""name_2"":""Amroha""},{""gid_2"":""IND.34.71_1"",""migration_date"":""2025-12-20"",""migration_method"":""jaccard2"",""name_2"":""Sitapur""},{""gid_2"":""IND.34.74_1"",""migration_date"":""2025-12-20"",""migration_method"":""jaccard2"",""name_2"":""Unnao""},{""gid_2"":""IND.34.8_1"",""migration_date"":""2025-12-20"",""migration_method"":""jaccard2"",""name_2"":""Azamgarh""},{""gid_2"":""IND.4.12_1"",""migration_date"":""2025-12-20"",""migration_method"":""jaccard2"",""name_2"":""Golaghat""},{""gid_2"":""IND.4.14_1"",""migration_date"":""2025-12-20"",""migration_method"":""jaccard2"",""name_2"":""Jorhat""},{""gid_2"":""IND.4.17_1"",""migration_date"":""2025-12-20"",""migration_method"":""jaccard2"",""name_2"":""Karbi Anglong""},{""gid_2"":""IND.4.20_1"",""migration_date"":""2025-12-20"",""migration_method"":""jaccard2"",""name_2"":""Lakhimpur""},{""gid_2"":""IND.4.22_1"",""migration_date"":""2025-12-20"",""migration_method"":""jaccard2"",""name_2"":""Nagaon""},{""gid_2"":""IND.4.24_1"",""migration_date"":""2025-12-20"",""migration_method"":""jaccard2"",""name_2"":""Sivasagar""},{""gid_2"":""IND.4.25_1"",""migration_date"":""2025-12-20"",""migration_method"":""jaccard2"",""name_2"":""Sonitpur""},{""gid_2"":""IND.4.27_1"",""migration_date"":""2025-12-20"",""migration_method"":""puzzle2_2"",""name_2"":""Udalguri""},{""gid_2"":""IND.4.2_1"",""migration_date"":""2025-12-20"",""migration_method"":""jaccard2"",""name_2"":""Barpeta""},{""gid_2"":""IND.4.3_1"",""migration_date"":""2025-12-20"",""migration_method"":""puzzle2_2"",""name_2"":""Bongaigaon""},{""gid_2"":""IND.4.5_1"",""migration_date"":""2025-12-20"",""migration_method"":""puzzle2_2"",""name_2"":""Chirang""},{""gid_2"":""IND.4.6_1"",""migration_date"":""2025-12-20"",""migration_method"":""puzzle2_2"",""name_2"":""Darrang""},{""gid_2"":""IND.4.7_1"",""migration_date"":""2025-12-20"",""migration_method"":""jaccard2"",""name_2"":""Dhemaji""},{""gid_2"":""IND.4.8_1"",""migration_date"":""2025-12-20"",""migration_method"":""jaccard2"",""name_2"":""Dhubri""},{""gid_2"":""IND.5.11_1"",""migration_date"":""2025-12-20"",""migration_method"":""jaccard2"",""name_2"":""Gopalganj""},{""gid_2"":""IND.5.15_1"",""migration_date"":""2025-12-20"",""migration_method"":""jaccard2"",""name_2"":""Katihar""},{""gid_2"":""IND.5.16_1"",""migration_date"":""2025-12-20"",""migration_method"":""jaccard2"",""name_2"":""Khagaria""},{""gid_2"":""IND.5.17_1"",""migration_date"":""2025-12-20"",""migration_method"":""jaccard2"",""name_2"":""Kishanganj""},{""gid_2"":""IND.5.18_1"",""migration_date"":""2025-12-20"",""migration_method"":""jaccard2"",""name_2"":""Lakhisarai""},{""gid_2"":""IND.5.19_1"",""migration_date"":""2025-12-20"",""migration_method"":""jaccard2"",""name_2"":""Madhepura""},{""gid_2"":""IND.5.20_1"",""migration_date"":""2025-12-20"",""migration_method"":""jaccard2"",""name_2"":""Madhubani""},{""gid_2"":""IND.5.22_1"",""migration_date"":""2025-12-20"",""migration_method"":""jaccard2"",""name_2"":""Muzaffarpur""},{""gid_2"":""IND.5.25_1"",""migration_date"":""2025-12-20"",""migration_method"":""jaccard2"",""name_2"":""Pashchim Champaran""},{""gid_2"":""IND.5.26_1"",""migration_date"":""2025-12-20"",""migration_method"":""jaccard2"",""name_2"":""Patna""},{""gid_2"":""IND.5.28_1"",""migration_date"":""2025-12-20"",""migration_method"":""jaccard2"",""name_2"":""Purnia""},{""gid_2"":""IND.5.30_1"",""migration_date"":""2025-12-20"",""migration_method"":""jaccard2"",""name_2"":""Saharsa""},{""gid_2"":""IND.5.31_1"",""migration_date"":""2025-12-20"",""migration_method"":""jaccard2"",""name_2"":""Samastipur""},{""gid_2"":""IND.5.32_1"",""migration_date"":""2025-12-20"",""migration_method"":""jaccard2"",""name_2"":""Saran""},{""gid_2"":""IND.5.35_1"",""migration_date"":""2025-12-20"",""migration_method"":""jaccard2"",""name_2"":""Sitamarhi""},{""gid_2"":""IND.5.37_1"",""migration_date"":""2025-12-20"",""migration_method"":""jaccard2"",""name_2"":""Supaul""},{""gid_2"":""IND.5.38_1"",""migration_date"":""2025-12-20"",""migration_method"":""jaccard2"",""name_2"":""Vaishali""},{""gid_2"":""IND.5.5_1"",""migration_date"":""2025-12-20"",""migration_method"":""jaccard2"",""name_2"":""Begusarai""},{""gid_2"":""IND.5.6_1"",""migration_date"":""2025-12-20"",""migration_method"":""jaccard2"",""name_2"":""Bhagalpur""},{""gid_2"":""IND.5.7_1"",""migration_date"":""2025-12-20"",""migration_method"":""jaccard2"",""name_2"":""Bhojpur""},{""gid_2"":""IND.5.8_1"",""migration_date"":""2025-12-20"",""migration_method"":""jaccard2"",""name_2"":""Buxar""}]",2011-11-14,2025-12-20
2011-0593-IND,No,nat-met-sto-lig,Natural,Meteorological,Storm,Lightning/Thunderstorms,,,IND,India,Southern Asia,Asia,Karnataka province,,,No,No,No,,,Kph,,,,2011,4,15,2011,4,15,17,,,,,,,,,,,71.70772361,"[{""adm1_code"":1494,""adm1_name"":""Karnataka""}]","[{""gid_1"":""IND.16_1"",""migration_date"":""2025-12-20"",""migration_method"":""jaccard1"",""name_1"":""Karnataka""}]",2012-01-04,2025-12-20
2011-0647-IND,No,nat-hyd-flo-riv,Natural,Hydrological,Flood,Riverine flood,,,IND,India,Southern Asia,Asia,"Uttar Pradesh, Uttarakhand province",Heavy monsoonal rains,,No,No,No,,,Km2,,,,2011,6,15,2011,7,16,50,,,,,,,,,20000,27891,71.70772361,"[{""adm1_code"":70081,""adm1_name"":""Uttar Pradesh""},{""adm1_code"":70082,""adm1_name"":""Uttarakhand""}]","[{""gid_1"":""IND.34_1"",""migration_date"":""2025-12-20"",""migration_method"":""jaccard1"",""name_1"":""Uttar Pradesh""},{""gid_1"":""IND.35_1"",""migration_date"":""2025-12-20"",""migration_method"":""jaccard1"",""name_1"":""Uttarakhand""}]",2012-04-05,2025-12-20
2012-0179-IND,No,nat-hyd-flo-riv,Natural,Hydrological,Flood,Riverine flood,GLIDE:FL-2012-000110,,IND,India,Southern Asia,Asia,"Anjaw (70044), Lohit, Changlang, 70045, 70050, Lower Dibang Valley, East Siang, Upper Siang (70051) districts (Arunachal Pradesh province), Assam province",Monsoonal rain,"Slide (land, mud, snow, rock)",No,No,No,2700,254935,Km2,26.566,92.44,Brahmaputra,2012,6,26,2012,7,13,120,,2200000,,2200000,,,,,,,73.19159161,"[{""adm1_code"":1487,""adm1_name"":""Assam""},{""adm2_code"":70044,""adm2_name"":""Administrative unit not available""},{""adm2_code"":70045,""adm2_name"":""Administrative unit not available""},{""adm2_code"":70050,""adm2_name"":""Administrative unit not available""},{""adm2_code"":70051,""adm2_name"":""Administrative unit not available""},{""adm2_code"":17571,""adm2_name"":""East Siang""},{""adm2_code"":17572,""adm2_name"":""Lohit""},{""adm2_code"":70083,""adm2_name"":""Changlang""},{""adm2_code"":70084,""adm2_name"":""Lower Dibang Valley""}]","[{""gid_1"":""IND.4_1"",""migration_date"":""2025-12-20"",""migration_method"":""jaccard1"",""name_1"":""Assam""},{""gid_2"":""IND.3.11_1"",""migration_date"":""2025-12-20"",""migration_method"":""puzzle2_2"",""name_2"":""Namsai""},{""gid_2"":""IND.3.1_1"",""migration_date"":""2025-12-20"",""migration_method"":""puzzle2_2"",""name_2"":""Anjaw""},{""gid_2"":""IND.3.2_1"",""migration_date"":""2025-12-20"",""migration_method"":""jaccard2"",""name_2"":""Changlang""},{""gid_2"":""IND.3.5_1"",""migration_date"":""2025-12-20"",""migration_method"":""jaccard2"",""name_2"":""East Siang""},{""gid_2"":""IND.3.7_1"",""migration_date"":""2025-12-20"",""migration_method"":""puzzle2_2"",""name_2"":""Lohit""},{""gid_2"":""IND.3.9_1"",""migration_date"":""2025-12-20"",""migration_method"":""jaccard2"",""name_2"":""Lower Dibang Valley""},{""gid_2"":""Z07.3.15_1"",""migration_date"":""2025-12-20"",""migration_method"":""jaccard2"",""name_2"":""Upper Siang""},{""gid_2"":""Z07.3.1_1"",""migration_date"":""2025-12-20"",""migration_method"":""jaccard2"",""name_2"":""Anjaw""},{""gid_2"":""Z07.3.3_1"",""migration_date"":""2025-12-20"",""migration_method"":""jaccard2"",""name_2"":""Dibang Valley""},{""gid_2"":""Z07.3.9_1"",""migration_date"":""2025-12-20"",""migration_method"":""jaccard2"",""name_2"":""Lower Dibang Valley""}]",2012-11-12,2025-12-20
2013-0090-IND,No,nat-met-sto-tor,Natural,Meteorological,Storm,Tornado,,,IND,India,Southern Asia,Asia,Uttar Pradesh province,,,No,No,No,,,Kph,,,,2013,3,29,2013,3,30,9,,,,,,,,,,,74.26372907,"[{""adm1_code"":70081,""adm1_name"":""Uttar Pradesh""}]","[{""gid_1"":""IND.34_1"",""migration_date"":""2025-12-20"",""migration_method"":""jaccard1"",""name_1"":""Uttar Pradesh""}]",2013-04-08,2025-12-20
2013-0192-IND,No,nat-hyd-flo-riv,Natural,Hydrological,Flood,Riverine flood,GLIDE:FL-2013-000070,,IND,India,Southern Asia,Asia,"Uttarakhand, Himachal Pradesh, Uttar Pradesh, Bihar, Karnataka, Kerala, Gujarat, West Bengal provinces",Monsoonal rain,"Slide (land, mud, snow, rock)",Yes,No,No,,131743.41,Km2,32.714,76.61,"Ganges, Yamuna, Ghaghara tivers",2013,6,12,2013,6,27,6054,4473,500000,,504473,,,500000,673276,1100000,1481208,74.26372907,"[{""adm1_code"":1491,""adm1_name"":""Gujarat""},{""adm1_code"":1493,""adm1_name"":""Himachal Pradesh""},{""adm1_code"":1494,""adm1_name"":""Karnataka""},{""adm1_code"":1495,""adm1_name"":""Kerala""},{""adm1_code"":1511,""adm1_name"":""West Bengal""},{""adm1_code"":70073,""adm1_name"":""Bihar""},{""adm1_code"":70081,""adm1_name"":""Uttar Pradesh""},{""adm1_code"":70082,""adm1_name"":""Uttarakhand""}]","[{""gid_1"":""IND.11_1"",""migration_date"":""2025-12-20"",""migration_method"":""jaccard1"",""name_1"":""Gujarat""},{""gid_1"":""IND.13_1"",""migration_date"":""2025-12-20"",""migration_method"":""jaccard1"",""name_1"":""Himachal Pradesh""},{""gid_1"":""IND.16_1"",""migration_date"":""2025-12-20"",""migration_method"":""jaccard1"",""name_1"":""Karnataka""},{""gid_1"":""IND.17_1"",""migration_date"":""2025-12-20"",""migration_method"":""jaccard1"",""name_1"":""Kerala""},{""gid_1"":""IND.34_1"",""migration_date"":""2025-12-20"",""migration_method"":""jaccard1"",""name_1"":""Uttar Pradesh""},{""gid_1"":""IND.35_1"",""migration_date"":""2025-12-20"",""migration_method"":""jaccard1"",""name_1"":""Uttarakhand""},{""gid_1"":""IND.36_1"",""migration_date"":""2025-12-20"",""migration_method"":""jaccard1"",""name_1"":""West Bengal""},{""gid_1"":""IND.5_1"",""migration_date"":""2025-12-20"",""migration_method"":""jaccard1"",""name_1"":""Bihar""}]",2014-07-29,2025-12-20
2013-0482-IND,No,nat-met-sto-lig,Natural,Meteorological,Storm,Lightning/Thunderstorms,,,IND,India,Southern Asia,Asia,"Bihar, Jharkhand provinces",,,No,No,No,,,Kph,,,,2013,10,5,2013,10,6,32,,,,,,,,,,,74.26372907,"[{""adm1_code"":70073,""adm1_name"":""Bihar""},{""adm1_code"":70078,""adm1_name"":""Jharkhand""}]","[{""gid_1"":""IND.15_1"",""migration_date"":""2025-12-20"",""migration_method"":""jaccard1"",""name_1"":""Jharkhand""},{""gid_1"":""IND.5_1"",""migration_date"":""2025-12-20"",""migration_method"":""jaccard1"",""name_1"":""Bihar""}]",2013-11-25,2025-12-20
2014-0218-IND,No,nat-hyd-flo-riv,Natural,Hydrological,Flood,Riverine flood,GLIDE:FL-2014-000089,,IND,India,Southern Asia,Asia,Assam province,Heavy monsoonal rain,"Slide (land, mud, snow, rock)",No,No,No,,49220,Km2,,,Brahmaputra,2014,6,26,2014,6,28,27,,18500,,18500,,,,,2000,2650,75.46845568,"[{""adm1_code"":1487,""adm1_name"":""Assam""}]","[{""gid_1"":""IND.4_1"",""migration_date"":""2025-12-20"",""migration_method"":""jaccard1"",""name_1"":""Assam""}]",2014-07-16,2025-12-20
2014-0343-IND,No,nat-hyd-flo-riv,Natural,Hydrological,Flood,Riverine flood,GLIDE:FL-2014-000122,,IND,India,Southern Asia,Asia,Jammu and Kashmir provinces,Monsoonal rain,"Slide (land, mud, snow, rock)",Yes,No,No,,,Km2,,,,2014,9,,2014,9,,298,,275000,,275000,,,150000,198759,16000000,21200911,75.46845568,"[{""adm1_code"":40422,""adm1_name"":""Administrative unit not available""},{""adm1_code"":40423,""adm1_name"":""Administrative unit not available""},{""adm1_code"":40424,""adm1_name"":""Administrative unit not available""},{""adm1_code"":40425,""adm1_name"":""Administrative unit not available""},{""adm1_code"":40426,""adm1_name"":""Administrative unit not available""},{""adm1_code"":40427,""adm1_name"":""Administrative unit not available""},{""adm1_code"":40428,""adm1_name"":""Administrative unit not available""},{""adm1_code"":40429,""adm1_name"":""Administrative unit not available""},{""adm1_code"":40430,""adm1_name"":""Administrative unit not available""},{""adm1_code"":40431,""adm1_name"":""Administrative unit not available""}]","[{""gid_2"":""Z01.14.10_1"",""migration_date"":""2025-12-20"",""migration_method"":""puzzle1_2"",""name_2"":""Kishtwar""},{""gid_2"":""Z01.14.12_1"",""migration_date"":""2025-12-20"",""migration_method"":""puzzle1_2"",""name_2"":""Kupwara""},{""gid_2"":""Z01.14.13_1"",""migration_date"":""2025-12-20"",""migration_method"":""puzzle1_2"",""name_2"":""Leh (Ladakh)""},{""gid_2"":""Z01.14.14_1"",""migration_date"":""2025-12-20"",""migration_method"":""puzzle1_2"",""name_2"":""Poonch""},{""gid_2"":""Z01.14.16_1"",""migration_date"":""2025-12-20"",""migration_method"":""puzzle1_2"",""name_2"":""Rajouri""},{""gid_2"":""Z01.14.17_1"",""migration_date"":""2025-12-20"",""migration_method"":""puzzle1_2"",""name_2"":""Ramban""},{""gid_2"":""Z01.14.18_1"",""migration_date"":""2025-12-20"",""migration_method"":""puzzle1_2"",""name_2"":""Reasi""},{""gid_2"":""Z01.14.19_1"",""migration_date"":""2025-12-20"",""migration_method"":""puzzle1_2"",""name_2"":""Samba""},{""gid_2"":""Z01.14.21_1"",""migration_date"":""2025-12-20"",""migration_method"":""puzzle1_2"",""name_2"":""Srinagar""},{""gid_2"":""Z01.14.22_1"",""migration_date"":""2025-12-20"",""migration_method"":""puzzle1_2"",""name_2"":""Udhampur""},{""gid_2"":""Z01.14.2_1"",""migration_date"":""2025-12-20"",""migration_method"":""puzzle1_2"",""name_2"":""Badgam""},{""gid_2"":""Z01.14.3_1"",""migration_date"":""2025-12-20"",""migration_method"":""puzzle1_2"",""name_2"":""Bandipore""},{""gid_2"":""Z01.14.4_1"",""migration_date"":""2025-12-20"",""migration_method"":""puzzle1_2"",""name_2"":""Baramulla""},{""gid_2"":""Z01.14.5_1"",""migration_date"":""2025-12-20"",""migration_method"":""puzzle1_2"",""name_2"":""Doda""},{""gid_2"":""Z01.14.6_1"",""migration_date"":""2025-12-20"",""migration_method"":""puzzle1_2"",""name_2"":""Ganderbal""},{""gid_2"":""Z01.14.7_1"",""migration_date"":""2025-12-20"",""migration_method"":""puzzle1_2"",""name_2"":""Jammu""},{""gid_2"":""Z01.14.8_1"",""migration_date"":""2025-12-20"",""migration_method"":""puzzle1_2"",""name_2"":""Kargil""},{""gid_2"":""Z01.14.9_1"",""migration_date"":""2025-12-20"",""migration_method"":""puzzle1_2"",""name_2"":""Kathua""}]",2014-10-01,2025-12-20
2014-0523-IND,No,nat-met-ext-sev,Natural,Meteorological,Extreme temperature,Severe winter conditions,,,IND,India,Southern Asia,Asia,"Himachal Pradesh, Uttarakhand, Uttar Pradesh provinces",,Fog|Snow/ice,No,No,No,,,°C,,,,2014,12,17,2014,12,18,140,,,,,,,,,,,75.46845568,"[{""adm1_code"":1493,""adm1_name"":""Himachal Pradesh""},{""adm1_code"":70081,""adm1_name"":""Uttar Pradesh""},{""adm1_code"":70082,""adm1_name"":""Uttarakhand""}]","[{""gid_1"":""IND.13_1"",""migration_date"":""2025-12-20"",""migration_method"":""jaccard1"",""name_1"":""Himachal Pradesh""},{""gid_1"":""IND.34_1"",""migration_date"":""2025-12-20"",""migration_method"":""jaccard1"",""name_1"":""Uttar Pradesh""},{""gid_1"":""IND.35_1"",""migration_date"":""2025-12-20"",""migration_method"":""jaccard1"",""name_1"":""Uttarakhand""}]",2015-01-14,2025-12-20
2015-0126-IND,No,nat-met-sto-lig,Natural,Meteorological,Storm,Lightning/Thunderstorms,,,IND,India,Southern Asia,Asia,"Gujarat, Punjab, Himachal Pradresh, Haryana, Maharashtra, Bihar, Uttar Pradesh, Madhya Pradesh, Rajasthan, Jammu and Kashmir, Uttarakhand, West Bengal provinces",,"Flood|Slide (land, mud, snow, rock)",No,No,No,,,Kph,,,,2015,3,6,2015,3,18,27,,,,,,,106000,140290,906000,1199079,75.55797677,"[{""adm1_code"":1491,""adm1_name"":""Gujarat""},{""adm1_code"":1492,""adm1_name"":""Haryana""},{""adm1_code"":1493,""adm1_name"":""Himachal Pradesh""},{""adm1_code"":1498,""adm1_name"":""Maharashtra""},{""adm1_code"":1505,""adm1_name"":""Punjab""},{""adm1_code"":1506,""adm1_name"":""Rajasthan""},{""adm1_code"":1511,""adm1_name"":""West Bengal""},{""adm1_code"":40408,""adm1_name"":""Administrative unit not available""},{""adm1_code"":40409,""adm1_name"":""Administrative unit not available""},{""adm1_code"":40422,""adm1_name"":""Administrative unit not available""},{""adm1_code"":40423,""adm1_name"":""Administrative unit not available""},{""adm1_code"":40424,""adm1_name"":""Administrative unit not available""},{""adm1_code"":40425,""adm1_name"":""Administrative unit not available""},{""adm1_code"":40426,""adm1_name"":""Administrative unit not available""},{""adm1_code"":40427,""adm1_name"":""Administrative unit not available""},{""adm1_code"":40428,""adm1_name"":""Administrative unit not available""},{""adm1_code"":40429,""adm1_name"":""Administrative unit not available""},{""adm1_code"":40430,""adm1_name"":""Administrative unit not available""},{""adm1_code"":40431,""adm1_name"":""Administrative unit not available""},{""adm1_code"":70073,""adm1_name"":""Bihar""},{""adm1_code"":70079,""adm1_name"":""Madhya Pradesh""},{""adm1_code"":70081,""adm1_name"":""Uttar Pradesh""},{""adm1_code"":70082,""adm1_name"":""Uttarakhand""}]","[{""gid_1"":""IND.11_1"",""migration_date"":""2025-12-20"",""migration_method"":""jaccard1"",""name_1"":""Gujarat""},{""gid_1"":""IND.12_1"",""migration_date"":""2025-12-20"",""migration_method"":""jaccard1"",""name_1"":""Haryana""},{""gid_1"":""IND.13_1"",""migration_date"":""2025-12-20"",""migration_method"":""jaccard1"",""name_1"":""Himachal Pradesh""},{""gid_1"":""IND.19_1"",""migration_date"":""2025-12-20"",""migration_method"":""jaccard1"",""name_1"":""Madhya Pradesh""},{""gid_1"":""IND.20_1"",""migration_date"":""2025-12-20"",""migration_method"":""jaccard1"",""name_1"":""Maharashtra""},{""gid_1"":""IND.28_1"",""migration_date"":""2025-12-20"",""migration_method"":""jaccard1"",""name_1"":""Punjab""},{""gid_1"":""IND.29_1"",""migration_date"":""2025-12-20"",""migration_method"":""jaccard1"",""name_1"":""Rajasthan""},{""gid_1"":""IND.34_1"",""migration_date"":""2025-12-20"",""migration_method"":""jaccard1"",""name_1"":""Uttar Pradesh""},{""gid_1"":""IND.35_1"",""migration_date"":""2025-12-20"",""migration_method"":""jaccard1"",""name_1"":""Uttarakhand""},{""gid_1"":""IND.36_1"",""migration_date"":""2025-12-20"",""migration_method"":""jaccard1"",""name_1"":""West Bengal""},{""gid_1"":""IND.5_1"",""migration_date"":""2025-12-20"",""migration_method"":""jaccard1"",""name_1"":""Bihar""},{""gid_1"":""Z06.1_1"",""migration_date"":""2025-12-20"",""migration_method"":""jaccard1"",""name_1"":""Azad Kashmir""},{""gid_1"":""Z06.6_1"",""migration_date"":""2025-12-20"",""migration_method"":""jaccard1"",""name_1"":""Gilgit-Baltistan""},{""gid_2"":""Z01.14.10_1"",""migration_date"":""2025-12-20"",""migration_method"":""puzzle1_2"",""name_2"":""Kishtwar""},{""gid_2"":""Z01.14.12_1"",""migration_date"":""2025-12-20"",""migration_method"":""puzzle1_2"",""name_2"":""Kupwara""},{""gid_2"":""Z01.14.13_1"",""migration_date"":""2025-12-20"",""migration_method"":""puzzle1_2"",""name_2"":""Leh (Ladakh)""},{""gid_2"":""Z01.14.14_1"",""migration_date"":""2025-12-20"",""migration_method"":""puzzle1_2"",""name_2"":""Poonch""},{""gid_2"":""Z01.14.16_1"",""migration_date"":""2025-12-20"",""migration_method"":""puzzle1_2"",""name_2"":""Rajouri""},{""gid_2"":""Z01.14.17_1"",""migration_date"":""2025-12-20"",""migration_method"":""puzzle1_2"",""name_2"":""Ramban""},{""gid_2"":""Z01.14.18_1"",""migration_date"":""2025-12-20"",""migration_method"":""puzzle1_2"",""name_2"":""Reasi""},{""gid_2"":""Z01.14.19_1"",""migration_date"":""2025-12-20"",""migration_method"":""puzzle1_2"",""name_2"":""Samba""},{""gid_2"":""Z01.14.21_1"",""migration_date"":""2025-12-20"",""migration_method"":""puzzle1_2"",""name_2"":""Srinagar""},{""gid_2"":""Z01.14.22_1"",""migration_date"":""2025-12-20"",""migration_method"":""puzzle1_2"",""name_2"":""Udhampur""},{""gid_2"":""Z01.14.2_1"",""migration_date"":""2025-12-20"",""migration_method"":""puzzle1_2"",""name_2"":""Badgam""},{""gid_2"":""Z01.14.3_1"",""migration_date"":""2025-12-20"",""migration_method"":""puzzle1_2"",""name_2"":""Bandipore""},{""gid_2"":""Z01.14.4_1"",""migration_date"":""2025-12-20"",""migration_method"":""puzzle1_2"",""name_2"":""Baramulla""},{""gid_2"":""Z01.14.5_1"",""migration_date"":""2025-12-20"",""migration_method"":""puzzle1_2"",""name_2"":""Doda""},{""gid_2"":""Z01.14.6_1"",""migration_date"":""2025-12-20"",""migration_method"":""puzzle1_2"",""name_2"":""Ganderbal""},{""gid_2"":""Z01.14.7_1"",""migration_date"":""2025-12-20"",""migration_method"":""puzzle1_2"",""name_2"":""Jammu""},{""gid_2"":""Z01.14.8_1"",""migration_date"":""2025-12-20"",""migration_method"":""puzzle1_2"",""name_2"":""Kargil""},{""gid_2"":""Z01.14.9_1"",""migration_date"":""2025-12-20"",""migration_method"":""puzzle1_2"",""name_2"":""Kathua""}]",2015-04-09,2025-12-20
2015-0144-IND,No,nat-geo-ear-gro,Natural,Geophysical,Earthquake,Ground movement,GLIDE:EQ-2015-000048|USGS:us20002926,,IND,India,Southern Asia,Asia,"Bihar, Uttar Pradesh, West Bengal, Sikkim provinces",,,No,No,No,,7.8,Moment Magnitude,28.2305,84.7314,,2015,4,25,2015,4,25,78,560,,,560,,,,,,,75.55797677,"[{""adm1_code"":1507,""adm1_name"":""Sikkim""},{""adm1_code"":1511,""adm1_name"":""West Bengal""},{""adm1_code"":70073,""adm1_name"":""Bihar""},{""adm1_code"":70081,""adm1_name"":""Uttar Pradesh""}]","[{""gid_1"":""IND.30_1"",""migration_date"":""2025-12-20"",""migration_method"":""jaccard1"",""name_1"":""Sikkim""},{""gid_1"":""IND.34_1"",""migration_date"":""2025-12-20"",""migration_method"":""jaccard1"",""name_1"":""Uttar Pradesh""},{""gid_1"":""IND.36_1"",""migration_date"":""2025-12-20"",""migration_method"":""jaccard1"",""name_1"":""West Bengal""},{""gid_1"":""IND.5_1"",""migration_date"":""2025-12-20"",""migration_method"":""jaccard1"",""name_1"":""Bihar""}]",2015-04-28,2025-12-20
2015-0226-IND,No,nat-hyd-mmw-lan,Natural,Hydrological,Mass movement (wet),Landslide (wet),GLIDE:FL-2015-000064|GLIDE:FL-2015-000066,,IND,India,Southern Asia,Asia,"Barpeta, Sonitpur, Goalpara, Dhemaji, Lakhimpur, Tinsukia, Darrang, Nalbari, Jorhat, Kamrup, Dibrugarh, Nagaon, Bongaigaon districts (Assam province)",Seosnal monsoon,,No,No,No,,,,26.9195,93.87,Bhrahmaputra river,2015,6,2,2015,6,29,3,,9000,,9000,,,,,,,75.55797677,"[{""adm2_code"":17576,""adm2_name"":""Barpeta""},{""adm2_code"":17578,""adm2_name"":""Darrang""},{""adm2_code"":17580,""adm2_name"":""Dibrugarh""},{""adm2_code"":17581,""adm2_name"":""Goalpara""},{""adm2_code"":17583,""adm2_name"":""Kamrup""},{""adm2_code"":17589,""adm2_name"":""Nagaon""},{""adm2_code"":17590,""adm2_name"":""Nalbari""},{""adm2_code"":17593,""adm2_name"":""Sonitpur""},{""adm2_code"":70086,""adm2_name"":""Bongaigaon""},{""adm2_code"":70087,""adm2_name"":""Dhemaji""},{""adm2_code"":70089,""adm2_name"":""Jorhat""},{""adm2_code"":70091,""adm2_name"":""Lakhimpur""},{""adm2_code"":70093,""adm2_name"":""Tinsukia""}]","[{""gid_1"":""IND.4_1"",""migration_date"":""2025-12-20"",""migration_method"":""parent2_1"",""name_1"":""Assam""}]",2015-07-15,2025-12-20
2015-0249-IND,No,nat-hyd-flo-riv,Natural,Hydrological,Flood,Riverine flood,DFO:4265,,IND,India,Southern Asia,Asia,"Amreli, Rajkot, Surat districts (Gujarat province), Maharashtra province",Monsoon rains,,No,No,No,,43781.56,Km2,21.8734,70.76,,2015,6,19,2015,6,20,81,,9000,,9000,,,,,604000,799386,75.55797677,"[{""adm1_code"":1498,""adm1_name"":""Maharashtra""},{""adm2_code"":17636,""adm2_name"":""Amreli""},{""adm2_code"":17647,""adm2_name"":""Rajkot""},{""adm2_code"":17649,""adm2_name"":""Surat""}]","[{""gid_1"":""IND.20_1"",""migration_date"":""2025-12-20"",""migration_method"":""jaccard1"",""name_1"":""Maharashtra""},{""gid_2"":""IND.11.20_1"",""migration_date"":""2025-12-20"",""migration_method"":""puzzle2_2"",""name_2"":""Morbi""},{""gid_2"":""IND.11.26_1"",""migration_date"":""2025-12-20"",""migration_method"":""puzzle2_2"",""name_2"":""Rajkot""},{""gid_2"":""IND.11.28_1"",""migration_date"":""2025-12-20"",""migration_method"":""puzzle2_2"",""name_2"":""Surat""},{""gid_2"":""IND.11.2_1"",""migration_date"":""2025-12-20"",""migration_method"":""jaccard2"",""name_2"":""Amreli""},{""gid_2"":""IND.11.30_1"",""migration_date"":""2025-12-20"",""migration_method"":""puzzle2_2"",""name_2"":""Tapi""}]",2015-07-15,2025-12-20
2015-0317-IND,No,nat-hyd-flo-riv,Natural,Hydrological,Flood,Riverine flood,DFO:4282,,IND,India,Southern Asia,Asia,"Kachchh, Patan, Banas Kantha districts (Gujarat province), Malda, Jalpaiguri districts (West Bengal province), Jorhat, Dhemaji, Lakhimpur, Dhuburi, Darrang, Goalpara, Karbi Anglong, Marigaon districts (Assam province), Manipur, Orissa, Rajasthan, Madhya Pradesh provinces","Monsoon rains, exacerbated by tail end of Cyclone Komen","Slide (land, mud, snow, rock)",No,No,No,,629961.6,Km2,26.2074,82.62,,2015,7,15,2015,8,19,293,,13709887,,13709887,,,,,,,75.55797677,"[{""adm1_code"":1500,""adm1_name"":""Manipur""},{""adm1_code"":1504,""adm1_name"":""Orissa""},{""adm1_code"":1506,""adm1_name"":""Rajasthan""},{""adm1_code"":70079,""adm1_name"":""Madhya Pradesh""},{""adm2_code"":17578,""adm2_name"":""Darrang""},{""adm2_code"":17579,""adm2_name"":""Dhuburi""},{""adm2_code"":17581,""adm2_name"":""Goalpara""},{""adm2_code"":17584,""adm2_name"":""Karbi Anglong""},{""adm2_code"":70087,""adm2_name"":""Dhemaji""},{""adm2_code"":70089,""adm2_name"":""Jorhat""},{""adm2_code"":70091,""adm2_name"":""Lakhimpur""},{""adm2_code"":70092,""adm2_name"":""Marigaon""},{""adm2_code"":17637,""adm2_name"":""Banas Kantha""},{""adm2_code"":17643,""adm2_name"":""Kachchh""},{""adm2_code"":70129,""adm2_name"":""Patan""},{""adm2_code"":17951,""adm2_name"":""Jalpaiguri""},{""adm2_code"":17953,""adm2_name"":""Maldah""}]","[{""gid_1"":""IND.19_1"",""migration_date"":""2025-12-20"",""migration_method"":""jaccard1"",""name_1"":""Madhya Pradesh""},{""gid_1"":""IND.21_1"",""migration_date"":""2025-12-20"",""migration_method"":""jaccard1"",""name_1"":""Manipur""},{""gid_1"":""IND.26_1"",""migration_date"":""2025-12-20"",""migration_method"":""jaccard1"",""name_1"":""Odisha""},{""gid_1"":""IND.29_1"",""migration_date"":""2025-12-20"",""migration_method"":""jaccard1"",""name_1"":""Rajasthan""},{""gid_2"":""IND.11.16_1"",""migration_date"":""2025-12-20"",""migration_method"":""bufhaus2"",""name_2"":""Kachchh""},{""gid_2"":""IND.11.24_1"",""migration_date"":""2025-12-20"",""migration_method"":""jaccard2"",""name_2"":""Patan""},{""gid_2"":""IND.11.5_1"",""migration_date"":""2025-12-20"",""migration_method"":""jaccard2"",""name_2"":""Banas Kantha""},{""gid_2"":""IND.36.12_1"",""migration_date"":""2025-12-20"",""migration_method"":""jaccard2"",""name_2"":""Maldah""},{""gid_2"":""IND.36.1_1"",""migration_date"":""2025-12-20"",""migration_method"":""puzzle2_2"",""name_2"":""Alipurduar""},{""gid_2"":""IND.36.9_1"",""migration_date"":""2025-12-20"",""migration_method"":""puzzle2_2"",""name_2"":""Jalpaiguri""},{""gid_2"":""IND.4.11_1"",""migration_date"":""2025-12-20"",""migration_method"":""jaccard2"",""name_2"":""Goalpara""},{""gid_2"":""IND.4.14_1"",""migration_date"":""2025-12-20"",""migration_method"":""jaccard2"",""name_2"":""Jorhat""},{""gid_2"":""IND.4.17_1"",""migration_date"":""2025-12-20"",""migration_method"":""jaccard2"",""name_2"":""Karbi Anglong""},{""gid_2"":""IND.4.20_1"",""migration_date"":""2025-12-20"",""migration_method"":""jaccard2"",""name_2"":""Lakhimpur""},{""gid_2"":""IND.4.21_1"",""migration_date"":""2025-12-20"",""migration_method"":""jaccard2"",""name_2"":""Morigaon""},{""gid_2"":""IND.4.27_1"",""migration_date"":""2025-12-20"",""migration_method"":""puzzle2_2"",""name_2"":""Udalguri""},{""gid_2"":""IND.4.6_1"",""migration_date"":""2025-12-20"",""migration_method"":""puzzle2_2"",""name_2"":""Darrang""},{""gid_2"":""IND.4.7_1"",""migration_date"":""2025-12-20"",""migration_method"":""jaccard2"",""name_2"":""Dhemaji""},{""gid_2"":""IND.4.8_1"",""migration_date"":""2025-12-20"",""migration_method"":""jaccard2"",""name_2"":""Dhubri""}]",2015-08-04,2025-12-20
2015-0374-IND,No,nat-hyd-flo-flo,Natural,Hydrological,Flood,Flood (General),DFO:4288,,IND,India,Southern Asia,Asia,Assam province,Monsoonal rain,,No,No,No,,69190.14,Km2,26.8946,93.75,Brahmaputra river,2015,8,13,2015,8,19,5,,18000,,18000,,,,,,,75.55797677,"[{""adm1_code"":1487,""adm1_name"":""Assam""}]","[{""gid_1"":""IND.4_1"",""migration_date"":""2025-12-20"",""migration_method"":""jaccard1"",""name_1"":""Assam""}]",2015-08-24,2025-12-20
2015-0476-IND,No,nat-geo-ear-gro,Natural,Geophysical,Earthquake,Ground movement,GLIDE:EQ-2015-000147|USGS:us10003re5,,IND,India,Southern Asia,Asia,"Administrative unit not available districts (Jammu and Kashmir province), Delhi, Punjab provinces",,,No,No,No,,7.5,Moment Magnitude,36.5244,70.3676,,2015,10,26,2015,10,26,,10,,,10,,,,,,,75.55797677,"[{""adm1_code"":1489,""adm1_name"":""Delhi""},{""adm1_code"":1505,""adm1_name"":""Punjab""},{""adm2_code"":72802,""adm2_name"":""Administrative unit not available""},{""adm2_code"":72789,""adm2_name"":""Administrative unit not available""},{""adm2_code"":72810,""adm2_name"":""Administrative unit not available""},{""adm2_code"":72851,""adm2_name"":""Administrative unit not available""}]","[{""gid_1"":""IND.25_1"",""migration_date"":""2025-12-20"",""migration_method"":""jaccard1"",""name_1"":""NCT of Delhi""},{""gid_1"":""IND.28_1"",""migration_date"":""2025-12-20"",""migration_method"":""jaccard1"",""name_1"":""Punjab""},{""gid_1"":""Z01.14_1"",""migration_date"":""2025-12-20"",""migration_method"":""within2_1"",""name_1"":""Jammu and Kashmir""},{""gid_1"":""Z01.14_1"",""migration_date"":""2025-12-20"",""migration_method"":""within2_1"",""name_1"":""Jammu and Kashmir""}]",2015-10-28,2025-12-20
2020-0332-IND,No,nat-hyd-mmw-lan,Natural,Hydrological,Mass movement (wet),Landslide (wet),,,IND,India,Southern Asia,Asia,Idukki district (Kerala state),Heavy rains,,No,No,No,,,,,,,2020,8,7,2020,8,7,70,,,,,,,,,,,82.50568385,"[{""adm2_code"":17700,""adm2_name"":""Idukki""}]","[{""gid_2"":""IND.17.3_1"",""migration_date"":""2025-12-20"",""migration_method"":""jaccard2"",""name_2"":""Idukki""}]",2020-08-12,2025-12-20
2016-0187-IND,No,nat-cli-wil-for,Natural,Climatological,Wildfire,Forest fire,,,IND,India,Southern Asia,Asia,"Uttarakhand province (including Almora, Pauri Garhwal, Chamoli districts)",Combination of well above normal tempertaure and lack of rainfall,,No,No,No,,,Km2,,,,2016,2,1,2016,5,2,7,,,,,,,,,,,76.5112162,"[{""adm1_code"":70082,""adm1_name"":""Uttarakhand""}]","[{""gid_1"":""IND.35_1"",""migration_date"":""2025-12-20"",""migration_method"":""jaccard1"",""name_1"":""Uttarakhand""}]",2016-06-10,2025-12-20
2016-0195-IND,No,nat-hyd-mmw-lan,Natural,Hydrological,Mass movement (wet),Landslide (wet),,,IND,India,Southern Asia,Asia,Uttarakhand province,Thunderstorms,,No,No,No,,,,,,,2016,5,22,2016,5,22,10,5,,,5,,,,,,,76.5112162,"[{""adm1_code"":70082,""adm1_name"":""Uttarakhand""}]","[{""gid_1"":""IND.35_1"",""migration_date"":""2025-12-20"",""migration_method"":""jaccard1"",""name_1"":""Uttarakhand""}]",2016-06-24,2025-12-20
2016-0239-IND,No,nat-hyd-flo-fla,Natural,Hydrological,Flood,Flash flood,DFO:4371,,IND,India,Southern Asia,Asia,"Chamoli, Pithoragahr districts (Uttarakhand province), Assam, Arunachal Pradesh provinces",Torrential rains,,No,No,No,,135742.3,Km2,27.068,93.95,Alaknanda and Mandakini rivers,2016,6,25,2016,7,1,61,,,,,,,,,100000,130700,76.5112162,"[{""adm1_code"":1487,""adm1_name"":""Assam""},{""adm1_code"":70072,""adm1_name"":""Arunachal Pradesh""},{""adm2_code"":17932,""adm2_name"":""Pithoragarh""},{""adm2_code"":70282,""adm2_name"":""Chamoli""}]","[{""gid_1"":""IND.3_1"",""migration_date"":""2025-12-20"",""migration_method"":""jaccard1"",""name_1"":""Arunachal Pradesh""},{""gid_1"":""IND.4_1"",""migration_date"":""2025-12-20"",""migration_method"":""jaccard1"",""name_1"":""Assam""},{""gid_2"":""IND.35.3_1"",""migration_date"":""2025-12-20"",""migration_method"":""jaccard2"",""name_2"":""Chamoli""},{""gid_2"":""IND.35.9_1"",""migration_date"":""2025-12-20"",""migration_method"":""jaccard2"",""name_2"":""Pithoragarh""}]",2016-07-13,2025-12-20
2016-0271-IND,No,nat-hyd-flo-flo,Natural,Hydrological,Flood,Flood (General),DFO:4384,,IND,India,Southern Asia,Asia,"Biha, Uttar Pradeshr province (Varanasi, Allahabad, Ghazipur, Ballia, Banda, Jalaun, Ghaziabad, Patna, Bhagalpur, Vaishali, Buxar, Bhojpur, Sonepur, Saran, Begusarai, Samastipur, Lakhisarai, Khagaria, Munger, Nalanda, Katihar, Purnea, Katihar, Supual, Kisanganj, Madhepura, Gopalganj, Saharsa, Araria, East Champaran, Muzafferpur, Kishanganj, Purnea, Araria, Supaul, Bhagalpur, Darbhanga)",Monsoonal rains,,No,No,No,,,Km2,,,,2016,7,15,2016,9,12,254,,1600000,,1600000,,,,,350000,457449,76.5112162,"[{""adm1_code"":70073,""adm1_name"":""Bihar""},{""adm1_code"":70081,""adm1_name"":""Uttar Pradesh""}]","[{""gid_1"":""IND.34_1"",""migration_date"":""2025-12-20"",""migration_method"":""jaccard1"",""name_1"":""Uttar Pradesh""},{""gid_1"":""IND.5_1"",""migration_date"":""2025-12-20"",""migration_method"":""jaccard1"",""name_1"":""Bihar""}]",2016-08-04,2025-12-20
2017-0152-IND,No,nat-met-sto-tro,Natural,Meteorological,Storm,Tropical cyclone,GLIDE:TC-2017-000058,Cyclone Mora,IND,India,Southern Asia,Asia,"Manipur, Mizoram",,"Flood|Slide (land, mud, snow, rock)",No,No,No,,,Kph,,,,2017,5,30,2017,5,31,,,1970,,1970,,,,,,,78.14100176,"[{""adm1_code"":1500,""adm1_name"":""Manipur""},{""adm1_code"":1502,""adm1_name"":""Mizoram""}]","[{""gid_1"":""IND.21_1"",""migration_date"":""2025-12-20"",""migration_method"":""jaccard1"",""name_1"":""Manipur""},{""gid_1"":""IND.23_1"",""migration_date"":""2025-12-20"",""migration_method"":""jaccard1"",""name_1"":""Mizoram""}]",2018-05-07,2025-12-20
2017-0180-IND,No,nat-hyd-flo-flo,Natural,Hydrological,Flood,Flood (General),,,IND,India,Southern Asia,Asia,"Lakhimpur, Karimganj, Darrang districts (Assam), Nagaland, Manipur, Jharkhand",Long-term rainfall,,No,No,No,,,Km2,,,,2017,6,4,2017,6,6,6,,100000,,100000,,,,,,,78.14100176,"[{""adm1_code"":1487,""adm1_name"":""Assam""},{""adm1_code"":1500,""adm1_name"":""Manipur""},{""adm1_code"":1503,""adm1_name"":""Nagaland""},{""adm1_code"":70078,""adm1_name"":""Jharkhand""}]","[{""gid_1"":""IND.15_1"",""migration_date"":""2025-12-20"",""migration_method"":""jaccard1"",""name_1"":""Jharkhand""},{""gid_1"":""IND.21_1"",""migration_date"":""2025-12-20"",""migration_method"":""jaccard1"",""name_1"":""Manipur""},{""gid_1"":""IND.24_1"",""migration_date"":""2025-12-20"",""migration_method"":""jaccard1"",""name_1"":""Nagaland""},{""gid_1"":""IND.4_1"",""migration_date"":""2025-12-20"",""migration_method"":""jaccard1"",""name_1"":""Assam""}]",2017-06-19,2025-12-20
2005-0354-IND,No,nat-hyd-flo-riv,Natural,Hydrological,Flood,Riverine flood,,,IND,India,Southern Asia,Asia,"Digras, Nandgavan villages (Yavatmal district, Maharashtra province)",Monsonal rains,Broken Dam/Burst bank,No,No,No,,,Km2,,,,2005,7,9,2005,7,9,25,,,,,,,,,,,62.25647853,"[{""adm2_code"":17785,""adm2_name"":""Yavatmal""}]","[{""gid_2"":""IND.20.36_1"",""migration_date"":""2025-12-20"",""migration_method"":""jaccard2"",""name_2"":""Yavatmal""}]",2005-07-13,2025-12-20
2017-0257-IND,No,nat-hyd-flo-flo,Natural,Hydrological,Flood,Flood (General),,,IND,India,Southern Asia,Asia,Gujarat,Monsoon rains,,No,No,No,,,Km2,,,,2017,6,1,2017,6,30,31,,,,,,,,,,,78.14100176,"[{""adm1_code"":1491,""adm1_name"":""Gujarat""}]","[{""gid_1"":""IND.11_1"",""migration_date"":""2025-12-20"",""migration_method"":""jaccard1"",""name_1"":""Gujarat""}]",2017-07-17,2025-12-20
2017-0289-IND,No,nat-hyd-flo-riv,Natural,Hydrological,Flood,Riverine flood,GLIDE:FL-2017-000064,,IND,India,Southern Asia,Asia,"Lakhimpur, Bangaigaon, Jorhat, Golaghat, Cachar, Dhemjai, Biswanath, Karimganj, Barpeta, Karbi Anglong, Sonitpur, Darrang, Hojai (Sub Division), Bhuragaon (Sub Division), Majuli, Nagaon, Nalbari, Sivasagar, Morigaon, Chirang, Dibrugarh, Dhubri, Kokrajhar, South Salmara, Charaideo, Goalpara districts (Assam)",Monsoon rainfall,,No,No,No,,,Km2,,,Brahmaputra and Barak,2017,6,25,2017,7,24,75,,1735000,,1735000,,,,,,,78.14100176,"[{""adm2_code"":17576,""adm2_name"":""Barpeta""},{""adm2_code"":17577,""adm2_name"":""Cachar""},{""adm2_code"":17578,""adm2_name"":""Darrang""},{""adm2_code"":17579,""adm2_name"":""Dhuburi""},{""adm2_code"":17580,""adm2_name"":""Dibrugarh""},{""adm2_code"":17581,""adm2_name"":""Goalpara""},{""adm2_code"":17582,""adm2_name"":""Golaghat""},{""adm2_code"":17584,""adm2_name"":""Karbi Anglong""},{""adm2_code"":17585,""adm2_name"":""Karimganj""},{""adm2_code"":17589,""adm2_name"":""Nagaon""},{""adm2_code"":17590,""adm2_name"":""Nalbari""},{""adm2_code"":17592,""adm2_name"":""Sibsagar""},{""adm2_code"":17593,""adm2_name"":""Sonitpur""},{""adm2_code"":70086,""adm2_name"":""Bongaigaon""},{""adm2_code"":70087,""adm2_name"":""Dhemaji""},{""adm2_code"":70089,""adm2_name"":""Jorhat""},{""adm2_code"":70090,""adm2_name"":""Kokrajhar""},{""adm2_code"":70091,""adm2_name"":""Lakhimpur""},{""adm2_code"":70092,""adm2_name"":""Marigaon""}]","[{""gid_1"":""IND.4_1"",""migration_date"":""2025-12-20"",""migration_method"":""parent2_1"",""name_1"":""Assam""}]",2017-07-31,2025-12-20
2017-0290-IND,No,nat-hyd-flo-flo,Natural,Hydrological,Flood,Flood (General),GLIDE:FL-2017-000064,,IND,India,Southern Asia,Asia,"Imphal West, Imphal East, Thoubal, Bishnupur (Manipur)",,,No,No,No,,,Km2,,,,2017,7,,2017,7,,,,12831,,12831,,,,,,,78.14100176,"[{""adm2_code"":70188,""adm2_name"":""Bishnupur""},{""adm2_code"":70191,""adm2_name"":""East Imphal""},{""adm2_code"":70194,""adm2_name"":""Thoubal""},{""adm2_code"":70196,""adm2_name"":""West Imphal""}]","[{""gid_2"":""IND.21.1_1"",""migration_date"":""2025-12-20"",""migration_method"":""jaccard2"",""name_2"":""Bishnupur""},{""gid_2"":""IND.21.4_1"",""migration_date"":""2025-12-20"",""migration_method"":""jaccard2"",""name_2"":""Imphal East""},{""gid_2"":""IND.21.5_1"",""migration_date"":""2025-12-20"",""migration_method"":""jaccard2"",""name_2"":""Imphal West""},{""gid_2"":""IND.21.8_1"",""migration_date"":""2025-12-20"",""migration_method"":""jaccard2"",""name_2"":""Thoubal""}]",2017-07-31,2025-12-20
2017-0483-IND,No,nat-hyd-mmw-lan,Natural,Hydrological,Mass movement (wet),Landslide (wet),,,IND,India,Southern Asia,Asia,"Kotropi, Mandi district (Himachal Pradesh)",,,No,No,No,,,,,,,2017,8,13,2017,8,13,46,,,100,100,,,,,,,78.14100176,"[{""adm2_code"":17673,""adm2_name"":""Mandi""}]","[{""gid_2"":""IND.13.8_1"",""migration_date"":""2025-12-20"",""migration_method"":""jaccard2"",""name_2"":""Mandi""}]",2017-11-23,2025-12-20
2017-0517-IND,No,nat-hyd-flo-flo,Natural,Hydrological,Flood,Flood (General),,,IND,India,Southern Asia,Asia,"Uttar Pradesh (Siddharthnagar, Balarampur, Bahraich, Shravasti, Maharajganj, Barabanki, Lakhimpur Kheri, Gorakhpur, Muzaffarnagar, Gonda, Basti, Mirzapur, Khiri, Deoria, Sitapur, Bijnore, Faizabad, Pilibhit, Farrukhabad, Mau, Kushinagar, Badaun, Ambedkar nagar, Azamgarh, Santkabir Nagar, Ghazipur, Balia)",,,No,No,No,,,Km2,,,"West Rapti, Ghaghra, Rapti, Rohin, Budhi Rapti, Ghoghi",2017,8,16,2017,8,23,101,,2700000,,2700000,,,,,,,78.14100176,"[{""adm2_code"":17892,""adm2_name"":""Azamgarh""},{""adm2_code"":17893,""adm2_name"":""Bahraich""},{""adm2_code"":17894,""adm2_name"":""Ballia""},{""adm2_code"":17896,""adm2_name"":""Bara Banki""},{""adm2_code"":17898,""adm2_name"":""Basti""},{""adm2_code"":17899,""adm2_name"":""Bijnor""},{""adm2_code"":17904,""adm2_name"":""Deoria""},{""adm2_code"":17907,""adm2_name"":""Faizabad""},{""adm2_code"":17908,""adm2_name"":""Farrukhabad""},{""adm2_code"":17912,""adm2_name"":""Ghazipur""},{""adm2_code"":17913,""adm2_name"":""Gonda""},{""adm2_code"":17914,""adm2_name"":""Gorakhpur""},{""adm2_code"":17921,""adm2_name"":""Lakhimpur Kheri""},{""adm2_code"":17927,""adm2_name"":""Mirzapur""},{""adm2_code"":17929,""adm2_name"":""Muzaffarnagar""},{""adm2_code"":17931,""adm2_name"":""Pilibhit""},{""adm2_code"":17938,""adm2_name"":""Sitapur""},{""adm2_code"":70257,""adm2_name"":""Ambedkar Nagar""},{""adm2_code"":70259,""adm2_name"":""Badaun""},{""adm2_code"":70261,""adm2_name"":""Balrampur""},{""adm2_code"":70271,""adm2_name"":""Kushinagar""},{""adm2_code"":70272,""adm2_name"":""Maharajganj""},{""adm2_code"":70274,""adm2_name"":""Mau""},{""adm2_code"":70275,""adm2_name"":""Sant Kabir Nagar""},{""adm2_code"":70277,""adm2_name"":""Shravasti""},{""adm2_code"":70278,""adm2_name"":""Siddharth Nagar""}]","[{""gid_2"":""IND.34.10_1"",""migration_date"":""2025-12-20"",""migration_method"":""jaccard2"",""name_2"":""Bahraich""},{""gid_2"":""IND.34.11_1"",""migration_date"":""2025-12-20"",""migration_method"":""jaccard2"",""name_2"":""Ballia""},{""gid_2"":""IND.34.12_1"",""migration_date"":""2025-12-20"",""migration_method"":""jaccard2"",""name_2"":""Balrampur""},{""gid_2"":""IND.34.14_1"",""migration_date"":""2025-12-20"",""migration_method"":""jaccard2"",""name_2"":""Barabanki""},{""gid_2"":""IND.34.16_1"",""migration_date"":""2025-12-20"",""migration_method"":""jaccard2"",""name_2"":""Basti""},{""gid_2"":""IND.34.17_1"",""migration_date"":""2025-12-20"",""migration_method"":""jaccard2"",""name_2"":""Bijnor""},{""gid_2"":""IND.34.18_1"",""migration_date"":""2025-12-20"",""migration_method"":""jaccard2"",""name_2"":""Budaun""},{""gid_2"":""IND.34.22_1"",""migration_date"":""2025-12-20"",""migration_method"":""jaccard2"",""name_2"":""Deoria""},{""gid_2"":""IND.34.25_1"",""migration_date"":""2025-12-20"",""migration_method"":""jaccard2"",""name_2"":""Faizabad""},{""gid_2"":""IND.34.26_1"",""migration_date"":""2025-12-20"",""migration_method"":""jaccard2"",""name_2"":""Farrukhabad""},{""gid_2"":""IND.34.31_1"",""migration_date"":""2025-12-20"",""migration_method"":""jaccard2"",""name_2"":""Ghazipur""},{""gid_2"":""IND.34.32_1"",""migration_date"":""2025-12-20"",""migration_method"":""jaccard2"",""name_2"":""Gonda""},{""gid_2"":""IND.34.33_1"",""migration_date"":""2025-12-20"",""migration_method"":""jaccard2"",""name_2"":""Gorakhpur""},{""gid_2"":""IND.34.46_1"",""migration_date"":""2025-12-20"",""migration_method"":""jaccard2"",""name_2"":""Kushinagar""},{""gid_2"":""IND.34.47_1"",""migration_date"":""2025-12-20"",""migration_method"":""jaccard2"",""name_2"":""Lakhimpur Kheri""},{""gid_2"":""IND.34.4_1"",""migration_date"":""2025-12-20"",""migration_method"":""jaccard2"",""name_2"":""Ambedkar Nagar""},{""gid_2"":""IND.34.50_1"",""migration_date"":""2025-12-20"",""migration_method"":""jaccard2"",""name_2"":""Maharajganj""},{""gid_2"":""IND.34.54_1"",""migration_date"":""2025-12-20"",""migration_method"":""jaccard2"",""name_2"":""Mau""},{""gid_2"":""IND.34.56_1"",""migration_date"":""2025-12-20"",""migration_method"":""jaccard2"",""name_2"":""Mirzapur""},{""gid_2"":""IND.34.58_1"",""migration_date"":""2025-12-20"",""migration_method"":""puzzle2_2"",""name_2"":""Muzaffarnagar""},{""gid_2"":""IND.34.59_1"",""migration_date"":""2025-12-20"",""migration_method"":""jaccard2"",""name_2"":""Pilibhit""},{""gid_2"":""IND.34.65_1"",""migration_date"":""2025-12-20"",""migration_method"":""jaccard2"",""name_2"":""Sant Kabir Nagar""},{""gid_2"":""IND.34.68_1"",""migration_date"":""2025-12-20"",""migration_method"":""puzzle2_2"",""name_2"":""Shamli""},{""gid_2"":""IND.34.69_1"",""migration_date"":""2025-12-20"",""migration_method"":""jaccard2"",""name_2"":""Shravasti""},{""gid_2"":""IND.34.70_1"",""migration_date"":""2025-12-20"",""migration_method"":""jaccard2"",""name_2"":""Siddharth Nagar""},{""gid_2"":""IND.34.71_1"",""migration_date"":""2025-12-20"",""migration_method"":""jaccard2"",""name_2"":""Sitapur""},{""gid_2"":""IND.34.8_1"",""migration_date"":""2025-12-20"",""migration_method"":""jaccard2"",""name_2"":""Azamgarh""}]",2017-12-11,2025-12-20
2018-0150-IND,No,nat-met-sto-san,Natural,Meteorological,Storm,Sand/Dust storm,GLIDE:ST-2018-000047,,IND,India,Southern Asia,Asia,"Rajasthan, Uttar Pradesh",,,No,No,No,,,Kph,,,,2018,5,1,2018,5,10,143,200,,,200,,,,,24000,29981,80.04959626,"[{""adm1_code"":1506,""adm1_name"":""Rajasthan""},{""adm1_code"":70081,""adm1_name"":""Uttar Pradesh""}]","[{""gid_1"":""IND.29_1"",""migration_date"":""2025-12-20"",""migration_method"":""jaccard1"",""name_1"":""Rajasthan""},{""gid_1"":""IND.34_1"",""migration_date"":""2025-12-20"",""migration_method"":""jaccard1"",""name_1"":""Uttar Pradesh""}]",2018-05-22,2025-12-20
2018-0216-IND,No,nat-hyd-flo-flo,Natural,Hydrological,Flood,Flood (General),,,IND,India,Southern Asia,Asia,Dakshina Kannada and Udupi districts,Pre-monsoon rains,,No,No,No,,,Km2,,,,2018,5,29,2018,5,31,12,,4945,,4945,,,,,2500,3123,80.04959626,"[{""adm2_code"":17685,""adm2_name"":""Dakshin Kannad""},{""adm2_code"":70166,""adm2_name"":""Udupi""}]","[{""gid_2"":""IND.16.12_1"",""migration_date"":""2025-12-20"",""migration_method"":""jaccard2"",""name_2"":""Dakshina Kannada""},{""gid_2"":""IND.16.28_1"",""migration_date"":""2025-12-20"",""migration_method"":""jaccard2"",""name_2"":""Udupi""}]",2018-07-20,2025-12-20
2018-0286-IND,No,nat-hyd-flo-flo,Natural,Hydrological,Flood,Flood (General),,,IND,India,Southern Asia,Asia,Odisha state,Heavy rains,,No,No,No,,,Km2,,,,2018,7,20,2018,7,23,20,,41430,,41430,,,,,,,80.04959626,"[{""adm1_code"":1504,""adm1_name"":""Orissa""}]","[{""gid_1"":""IND.26_1"",""migration_date"":""2025-12-20"",""migration_method"":""jaccard1"",""name_1"":""Odisha""}]",2018-08-09,2025-12-20
2018-0372-IND,No,nat-hyd-flo-flo,Natural,Hydrological,Flood,Flood (General),,,IND,India,Southern Asia,Asia,"Punjab, Haryana states",,"Slide (land, mud, snow, rock)",No,No,No,,,Km2,,,,2018,9,23,2018,9,24,25,,,,,,,,,,,80.04959626,"[{""adm1_code"":1492,""adm1_name"":""Haryana""},{""adm1_code"":1505,""adm1_name"":""Punjab""}]","[{""gid_1"":""IND.12_1"",""migration_date"":""2025-12-20"",""migration_method"":""jaccard1"",""name_1"":""Haryana""},{""gid_1"":""IND.28_1"",""migration_date"":""2025-12-20"",""migration_method"":""jaccard1"",""name_1"":""Punjab""}]",2018-10-11,2025-12-20
2018-0385-IND,No,nat-met-sto-tro,Natural,Meteorological,Storm,Tropical cyclone,DFO:4686,Tropical storm 'Titli',IND,India,Southern Asia,Asia,"Mandasa, Godalpur, Gajapati, Ganjam, Rayagada, Puri, Kandhamal (Andhra Pradesh & Odisha)",,Flood|Surge,No,No,No,,126,Kph,,,,2018,10,11,2018,10,12,85,200,300000,,300200,,,,,920000,1149287,80.04959626,"[{""adm2_code"":17565,""adm2_name"":""Srikakulam""},{""adm2_code"":17811,""adm2_name"":""Ganjam""},{""adm2_code"":17818,""adm2_name"":""Puri""},{""adm2_code"":70213,""adm2_name"":""Gajapati""},{""adm2_code"":70217,""adm2_name"":""Kandhamal""},{""adm2_code"":70224,""adm2_name"":""Rayagada""}]","[{""gid_2"":""IND.2.9_1"",""migration_date"":""2025-12-20"",""migration_method"":""jaccard2"",""name_2"":""Srikakulam""},{""gid_2"":""IND.26.10_1"",""migration_date"":""2025-12-20"",""migration_method"":""jaccard2"",""name_2"":""Gajapati""},{""gid_2"":""IND.26.11_1"",""migration_date"":""2025-12-20"",""migration_method"":""jaccard2"",""name_2"":""Ganjam""},{""gid_2"":""IND.26.16_1"",""migration_date"":""2025-12-20"",""migration_method"":""jaccard2"",""name_2"":""Kandhamal""},{""gid_2"":""IND.26.26_1"",""migration_date"":""2025-12-20"",""migration_method"":""jaccard2"",""name_2"":""Puri""},{""gid_2"":""IND.26.27_1"",""migration_date"":""2025-12-20"",""migration_method"":""jaccard2"",""name_2"":""Rayagada""}]",2018-10-17,2025-12-20
2018-0473-IND,No,nat-met-sto-tro,Natural,Meteorological,Storm,Tropical cyclone,,Tropical storm 'Phethai',IND,India,Southern Asia,Asia,"Andhra Pradesh, Odisha",,,No,No,No,,100,Kph,,,,2018,12,17,2018,12,19,8,,10000,,10000,,,,,100000,124923,80.04959626,"[{""adm1_code"":1485,""adm1_name"":""Andhra Pradesh""},{""adm1_code"":1504,""adm1_name"":""Orissa""}]","[{""gid_1"":""IND.26_1"",""migration_date"":""2025-12-20"",""migration_method"":""jaccard1"",""name_1"":""Odisha""},{""gid_1"":""IND.2_1"",""migration_date"":""2025-12-20"",""migration_method"":""puzzle1_1"",""name_1"":""Andhra Pradesh""},{""gid_1"":""IND.32_1"",""migration_date"":""2025-12-20"",""migration_method"":""puzzle1_1"",""name_1"":""Telangana""}]",2019-01-22,2025-12-20
2018-9372-IND,No,nat-cli-dro-dro,Natural,Climatological,Drought,Drought,,,IND,India,Southern Asia,Asia,"Karnataka, Maharashtra states",Por rainfall,,No,No,No,,,Km2,,,,2018,9,,2019,6,,,,8200000,,8200000,,,,,1100000,1374148,80.04959626,"[{""adm1_code"":1494,""adm1_name"":""Karnataka""},{""adm1_code"":1498,""adm1_name"":""Maharashtra""}]","[{""gid_1"":""IND.16_1"",""migration_date"":""2025-12-20"",""migration_method"":""jaccard1"",""name_1"":""Karnataka""},{""gid_1"":""IND.20_1"",""migration_date"":""2025-12-20"",""migration_method"":""jaccard1"",""name_1"":""Maharashtra""}]",2018-10-11,2025-12-20
2019-0164-IND,No,nat-met-sto-tro,Natural,Meteorological,Storm,Tropical cyclone,GLIDE:ST-2019-000134|GLIDE:TC-2019-000041,Cyclone 'Fani',IND,India,Southern Asia,Asia,Odisha province,,,No,No,No,,,Kph,,,,2019,5,3,2019,5,3,50,,20000000,,20000000,,,,,1810000,2220850,81.50030941,"[{""adm1_code"":1504,""adm1_name"":""Orissa""}]","[{""gid_1"":""IND.26_1"",""migration_date"":""2025-12-20"",""migration_method"":""jaccard1"",""name_1"":""Odisha""}]",2019-05-06,2025-12-20
2019-0223-IND,No,nat-met-ext-hea,Natural,Meteorological,Extreme temperature,Heat wave,GLIDE:HT-2019-000056,,IND,India,Southern Asia,Asia,"Karnataka, Maharashtra, Madhya Pradesh, Rajasthan, Uttar Pradesh states",,,No,No,No,,,°C,,,,2019,6,,2019,6,,22,450,,,450,,,,,,,81.50030941,"[{""adm1_code"":1494,""adm1_name"":""Karnataka""},{""adm1_code"":1498,""adm1_name"":""Maharashtra""},{""adm1_code"":1506,""adm1_name"":""Rajasthan""},{""adm1_code"":70079,""adm1_name"":""Madhya Pradesh""},{""adm1_code"":70081,""adm1_name"":""Uttar Pradesh""}]","[{""gid_1"":""IND.16_1"",""migration_date"":""2025-12-20"",""migration_method"":""jaccard1"",""name_1"":""Karnataka""},{""gid_1"":""IND.19_1"",""migration_date"":""2025-12-20"",""migration_method"":""jaccard1"",""name_1"":""Madhya Pradesh""},{""gid_1"":""IND.20_1"",""migration_date"":""2025-12-20"",""migration_method"":""jaccard1"",""name_1"":""Maharashtra""},{""gid_1"":""IND.29_1"",""migration_date"":""2025-12-20"",""migration_method"":""jaccard1"",""name_1"":""Rajasthan""},{""gid_1"":""IND.34_1"",""migration_date"":""2025-12-20"",""migration_method"":""jaccard1"",""name_1"":""Uttar Pradesh""}]",2019-06-17,2025-12-20
2019-0311-IND,No,nat-met-sto-lig,Natural,Meteorological,Storm,Lightning/Thunderstorms,,,IND,India,Southern Asia,Asia,"Odisha, Hyderabad",,,No,No,No,,,Kph,,,,2019,6,1,2019,6,3,10,,,,,,,,,,,81.50030941,"[{""adm1_code"":1504,""adm1_name"":""Orissa""},{""adm2_code"":17553,""adm2_name"":""Hyderabad""}]","[{""gid_1"":""IND.26_1"",""migration_date"":""2025-12-20"",""migration_method"":""jaccard1"",""name_1"":""Odisha""},{""gid_2"":""IND.32.2_1"",""migration_date"":""2025-12-20"",""migration_method"":""jaccard2"",""name_2"":""Hyderabad""}]",2019-07-10,2025-12-20
2019-0550-IND,No,nat-met-sto-tro,Natural,Meteorological,Storm,Tropical cyclone,GLIDE:TC-2019-000147,Tropical cyclone 'Bulbul',IND,India,Southern Asia,Asia,"South Assam, Meghalaya, Tripura, Mizoram, West Begal, Odisha state",,,No,No,No,,,Kph,,,,2019,11,9,2019,11,10,12,,130000,,130000,,,,,,,81.50030941,"[{""adm1_code"":1487,""adm1_name"":""Assam""},{""adm1_code"":1501,""adm1_name"":""Meghalaya""},{""adm1_code"":1502,""adm1_name"":""Mizoram""},{""adm1_code"":1504,""adm1_name"":""Orissa""},{""adm1_code"":1509,""adm1_name"":""Tripura""},{""adm1_code"":1511,""adm1_name"":""West Bengal""}]","[{""gid_1"":""IND.22_1"",""migration_date"":""2025-12-20"",""migration_method"":""jaccard1"",""name_1"":""Meghalaya""},{""gid_1"":""IND.23_1"",""migration_date"":""2025-12-20"",""migration_method"":""jaccard1"",""name_1"":""Mizoram""},{""gid_1"":""IND.26_1"",""migration_date"":""2025-12-20"",""migration_method"":""jaccard1"",""name_1"":""Odisha""},{""gid_1"":""IND.33_1"",""migration_date"":""2025-12-20"",""migration_method"":""jaccard1"",""name_1"":""Tripura""},{""gid_1"":""IND.36_1"",""migration_date"":""2025-12-20"",""migration_method"":""jaccard1"",""name_1"":""West Bengal""},{""gid_1"":""IND.4_1"",""migration_date"":""2025-12-20"",""migration_method"":""jaccard1"",""name_1"":""Assam""}]",2019-11-19,2025-12-20
2020-0206-IND,No,nat-hyd-flo-flo,Natural,Hydrological,Flood,Flood (General),,,IND,India,Southern Asia,Asia,"Lakhimpur, Sontipur, Darrang, Goalpara (Assam state); Sikkim state",Heavy rains,"Slide (land, mud, snow, rock)",No,No,No,,,Km2,,,"Jia Bharali, Puthimari rivers",2020,5,24,2020,5,26,1,2,30000,,30002,,,,,,,82.50568385,"[{""adm1_code"":1507,""adm1_name"":""Sikkim""},{""adm2_code"":17578,""adm2_name"":""Darrang""},{""adm2_code"":17581,""adm2_name"":""Goalpara""},{""adm2_code"":17593,""adm2_name"":""Sonitpur""},{""adm2_code"":70091,""adm2_name"":""Lakhimpur""}]","[{""gid_1"":""IND.30_1"",""migration_date"":""2025-12-20"",""migration_method"":""jaccard1"",""name_1"":""Sikkim""},{""gid_2"":""IND.4.11_1"",""migration_date"":""2025-12-20"",""migration_method"":""jaccard2"",""name_2"":""Goalpara""},{""gid_2"":""IND.4.20_1"",""migration_date"":""2025-12-20"",""migration_method"":""jaccard2"",""name_2"":""Lakhimpur""},{""gid_2"":""IND.4.25_1"",""migration_date"":""2025-12-20"",""migration_method"":""jaccard2"",""name_2"":""Sonitpur""},{""gid_2"":""IND.4.27_1"",""migration_date"":""2025-12-20"",""migration_method"":""puzzle2_2"",""name_2"":""Udalguri""},{""gid_2"":""IND.4.6_1"",""migration_date"":""2025-12-20"",""migration_method"":""puzzle2_2"",""name_2"":""Darrang""}]",2020-05-27,2025-12-20
2020-0249-IND,No,nat-hyd-flo-flo,Natural,Hydrological,Flood,Flood (General),,,IND,India,Southern Asia,Asia,Jammu region,,,No,No,No,,,Km2,,,,2020,6,1,2020,6,9,,,5000,,5000,,,,,,,82.50568385,"[{""adm1_code"":40408,""adm1_name"":""Administrative unit not available""},{""adm1_code"":40409,""adm1_name"":""Administrative unit not available""},{""adm1_code"":40422,""adm1_name"":""Administrative unit not available""},{""adm1_code"":40423,""adm1_name"":""Administrative unit not available""},{""adm1_code"":40424,""adm1_name"":""Administrative unit not available""},{""adm1_code"":40425,""adm1_name"":""Administrative unit not available""},{""adm1_code"":40426,""adm1_name"":""Administrative unit not available""},{""adm1_code"":40427,""adm1_name"":""Administrative unit not available""},{""adm1_code"":40428,""adm1_name"":""Administrative unit not available""},{""adm1_code"":40429,""adm1_name"":""Administrative unit not available""},{""adm1_code"":40430,""adm1_name"":""Administrative unit not available""},{""adm1_code"":40431,""adm1_name"":""Administrative unit not available""}]","[{""gid_1"":""Z06.1_1"",""migration_date"":""2025-12-20"",""migration_method"":""jaccard1"",""name_1"":""Azad Kashmir""},{""gid_1"":""Z06.6_1"",""migration_date"":""2025-12-20"",""migration_method"":""jaccard1"",""name_1"":""Gilgit-Baltistan""},{""gid_2"":""Z01.14.10_1"",""migration_date"":""2025-12-20"",""migration_method"":""puzzle1_2"",""name_2"":""Kishtwar""},{""gid_2"":""Z01.14.12_1"",""migration_date"":""2025-12-20"",""migration_method"":""puzzle1_2"",""name_2"":""Kupwara""},{""gid_2"":""Z01.14.13_1"",""migration_date"":""2025-12-20"",""migration_method"":""puzzle1_2"",""name_2"":""Leh (Ladakh)""},{""gid_2"":""Z01.14.14_1"",""migration_date"":""2025-12-20"",""migration_method"":""puzzle1_2"",""name_2"":""Poonch""},{""gid_2"":""Z01.14.16_1"",""migration_date"":""2025-12-20"",""migration_method"":""puzzle1_2"",""name_2"":""Rajouri""},{""gid_2"":""Z01.14.17_1"",""migration_date"":""2025-12-20"",""migration_method"":""puzzle1_2"",""name_2"":""Ramban""},{""gid_2"":""Z01.14.18_1"",""migration_date"":""2025-12-20"",""migration_method"":""puzzle1_2"",""name_2"":""Reasi""},{""gid_2"":""Z01.14.19_1"",""migration_date"":""2025-12-20"",""migration_method"":""puzzle1_2"",""name_2"":""Samba""},{""gid_2"":""Z01.14.21_1"",""migration_date"":""2025-12-20"",""migration_method"":""puzzle1_2"",""name_2"":""Srinagar""},{""gid_2"":""Z01.14.22_1"",""migration_date"":""2025-12-20"",""migration_method"":""puzzle1_2"",""name_2"":""Udhampur""},{""gid_2"":""Z01.14.2_1"",""migration_date"":""2025-12-20"",""migration_method"":""puzzle1_2"",""name_2"":""Badgam""},{""gid_2"":""Z01.14.3_1"",""migration_date"":""2025-12-20"",""migration_method"":""puzzle1_2"",""name_2"":""Bandipore""},{""gid_2"":""Z01.14.4_1"",""migration_date"":""2025-12-20"",""migration_method"":""puzzle1_2"",""name_2"":""Baramulla""},{""gid_2"":""Z01.14.5_1"",""migration_date"":""2025-12-20"",""migration_method"":""puzzle1_2"",""name_2"":""Doda""},{""gid_2"":""Z01.14.6_1"",""migration_date"":""2025-12-20"",""migration_method"":""puzzle1_2"",""name_2"":""Ganderbal""},{""gid_2"":""Z01.14.7_1"",""migration_date"":""2025-12-20"",""migration_method"":""puzzle1_2"",""name_2"":""Jammu""},{""gid_2"":""Z01.14.8_1"",""migration_date"":""2025-12-20"",""migration_method"":""puzzle1_2"",""name_2"":""Kargil""},{""gid_2"":""Z01.14.9_1"",""migration_date"":""2025-12-20"",""migration_method"":""puzzle1_2"",""name_2"":""Kathua""}]",2020-06-19,2025-12-20
2020-0446-IND,No,nat-hyd-flo-flo,Natural,Hydrological,Flood,Flood (General),,,IND,India,Southern Asia,Asia,"Hyderabad, Telangana, Andhra Pradesh, Karnataka, South Odisha states",Heavy rains,,No,No,No,,,Km2,,,,2020,10,1,2020,10,26,152,,150000,,150000,,,,,4000000,4848151,82.50568385,"[{""adm1_code"":1485,""adm1_name"":""Andhra Pradesh""},{""adm1_code"":1494,""adm1_name"":""Karnataka""},{""adm2_code"":17811,""adm2_name"":""Ganjam""},{""adm2_code"":17812,""adm2_name"":""Kalahandi""},{""adm2_code"":17814,""adm2_name"":""Koraput""},{""adm2_code"":70211,""adm2_name"":""Boudh""},{""adm2_code"":70213,""adm2_name"":""Gajapati""},{""adm2_code"":70217,""adm2_name"":""Kandhamal""},{""adm2_code"":70220,""adm2_name"":""Malkangiri""},{""adm2_code"":70221,""adm2_name"":""Nabarangpur""},{""adm2_code"":70223,""adm2_name"":""Nuapada""},{""adm2_code"":70224,""adm2_name"":""Rayagada""}]","[{""gid_1"":""IND.16_1"",""migration_date"":""2025-12-20"",""migration_method"":""jaccard1"",""name_1"":""Karnataka""},{""gid_1"":""IND.2_1"",""migration_date"":""2025-12-20"",""migration_method"":""puzzle1_1"",""name_1"":""Andhra Pradesh""},{""gid_1"":""IND.32_1"",""migration_date"":""2025-12-20"",""migration_method"":""puzzle1_1"",""name_1"":""Telangana""},{""gid_2"":""IND.26.10_1"",""migration_date"":""2025-12-20"",""migration_method"":""jaccard2"",""name_2"":""Gajapati""},{""gid_2"":""IND.26.11_1"",""migration_date"":""2025-12-20"",""migration_method"":""jaccard2"",""name_2"":""Ganjam""},{""gid_2"":""IND.26.15_1"",""migration_date"":""2025-12-20"",""migration_method"":""jaccard2"",""name_2"":""Kalahandi""},{""gid_2"":""IND.26.16_1"",""migration_date"":""2025-12-20"",""migration_method"":""jaccard2"",""name_2"":""Kandhamal""},{""gid_2"":""IND.26.20_1"",""migration_date"":""2025-12-20"",""migration_method"":""jaccard2"",""name_2"":""Koraput""},{""gid_2"":""IND.26.21_1"",""migration_date"":""2025-12-20"",""migration_method"":""jaccard2"",""name_2"":""Malkangiri""},{""gid_2"":""IND.26.23_1"",""migration_date"":""2025-12-20"",""migration_method"":""jaccard2"",""name_2"":""Nabarangapur""},{""gid_2"":""IND.26.25_1"",""migration_date"":""2025-12-20"",""migration_method"":""jaccard2"",""name_2"":""Nuapada""},{""gid_2"":""IND.26.27_1"",""migration_date"":""2025-12-20"",""migration_method"":""jaccard2"",""name_2"":""Rayagada""},{""gid_2"":""IND.26.5_1"",""migration_date"":""2025-12-20"",""migration_method"":""jaccard2"",""name_2"":""Bauda""}]",2020-10-16,2025-12-20
2021-0072-IND,No,nat-cli-glo-glo,Natural,Climatological,Glacial lake outburst flood,Glacial lake outburst flood,GLIDE:FL-2021-000021,,IND,India,Southern Asia,Asia,Uttarakhand state,,Flood,No,No,No,,,,,,,2021,2,7,2021,2,8,234,,,,,,,,,210000,243107,86.38165694,"[{""adm1_code"":70082,""adm1_name"":""Uttarakhand""}]","[{""gid_1"":""IND.35_1"",""migration_date"":""2025-12-20"",""migration_method"":""jaccard1"",""name_1"":""Uttarakhand""}]",2021-02-09,2025-12-20
2021-0366-IND,No,nat-hyd-flo-flo,Natural,Hydrological,Flood,Flood (General),GLIDE:FL-2021-000093,,IND,India,Southern Asia,Asia,"Bongaigaon, Dhemaji and Dibrugarh districts (Assam state)",Heavy rains,,No,No,No,,,Km2,,,,2021,7,1,2021,7,1,,,7587,,7587,,,,,,,86.38165694,"[{""adm2_code"":17580,""adm2_name"":""Dibrugarh""},{""adm2_code"":70086,""adm2_name"":""Bongaigaon""},{""adm2_code"":70087,""adm2_name"":""Dhemaji""}]","[{""gid_2"":""IND.4.3_1"",""migration_date"":""2025-12-20"",""migration_method"":""puzzle2_2"",""name_2"":""Bongaigaon""},{""gid_2"":""IND.4.5_1"",""migration_date"":""2025-12-20"",""migration_method"":""puzzle2_2"",""name_2"":""Chirang""},{""gid_2"":""IND.4.7_1"",""migration_date"":""2025-12-20"",""migration_method"":""jaccard2"",""name_2"":""Dhemaji""},{""gid_2"":""IND.4.9_1"",""migration_date"":""2025-12-20"",""migration_method"":""jaccard2"",""name_2"":""Dibrugarh""}]",2021-07-01,2025-12-20
2021-0419-IND,No,nat-hyd-mmw-lan,Natural,Hydrological,Mass movement (wet),Landslide (wet),,,IND,India,Southern Asia,Asia,Bombay,Monsoon rain,Collapse|Rain,No,No,No,,,,,,,2021,7,17,2021,7,18,33,,,,,,,,,,,86.38165694,"[{""adm2_code"":70183,""adm2_name"":""Mumbai Suburban""},{""adm2_code"":70184,""adm2_name"":""Mumbai city""}]","[{""gid_2"":""IND.20.17_1"",""migration_date"":""2025-12-20"",""migration_method"":""jaccard2"",""name_2"":""Mumbai City""},{""gid_2"":""IND.20.18_1"",""migration_date"":""2025-12-20"",""migration_method"":""jaccard2"",""name_2"":""Mumbai Suburban""}]",2021-07-19,2025-12-20
2021-0458-IND,No,nat-hyd-flo-fla,Natural,Hydrological,Flood,Flash flood,,,IND,India,Southern Asia,Asia,"Himachal Pradesh, Union Territories of Jammu and Kashmir and Ladakh",,,No,No,No,,,Km2,,,,2021,7,28,2021,7,29,37,17,105,,122,,,,,,,86.38165694,"[{""adm1_code"":1493,""adm1_name"":""Himachal Pradesh""},{""adm1_code"":40422,""adm1_name"":""Administrative unit not available""},{""adm1_code"":40423,""adm1_name"":""Administrative unit not available""}]","[{""gid_1"":""IND.13_1"",""migration_date"":""2025-12-20"",""migration_method"":""jaccard1"",""name_1"":""Himachal Pradesh""},{""gid_2"":""Z01.14.13_1"",""migration_date"":""2025-12-20"",""migration_method"":""puzzle1_2"",""name_2"":""Leh (Ladakh)""},{""gid_2"":""Z01.14.8_1"",""migration_date"":""2025-12-20"",""migration_method"":""puzzle1_2"",""name_2"":""Kargil""}]",2021-07-29,2025-12-20
2021-0630-IND,No,nat-met-sto-tro,Natural,Meteorological,Storm,Tropical cyclone,,Cyclone 'Gulab',IND,India,Southern Asia,Asia,"Srikakulam, Vizianagaram, Visakhapatnam, Kalingapatnam , Nizamabad, Hyderabad districts (Andhra Pradesh); Koraput, Malkangiri districts (Odisha); Aurangabad, Latur, Osmanabad, Parbhani, Nanded, Beed, Jalna, Hingoli districts (Maharashtra)",,,No,No,No,,90,Kph,,,,2021,9,26,2021,9,29,20,,,,,,,,,,,86.38165694,"[{""adm2_code"":17553,""adm2_name"":""Hyderabad""},{""adm2_code"":17562,""adm2_name"":""Nizamabad""},{""adm2_code"":17565,""adm2_name"":""Srikakulam""},{""adm2_code"":17566,""adm2_name"":""Vishakhapatnam""},{""adm2_code"":17567,""adm2_name"":""Vizianagaram""},{""adm2_code"":17770,""adm2_name"":""Latur""},{""adm2_code"":17772,""adm2_name"":""Nanded""},{""adm2_code"":17774,""adm2_name"":""Osmanabad""},{""adm2_code"":17786,""adm2_name"":""Aurangabad""},{""adm2_code"":70179,""adm2_name"":""Bid""},{""adm2_code"":70181,""adm2_name"":""Hingoli""},{""adm2_code"":70182,""adm2_name"":""Jalna""},{""adm2_code"":70186,""adm2_name"":""Parbhani""},{""adm2_code"":17814,""adm2_name"":""Koraput""},{""adm2_code"":70220,""adm2_name"":""Malkangiri""}]","[{""gid_2"":""IND.2.10_1"",""migration_date"":""2025-12-20"",""migration_method"":""jaccard2"",""name_2"":""Visakhapatnam""},{""gid_2"":""IND.2.11_1"",""migration_date"":""2025-12-20"",""migration_method"":""jaccard2"",""name_2"":""Vizianagaram""},{""gid_2"":""IND.2.9_1"",""migration_date"":""2025-12-20"",""migration_method"":""jaccard2"",""name_2"":""Srikakulam""},{""gid_2"":""IND.20.12_1"",""migration_date"":""2025-12-20"",""migration_method"":""jaccard2"",""name_2"":""Hingoli""},{""gid_2"":""IND.20.14_1"",""migration_date"":""2025-12-20"",""migration_method"":""jaccard2"",""name_2"":""Jalna""},{""gid_2"":""IND.20.16_1"",""migration_date"":""2025-12-20"",""migration_method"":""jaccard2"",""name_2"":""Latur""},{""gid_2"":""IND.20.20_1"",""migration_date"":""2025-12-20"",""migration_method"":""jaccard2"",""name_2"":""Nanded""},{""gid_2"":""IND.20.23_1"",""migration_date"":""2025-12-20"",""migration_method"":""jaccard2"",""name_2"":""Osmanabad""},{""gid_2"":""IND.20.25_1"",""migration_date"":""2025-12-20"",""migration_method"":""jaccard2"",""name_2"":""Parbhani""},{""gid_2"":""IND.20.4_1"",""migration_date"":""2025-12-20"",""migration_method"":""jaccard2"",""name_2"":""Aurangabad""},{""gid_2"":""IND.20.6_1"",""migration_date"":""2025-12-20"",""migration_method"":""jaccard2"",""name_2"":""Bid""},{""gid_2"":""IND.26.20_1"",""migration_date"":""2025-12-20"",""migration_method"":""jaccard2"",""name_2"":""Koraput""},{""gid_2"":""IND.26.21_1"",""migration_date"":""2025-12-20"",""migration_method"":""jaccard2"",""name_2"":""Malkangiri""},{""gid_2"":""IND.32.2_1"",""migration_date"":""2025-12-20"",""migration_method"":""jaccard2"",""name_2"":""Hyderabad""},{""gid_2"":""IND.32.8_1"",""migration_date"":""2025-12-20"",""migration_method"":""jaccard2"",""name_2"":""Nizamabad""}]",2021-09-29,2025-12-20
2021-0777-IND,No,nat-met-sto-tro,Natural,Meteorological,Storm,Tropical cyclone,,Tropical storm 'Jawad',IND,India,Southern Asia,Asia,"Andhra Pradesh, Odisha, south-western West Bengal, Tripura",,,No,No,No,,100,Kph,,,,2021,12,4,2021,12,6,5,400,1650,,2050,,,,,,,86.38165694,"[{""adm1_code"":1485,""adm1_name"":""Andhra Pradesh""},{""adm1_code"":1504,""adm1_name"":""Orissa""},{""adm1_code"":1509,""adm1_name"":""Tripura""},{""adm1_code"":1511,""adm1_name"":""West Bengal""}]","[{""gid_1"":""IND.26_1"",""migration_date"":""2025-12-20"",""migration_method"":""jaccard1"",""name_1"":""Odisha""},{""gid_1"":""IND.2_1"",""migration_date"":""2025-12-20"",""migration_method"":""puzzle1_1"",""name_1"":""Andhra Pradesh""},{""gid_1"":""IND.32_1"",""migration_date"":""2025-12-20"",""migration_method"":""puzzle1_1"",""name_1"":""Telangana""},{""gid_1"":""IND.33_1"",""migration_date"":""2025-12-20"",""migration_method"":""jaccard1"",""name_1"":""Tripura""},{""gid_1"":""IND.36_1"",""migration_date"":""2025-12-20"",""migration_method"":""jaccard1"",""name_1"":""West Bengal""}]",2021-12-06,2025-12-20
2009-0609-IND,No,nat-met-sto-tro,Natural,Meteorological,Storm,Tropical cyclone,,Cyclone Phyan,IND,India,Southern Asia,Asia,"Gujarat, Madhya Pradesh, Maharashtra provinces",,,No,No,No,,,Kph,,,,2009,11,11,2009,11,12,20,,,,,,,,,300000,438650,68.39164268,"[{""adm1_code"":1491,""adm1_name"":""Gujarat""},{""adm1_code"":1498,""adm1_name"":""Maharashtra""},{""adm1_code"":70079,""adm1_name"":""Madhya Pradesh""}]","[{""gid_1"":""IND.11_1"",""migration_date"":""2025-12-20"",""migration_method"":""jaccard1"",""name_1"":""Gujarat""},{""gid_1"":""IND.19_1"",""migration_date"":""2025-12-20"",""migration_method"":""jaccard1"",""name_1"":""Madhya Pradesh""},{""gid_1"":""IND.20_1"",""migration_date"":""2025-12-20"",""migration_method"":""jaccard1"",""name_1"":""Maharashtra""}]",2010-03-08,2025-12-20
2009-0483-IND,No,nat-hyd-flo-riv,Natural,Hydrological,Flood,Riverine flood,,,IND,India,Southern Asia,Asia,"Ooty, Coonoor cities (Nilgiris district, Tamil Nadu)",Heavy rains,"Slide (land, mud, snow, rock)",No,No,No,,35730,Km2,11.47,77.85,,2009,11,3,2009,11,8,70,8,,,8,,,,,64000,93579,68.39164268,"[{""adm2_code"":17873,""adm2_name"":""Nilgiris""}]","[{""gid_2"":""IND.31.21_1"",""migration_date"":""2025-12-20"",""migration_method"":""jaccard2"",""name_2"":""The Nilgiris""}]",2010-03-05,2025-12-20
2009-0443-IND,No,nat-hyd-flo-riv,Natural,Hydrological,Flood,Riverine flood,,,IND,India,Southern Asia,Asia,Jainta Hills district (Meghalaya province),Torrential rain,Broken Dam/Burst bank,No,No,No,,,Km2,,,,2009,10,9,2009,10,9,20,,,,,,,,,,,68.39164268,"[{""adm2_code"":17795,""adm2_name"":""Jaintia Hills""}]","[{""gid_2"":""IND.22.3_1"",""migration_date"":""2025-12-20"",""migration_method"":""jaccard2"",""name_2"":""Jaintia Hills""}]",2009-10-16,2025-12-20
2009-0240-IND,No,nat-met-sto-lig,Natural,Meteorological,Storm,Lightning/Thunderstorms,,,IND,India,Southern Asia,Asia,"Bihar, Jharkhand provinces",,,No,No,No,,,Kph,,,,2009,6,28,2009,6,29,35,12,,,12,,,,,,,68.39164268,"[{""adm1_code"":70073,""adm1_name"":""Bihar""},{""adm1_code"":70078,""adm1_name"":""Jharkhand""}]","[{""gid_1"":""IND.15_1"",""migration_date"":""2025-12-20"",""migration_method"":""jaccard1"",""name_1"":""Jharkhand""},{""gid_1"":""IND.5_1"",""migration_date"":""2025-12-20"",""migration_method"":""jaccard1"",""name_1"":""Bihar""}]",2010-03-08,2025-12-20
2008-0646-IND,No,nat-met-sto-san,Natural,Meteorological,Storm,Sand/Dust storm,GLIDE:ST-2008-000068,,IND,India,Southern Asia,Asia,Uttar Pradesh province,,Flood,No,No,No,,110,Kph,,,,2008,5,14,2008,5,14,111,50,,,50,,,,,25000,36424,68.63567228,"[{""adm1_code"":70081,""adm1_name"":""Uttar Pradesh""}]","[{""gid_1"":""IND.34_1"",""migration_date"":""2025-12-20"",""migration_method"":""jaccard1"",""name_1"":""Uttar Pradesh""}]",2009-03-25,2025-12-20
2008-0486-IND,No,nat-hyd-flo-riv,Natural,Hydrological,Flood,Riverine flood,GLIDE:FL-2008-000145,,IND,India,Southern Asia,Asia,"Muzaffarpur, Supaul, Patna, Katihar, Nalanda, Araria, Pashchim Champaran, Sheikhpura, Saharsa, Purnia, Saran, Begusarai, Bhagalpur, Madhepura, Vaishali, Khagaria districts (Bihar province), Assam province","River Kosi in Nepal discharged huge levels of water, monsoonal rains",Broken Dam/Burst bank,No,No,Yes,,80590,Km2,22.044,94.55,Brahmaputra river,2008,8,30,2008,9,8,47,,2600000,,2600000,,,,,20000,29139,68.63567228,"[{""adm1_code"":1487,""adm1_name"":""Assam""},{""adm2_code"":17595,""adm2_name"":""Begusarai""},{""adm2_code"":17596,""adm2_name"":""Bhagalpur""},{""adm2_code"":17608,""adm2_name"":""Katihar""},{""adm2_code"":17609,""adm2_name"":""Khagaria""},{""adm2_code"":17612,""adm2_name"":""Madhepura""},{""adm2_code"":17613,""adm2_name"":""Muzaffarpur""},{""adm2_code"":17615,""adm2_name"":""Nalanda""},{""adm2_code"":17618,""adm2_name"":""Pashchim Champaran""},{""adm2_code"":17619,""adm2_name"":""Patna""},{""adm2_code"":17621,""adm2_name"":""Purnia""},{""adm2_code"":17624,""adm2_name"":""Saharsa""},{""adm2_code"":17628,""adm2_name"":""Saran""},{""adm2_code"":17632,""adm2_name"":""Vaishali""},{""adm2_code"":70094,""adm2_name"":""Araria""},{""adm2_code"":70102,""adm2_name"":""Sheikhpura""},{""adm2_code"":70104,""adm2_name"":""Supaul""}]","[{""gid_1"":""IND.4_1"",""migration_date"":""2025-12-20"",""migration_method"":""jaccard1"",""name_1"":""Assam""},{""gid_2"":""IND.5.15_1"",""migration_date"":""2025-12-20"",""migration_method"":""jaccard2"",""name_2"":""Katihar""},{""gid_2"":""IND.5.16_1"",""migration_date"":""2025-12-20"",""migration_method"":""jaccard2"",""name_2"":""Khagaria""},{""gid_2"":""IND.5.19_1"",""migration_date"":""2025-12-20"",""migration_method"":""jaccard2"",""name_2"":""Madhepura""},{""gid_2"":""IND.5.1_1"",""migration_date"":""2025-12-20"",""migration_method"":""jaccard2"",""name_2"":""Araria""},{""gid_2"":""IND.5.22_1"",""migration_date"":""2025-12-20"",""migration_method"":""jaccard2"",""name_2"":""Muzaffarpur""},{""gid_2"":""IND.5.23_1"",""migration_date"":""2025-12-20"",""migration_method"":""jaccard2"",""name_2"":""Nalanda""},{""gid_2"":""IND.5.25_1"",""migration_date"":""2025-12-20"",""migration_method"":""jaccard2"",""name_2"":""Pashchim Champaran""},{""gid_2"":""IND.5.26_1"",""migration_date"":""2025-12-20"",""migration_method"":""jaccard2"",""name_2"":""Patna""},{""gid_2"":""IND.5.28_1"",""migration_date"":""2025-12-20"",""migration_method"":""jaccard2"",""name_2"":""Purnia""},{""gid_2"":""IND.5.30_1"",""migration_date"":""2025-12-20"",""migration_method"":""jaccard2"",""name_2"":""Saharsa""},{""gid_2"":""IND.5.32_1"",""migration_date"":""2025-12-20"",""migration_method"":""jaccard2"",""name_2"":""Saran""},{""gid_2"":""IND.5.33_1"",""migration_date"":""2025-12-20"",""migration_method"":""jaccard2"",""name_2"":""Sheikhpura""},{""gid_2"":""IND.5.37_1"",""migration_date"":""2025-12-20"",""migration_method"":""jaccard2"",""name_2"":""Supaul""},{""gid_2"":""IND.5.38_1"",""migration_date"":""2025-12-20"",""migration_method"":""jaccard2"",""name_2"":""Vaishali""},{""gid_2"":""IND.5.5_1"",""migration_date"":""2025-12-20"",""migration_method"":""jaccard2"",""name_2"":""Begusarai""},{""gid_2"":""IND.5.6_1"",""migration_date"":""2025-12-20"",""migration_method"":""jaccard2"",""name_2"":""Bhagalpur""}]",2009-01-12,2025-12-20
2008-0130-IND,No,nat-hyd-flo-flo,Natural,Hydrological,Flood,Flood (General),,,IND,India,Southern Asia,Asia,"Tamil Nadu, Karnataka provinces",Heavy rain,,No,No,No,,144300,Km2,10.76,78.72,Bennihalla,2008,3,20,2008,3,28,37,,10278,,10278,,,,,2000,2914,68.63567228,"[{""adm1_code"":1494,""adm1_name"":""Karnataka""},{""adm1_code"":1508,""adm1_name"":""Tamil Nadu""}]","[{""gid_1"":""IND.16_1"",""migration_date"":""2025-12-20"",""migration_method"":""jaccard1"",""name_1"":""Karnataka""},{""gid_1"":""IND.31_1"",""migration_date"":""2025-12-20"",""migration_method"":""jaccard1"",""name_1"":""Tamil Nadu""}]",2008-04-07,2025-12-20
2007-0683-IND,No,nat-hyd-flo-flo,Natural,Hydrological,Flood,Flood (General),,,IND,India,Southern Asia,Asia,"Rajasthan, Uttar Pradesh, Madhya Pradesh, Jammu and Kashmir provinces",Heavy rains,Rain,No,No,No,,,Km2,,,,2007,2,11,2007,2,16,40,8,,,8,,,,,,,66.09810297,"[{""adm1_code"":1506,""adm1_name"":""Rajasthan""},{""adm1_code"":40408,""adm1_name"":""Administrative unit not available""},{""adm1_code"":40409,""adm1_name"":""Administrative unit not available""},{""adm1_code"":40422,""adm1_name"":""Administrative unit not available""},{""adm1_code"":40423,""adm1_name"":""Administrative unit not available""},{""adm1_code"":40424,""adm1_name"":""Administrative unit not available""},{""adm1_code"":40425,""adm1_name"":""Administrative unit not available""},{""adm1_code"":40426,""adm1_name"":""Administrative unit not available""},{""adm1_code"":40427,""adm1_name"":""Administrative unit not available""},{""adm1_code"":40428,""adm1_name"":""Administrative unit not available""},{""adm1_code"":40429,""adm1_name"":""Administrative unit not available""},{""adm1_code"":40430,""adm1_name"":""Administrative unit not available""},{""adm1_code"":40431,""adm1_name"":""Administrative unit not available""},{""adm1_code"":70079,""adm1_name"":""Madhya Pradesh""},{""adm1_code"":70081,""adm1_name"":""Uttar Pradesh""}]","[{""gid_1"":""IND.19_1"",""migration_date"":""2025-12-20"",""migration_method"":""jaccard1"",""name_1"":""Madhya Pradesh""},{""gid_1"":""IND.29_1"",""migration_date"":""2025-12-20"",""migration_method"":""jaccard1"",""name_1"":""Rajasthan""},{""gid_1"":""IND.34_1"",""migration_date"":""2025-12-20"",""migration_method"":""jaccard1"",""name_1"":""Uttar Pradesh""},{""gid_1"":""Z06.1_1"",""migration_date"":""2025-12-20"",""migration_method"":""jaccard1"",""name_1"":""Azad Kashmir""},{""gid_1"":""Z06.6_1"",""migration_date"":""2025-12-20"",""migration_method"":""jaccard1"",""name_1"":""Gilgit-Baltistan""},{""gid_2"":""Z01.14.10_1"",""migration_date"":""2025-12-20"",""migration_method"":""puzzle1_2"",""name_2"":""Kishtwar""},{""gid_2"":""Z01.14.12_1"",""migration_date"":""2025-12-20"",""migration_method"":""puzzle1_2"",""name_2"":""Kupwara""},{""gid_2"":""Z01.14.13_1"",""migration_date"":""2025-12-20"",""migration_method"":""puzzle1_2"",""name_2"":""Leh (Ladakh)""},{""gid_2"":""Z01.14.14_1"",""migration_date"":""2025-12-20"",""migration_method"":""puzzle1_2"",""name_2"":""Poonch""},{""gid_2"":""Z01.14.16_1"",""migration_date"":""2025-12-20"",""migration_method"":""puzzle1_2"",""name_2"":""Rajouri""},{""gid_2"":""Z01.14.17_1"",""migration_date"":""2025-12-20"",""migration_method"":""puzzle1_2"",""name_2"":""Ramban""},{""gid_2"":""Z01.14.18_1"",""migration_date"":""2025-12-20"",""migration_method"":""puzzle1_2"",""name_2"":""Reasi""},{""gid_2"":""Z01.14.19_1"",""migration_date"":""2025-12-20"",""migration_method"":""puzzle1_2"",""name_2"":""Samba""},{""gid_2"":""Z01.14.21_1"",""migration_date"":""2025-12-20"",""migration_method"":""puzzle1_2"",""name_2"":""Srinagar""},{""gid_2"":""Z01.14.22_1"",""migration_date"":""2025-12-20"",""migration_method"":""puzzle1_2"",""name_2"":""Udhampur""},{""gid_2"":""Z01.14.2_1"",""migration_date"":""2025-12-20"",""migration_method"":""puzzle1_2"",""name_2"":""Badgam""},{""gid_2"":""Z01.14.3_1"",""migration_date"":""2025-12-20"",""migration_method"":""puzzle1_2"",""name_2"":""Bandipore""},{""gid_2"":""Z01.14.4_1"",""migration_date"":""2025-12-20"",""migration_method"":""puzzle1_2"",""name_2"":""Baramulla""},{""gid_2"":""Z01.14.5_1"",""migration_date"":""2025-12-20"",""migration_method"":""puzzle1_2"",""name_2"":""Doda""},{""gid_2"":""Z01.14.6_1"",""migration_date"":""2025-12-20"",""migration_method"":""puzzle1_2"",""name_2"":""Ganderbal""},{""gid_2"":""Z01.14.7_1"",""migration_date"":""2025-12-20"",""migration_method"":""puzzle1_2"",""name_2"":""Jammu""},{""gid_2"":""Z01.14.8_1"",""migration_date"":""2025-12-20"",""migration_method"":""puzzle1_2"",""name_2"":""Kargil""},{""gid_2"":""Z01.14.9_1"",""migration_date"":""2025-12-20"",""migration_method"":""puzzle1_2"",""name_2"":""Kathua""}]",2008-03-28,2025-12-20
2007-0603-IND,No,nat-hyd-flo-riv,Natural,Hydrological,Flood,Riverine flood,,,IND,India,Southern Asia,Asia,Kerala province,Monsoonal rain,,No,No,No,,21120,Km2,10.39,76.31,,2007,7,16,2007,7,20,44,,35000,,35000,,,,,101151,153032,66.09810297,"[{""adm1_code"":1495,""adm1_name"":""Kerala""}]","[{""gid_1"":""IND.17_1"",""migration_date"":""2025-12-20"",""migration_method"":""jaccard1"",""name_1"":""Kerala""}]",2007-12-18,2025-12-20
2007-0602-IND,No,nat-hyd-flo-riv,Natural,Hydrological,Flood,Riverine flood,,,IND,India,Southern Asia,Asia,"Assam, Arunachal Pradesh, Meghalaya, Manipur provinces",Monsoonal rain,,No,No,No,,103600,Km2,27.58,95.26,,2007,7,12,2007,10,10,96,,11100000,,11100000,,,,,,,66.09810297,"[{""adm1_code"":1487,""adm1_name"":""Assam""},{""adm1_code"":1500,""adm1_name"":""Manipur""},{""adm1_code"":1501,""adm1_name"":""Meghalaya""},{""adm1_code"":70036,""adm1_name"":""Administrative unit not available""},{""adm1_code"":70037,""adm1_name"":""Administrative unit not available""},{""adm1_code"":70072,""adm1_name"":""Arunachal Pradesh""}]","[{""gid_1"":""IND.21_1"",""migration_date"":""2025-12-20"",""migration_method"":""jaccard1"",""name_1"":""Manipur""},{""gid_1"":""IND.22_1"",""migration_date"":""2025-12-20"",""migration_method"":""jaccard1"",""name_1"":""Meghalaya""},{""gid_1"":""IND.3_1"",""migration_date"":""2025-12-20"",""migration_method"":""jaccard1"",""name_1"":""Arunachal Pradesh""},{""gid_1"":""IND.4_1"",""migration_date"":""2025-12-20"",""migration_method"":""jaccard1"",""name_1"":""Assam""},{""gid_1"":""Z07.3_1"",""migration_date"":""2025-12-20"",""migration_method"":""jaccard1"",""name_1"":""Arunachal Pradesh""}]",2007-12-18,2025-12-20
2007-0596-IND,No,nat-hyd-flo-riv,Natural,Hydrological,Flood,Riverine flood,,,IND,India,Southern Asia,Asia,"Cuttack, Puri, Khordha, Jajpur, Jagatsinghpur districts (Orissa province)",Monsoonal rain,,No,No,No,,15360,Km2,20.45,86.2,"Bansadhara, Subamarekha, Jalaka, Kharasrota, Brahmani",2007,8,3,2007,8,27,15,,500000,,500000,,,,,,,66.09810297,"[{""adm2_code"":17809,""adm2_name"":""Cuttack""},{""adm2_code"":17818,""adm2_name"":""Puri""},{""adm2_code"":70214,""adm2_name"":""Jagatsinghpur""},{""adm2_code"":70215,""adm2_name"":""Jajpur""},{""adm2_code"":70219,""adm2_name"":""Khordha""}]","[{""gid_2"":""IND.26.12_1"",""migration_date"":""2025-12-20"",""migration_method"":""jaccard2"",""name_2"":""Jagatsinghapur""},{""gid_2"":""IND.26.13_1"",""migration_date"":""2025-12-20"",""migration_method"":""jaccard2"",""name_2"":""Jajapur""},{""gid_2"":""IND.26.19_1"",""migration_date"":""2025-12-20"",""migration_method"":""jaccard2"",""name_2"":""Khordha""},{""gid_2"":""IND.26.26_1"",""migration_date"":""2025-12-20"",""migration_method"":""jaccard2"",""name_2"":""Puri""},{""gid_2"":""IND.26.7_1"",""migration_date"":""2025-12-20"",""migration_method"":""jaccard2"",""name_2"":""Cuttack""}]",2007-12-14,2025-12-20
2007-0320-IND,No,nat-hyd-flo-riv,Natural,Hydrological,Flood,Riverine flood,GLIDE:FL-2007-000096,,IND,India,Southern Asia,Asia,"Bihar, Uttar Pradesh, Assam, Orissa, West Bengal provinces",Monsoonal rain,,No,No,No,,483900,Km2,22.63,88.49,"Ganga, Brahmaputra, Meghana rivers",2007,7,3,2007,9,22,1103,,18700000,,18700000,,,,,,,66.09810297,"[{""adm1_code"":1487,""adm1_name"":""Assam""},{""adm1_code"":1504,""adm1_name"":""Orissa""},{""adm1_code"":1511,""adm1_name"":""West Bengal""},{""adm1_code"":70073,""adm1_name"":""Bihar""},{""adm1_code"":70081,""adm1_name"":""Uttar Pradesh""}]","[{""gid_1"":""IND.26_1"",""migration_date"":""2025-12-20"",""migration_method"":""jaccard1"",""name_1"":""Odisha""},{""gid_1"":""IND.34_1"",""migration_date"":""2025-12-20"",""migration_method"":""jaccard1"",""name_1"":""Uttar Pradesh""},{""gid_1"":""IND.36_1"",""migration_date"":""2025-12-20"",""migration_method"":""jaccard1"",""name_1"":""West Bengal""},{""gid_1"":""IND.4_1"",""migration_date"":""2025-12-20"",""migration_method"":""jaccard1"",""name_1"":""Assam""},{""gid_1"":""IND.5_1"",""migration_date"":""2025-12-20"",""migration_method"":""jaccard1"",""name_1"":""Bihar""}]",2008-08-04,2025-12-20
2007-0239-IND,No,nat-hyd-flo-riv,Natural,Hydrological,Flood,Riverine flood,,,IND,India,Southern Asia,Asia,"Amravati, Mumbai City, Mumbai Suburban, Raigarh, Ratnagiri, Sindhudurg, Thane districts (Maharashtra province)",Monsoonal rain,,No,No,No,,106600,Km2,21.03,77.52,,2007,7,1,2007,7,6,62,,10000,,10000,,,,,,,66.09810297,"[{""adm2_code"":17759,""adm2_name"":""Amravati""},{""adm2_code"":17777,""adm2_name"":""Raigarh""},{""adm2_code"":17778,""adm2_name"":""Ratnagiri""},{""adm2_code"":17779,""adm2_name"":""Sindhudurg""},{""adm2_code"":17783,""adm2_name"":""Thane""},{""adm2_code"":70183,""adm2_name"":""Mumbai Suburban""},{""adm2_code"":70184,""adm2_name"":""Mumbai city""}]","[{""gid_2"":""IND.20.17_1"",""migration_date"":""2025-12-20"",""migration_method"":""jaccard2"",""name_2"":""Mumbai City""},{""gid_2"":""IND.20.18_1"",""migration_date"":""2025-12-20"",""migration_method"":""jaccard2"",""name_2"":""Mumbai Suburban""},{""gid_2"":""IND.20.24_1"",""migration_date"":""2025-12-20"",""migration_method"":""puzzle2_2"",""name_2"":""Palghar""},{""gid_2"":""IND.20.27_1"",""migration_date"":""2025-12-20"",""migration_method"":""jaccard2"",""name_2"":""Raigarh""},{""gid_2"":""IND.20.28_1"",""migration_date"":""2025-12-20"",""migration_method"":""jaccard2"",""name_2"":""Ratnagiri""},{""gid_2"":""IND.20.31_1"",""migration_date"":""2025-12-20"",""migration_method"":""jaccard2"",""name_2"":""Sindhudurg""},{""gid_2"":""IND.20.33_1"",""migration_date"":""2025-12-20"",""migration_method"":""puzzle2_2"",""name_2"":""Thane""},{""gid_2"":""IND.20.3_1"",""migration_date"":""2025-12-20"",""migration_method"":""jaccard2"",""name_2"":""Amravati""}]",2007-07-11,2025-12-20
2007-0225-IND,No,nat-hyd-flo-riv,Natural,Hydrological,Flood,Riverine flood,GLIDE:FF-2007-000083,,IND,India,Southern Asia,Asia,"Lakhimpur, Dhemaji, Cachar, Karimganj, Hailakandi, Darrang, Dibrugarh districts (Assam province)",Monsoonal rain,,No,No,No,,74890,Km2,26.26,94.02,Brahmaputra and tributaries,2007,6,18,2007,6,26,15,,200000,,200000,,,,,,,66.09810297,"[{""adm2_code"":17577,""adm2_name"":""Cachar""},{""adm2_code"":17578,""adm2_name"":""Darrang""},{""adm2_code"":17580,""adm2_name"":""Dibrugarh""},{""adm2_code"":17585,""adm2_name"":""Karimganj""},{""adm2_code"":70087,""adm2_name"":""Dhemaji""},{""adm2_code"":70088,""adm2_name"":""Hailakandi""},{""adm2_code"":70091,""adm2_name"":""Lakhimpur""}]","[{""gid_2"":""IND.4.13_1"",""migration_date"":""2025-12-20"",""migration_method"":""jaccard2"",""name_2"":""Hailakandi""},{""gid_2"":""IND.4.18_1"",""migration_date"":""2025-12-20"",""migration_method"":""jaccard2"",""name_2"":""Karimganj""},{""gid_2"":""IND.4.20_1"",""migration_date"":""2025-12-20"",""migration_method"":""jaccard2"",""name_2"":""Lakhimpur""},{""gid_2"":""IND.4.27_1"",""migration_date"":""2025-12-20"",""migration_method"":""puzzle2_2"",""name_2"":""Udalguri""},{""gid_2"":""IND.4.4_1"",""migration_date"":""2025-12-20"",""migration_method"":""jaccard2"",""name_2"":""Cachar""},{""gid_2"":""IND.4.6_1"",""migration_date"":""2025-12-20"",""migration_method"":""puzzle2_2"",""name_2"":""Darrang""},{""gid_2"":""IND.4.7_1"",""migration_date"":""2025-12-20"",""migration_method"":""jaccard2"",""name_2"":""Dhemaji""},{""gid_2"":""IND.4.9_1"",""migration_date"":""2025-12-20"",""migration_method"":""jaccard2"",""name_2"":""Dibrugarh""}]",2007-07-13,2025-12-20
2006-0601-IND,No,nat-hyd-flo-riv,Natural,Hydrological,Flood,Riverine flood,,,IND,India,Southern Asia,Asia,"Tamil Nadu, Andhra Pradesh provinces",Monsoonal rain and Cyclonic storm Ogni,,No,No,No,,40090,Km2,14.13,79.93,"Godavari, Krishna deltas",2006,10,26,2006,11,4,47,,225000,,225000,,,,,,,64.26483222,"[{""adm1_code"":1485,""adm1_name"":""Andhra Pradesh""},{""adm1_code"":1508,""adm1_name"":""Tamil Nadu""}]","[{""gid_1"":""IND.2_1"",""migration_date"":""2025-12-20"",""migration_method"":""puzzle1_1"",""name_1"":""Andhra Pradesh""},{""gid_1"":""IND.31_1"",""migration_date"":""2025-12-20"",""migration_method"":""jaccard1"",""name_1"":""Tamil Nadu""},{""gid_1"":""IND.32_1"",""migration_date"":""2025-12-20"",""migration_method"":""puzzle1_1"",""name_1"":""Telangana""}]",2007-03-15,2025-12-20
2006-0262-IND,No,nat-hyd-flo-riv,Natural,Hydrological,Flood,Riverine flood,,,IND,India,Southern Asia,Asia,"Assam, Tripura provinces",Monsoonal rain,,No,No,No,,47020,Km2,26.6,94.02,Brahmaputra and tributaries,2006,5,31,2006,7,24,21,,504000,,504000,,,,,,,64.26483222,"[{""adm1_code"":1487,""adm1_name"":""Assam""},{""adm1_code"":1509,""adm1_name"":""Tripura""}]","[{""gid_1"":""IND.33_1"",""migration_date"":""2025-12-20"",""migration_method"":""jaccard1"",""name_1"":""Tripura""},{""gid_1"":""IND.4_1"",""migration_date"":""2025-12-20"",""migration_method"":""jaccard1"",""name_1"":""Assam""}]",2007-01-06,2025-12-20
2006-0207-IND,No,nat-hyd-flo-fla,Natural,Hydrological,Flood,Flash flood,,,IND,India,Southern Asia,Asia,"Adilabad, Hyderabad, Karimnagar, Khammam, Mahbubnagar, Medak, Nalgonda, Nizamabad, Rangareddi, Warangal, Srikakulam, Krishna districts (Andhra Pradesh province)",Heavy rain,,No,No,No,,190900,Km2,17.43,82.81,,2006,4,15,2006,4,18,20,,,,,,,,,,,64.26483222,"[{""adm2_code"":17547,""adm2_name"":""Adilabad""},{""adm2_code"":17553,""adm2_name"":""Hyderabad""},{""adm2_code"":17554,""adm2_name"":""Karimnagar""},{""adm2_code"":17555,""adm2_name"":""Khammam""},{""adm2_code"":17556,""adm2_name"":""Krishna""},{""adm2_code"":17558,""adm2_name"":""Mahbubnagar""},{""adm2_code"":17559,""adm2_name"":""Medak""},{""adm2_code"":17560,""adm2_name"":""Nalgonda""},{""adm2_code"":17562,""adm2_name"":""Nizamabad""},{""adm2_code"":17564,""adm2_name"":""Rangareddi""},{""adm2_code"":17565,""adm2_name"":""Srikakulam""},{""adm2_code"":17568,""adm2_name"":""Warangal""}]","[{""gid_2"":""IND.2.5_1"",""migration_date"":""2025-12-20"",""migration_method"":""jaccard2"",""name_2"":""Krishna""},{""gid_2"":""IND.2.9_1"",""migration_date"":""2025-12-20"",""migration_method"":""jaccard2"",""name_2"":""Srikakulam""},{""gid_2"":""IND.32.10_1"",""migration_date"":""2025-12-20"",""migration_method"":""jaccard2"",""name_2"":""Warangal""},{""gid_2"":""IND.32.1_1"",""migration_date"":""2025-12-20"",""migration_method"":""jaccard2"",""name_2"":""Adilabad""},{""gid_2"":""IND.32.2_1"",""migration_date"":""2025-12-20"",""migration_method"":""jaccard2"",""name_2"":""Hyderabad""},{""gid_2"":""IND.32.3_1"",""migration_date"":""2025-12-20"",""migration_method"":""jaccard2"",""name_2"":""Karimnagar""},{""gid_2"":""IND.32.4_1"",""migration_date"":""2025-12-20"",""migration_method"":""jaccard2"",""name_2"":""Khammam""},{""gid_2"":""IND.32.5_1"",""migration_date"":""2025-12-20"",""migration_method"":""jaccard2"",""name_2"":""Mahbubnagar""},{""gid_2"":""IND.32.6_1"",""migration_date"":""2025-12-20"",""migration_method"":""jaccard2"",""name_2"":""Medak""},{""gid_2"":""IND.32.7_1"",""migration_date"":""2025-12-20"",""migration_method"":""jaccard2"",""name_2"":""Nalgonda""},{""gid_2"":""IND.32.8_1"",""migration_date"":""2025-12-20"",""migration_method"":""jaccard2"",""name_2"":""Nizamabad""},{""gid_2"":""IND.32.9_1"",""migration_date"":""2025-12-20"",""migration_method"":""jaccard2"",""name_2"":""Ranga Reddy""}]",2007-01-04,2025-12-20
2005-0291-IND,No,nat-met-sto-sto,Natural,Meteorological,Storm,Storm (General),,,IND,India,Southern Asia,Asia,Kolkata district (West Bengal province),,,No,No,No,,,Kph,,,,2005,5,4,2005,5,4,11,20,,,20,,,,,,,62.25647853,"[{""adm2_code"":70292,""adm2_name"":""Kolkata""}]","[{""gid_2"":""IND.36.11_1"",""migration_date"":""2025-12-20"",""migration_method"":""jaccard2"",""name_2"":""Kolkata""}]",2005-06-08,2025-12-20
2005-0398-IND,No,nat-hyd-flo-riv,Natural,Hydrological,Flood,Riverine flood,,,IND,India,Southern Asia,Asia,"Ashoknagar, Chhatarpur, Damoh, Jabalpur, Katni, Narsinghpur, Panna, Rewa, Sagar, Satna districts (Madhya Pradesh province)",Monsoonal rains,,No,No,No,,55740,Km2,,,"Maijee, Simrol and Katni, Tons, Ledraha, Mahanadi, Son, Banganga",2005,7,2,2005,7,15,62,,49000,,49000,,,,,,,62.25647853,"[{""adm2_code"":17718,""adm2_name"":""Chhatarpur""},{""adm2_code"":17720,""adm2_name"":""Damoh""},{""adm2_code"":17730,""adm2_name"":""Jabalpur""},{""adm2_code"":17735,""adm2_name"":""Narsinghpur""},{""adm2_code"":17736,""adm2_name"":""Panna""},{""adm2_code"":17743,""adm2_name"":""Rewa""},{""adm2_code"":17744,""adm2_name"":""Sagar""},{""adm2_code"":17745,""adm2_name"":""Satna""},{""adm2_code"":70169,""adm2_name"":""Ashoknagar""},{""adm2_code"":70174,""adm2_name"":""Katni""}]","[{""gid_2"":""IND.19.11_1"",""migration_date"":""2025-12-20"",""migration_method"":""jaccard2"",""name_2"":""Chhatarpur""},{""gid_2"":""IND.19.13_1"",""migration_date"":""2025-12-20"",""migration_method"":""jaccard2"",""name_2"":""Damoh""},{""gid_2"":""IND.19.24_1"",""migration_date"":""2025-12-20"",""migration_method"":""jaccard2"",""name_2"":""Jabalpur""},{""gid_2"":""IND.19.26_1"",""migration_date"":""2025-12-20"",""migration_method"":""jaccard2"",""name_2"":""Katni""},{""gid_2"":""IND.19.30_1"",""migration_date"":""2025-12-20"",""migration_method"":""jaccard2"",""name_2"":""Narsimhapur""},{""gid_2"":""IND.19.32_1"",""migration_date"":""2025-12-20"",""migration_method"":""jaccard2"",""name_2"":""Panna""},{""gid_2"":""IND.19.36_1"",""migration_date"":""2025-12-20"",""migration_method"":""jaccard2"",""name_2"":""Rewa""},{""gid_2"":""IND.19.37_1"",""migration_date"":""2025-12-20"",""migration_method"":""jaccard2"",""name_2"":""Sagar""},{""gid_2"":""IND.19.38_1"",""migration_date"":""2025-12-20"",""migration_method"":""jaccard2"",""name_2"":""Satna""},{""gid_2"":""IND.19.4_1"",""migration_date"":""2025-12-20"",""migration_method"":""jaccard2"",""name_2"":""Ashoknagar""}]",2005-09-12,2025-12-20
2003-0283-IND,No,nat-hyd-flo-riv,Natural,Hydrological,Flood,Riverine flood,,,IND,India,Southern Asia,Asia,"Assam, Bihar, Tripura, West Bengal provinces",Mousson rains,,No,No,No,79,,Km2,,,"Bramaputra, Ganges",2003,6,11,2003,10,10,142,,4550000,,4550000,,,,,,,58.64355298,"[{""adm1_code"":1487,""adm1_name"":""Assam""},{""adm1_code"":1509,""adm1_name"":""Tripura""},{""adm1_code"":1511,""adm1_name"":""West Bengal""},{""adm1_code"":70073,""adm1_name"":""Bihar""}]","[{""gid_1"":""IND.33_1"",""migration_date"":""2025-12-20"",""migration_method"":""jaccard1"",""name_1"":""Tripura""},{""gid_1"":""IND.36_1"",""migration_date"":""2025-12-20"",""migration_method"":""jaccard1"",""name_1"":""West Bengal""},{""gid_1"":""IND.4_1"",""migration_date"":""2025-12-20"",""migration_method"":""jaccard1"",""name_1"":""Assam""},{""gid_1"":""IND.5_1"",""migration_date"":""2025-12-20"",""migration_method"":""jaccard1"",""name_1"":""Bihar""}]",2005-04-13,2025-12-20
2003-0250-IND,No,nat-met-ext-hea,Natural,Meteorological,Extreme temperature,Heat wave,,,IND,India,Southern Asia,Asia,"Andhra Pradesh, Orissa, Tamil Nadu, Vidarbha (=part of Maharashtra), Chhattisgarh, Jharkland, Uttar Pradesh, Rajasthan, Madhya Pradesh, Bihar provinces",,Drought,No,No,No,,49,°C,,,,2003,5,14,2003,6,6,1210,,,,,,,,,400000,682087,58.64355298,"[{""adm1_code"":1485,""adm1_name"":""Andhra Pradesh""},{""adm1_code"":1498,""adm1_name"":""Maharashtra""},{""adm1_code"":1504,""adm1_name"":""Orissa""},{""adm1_code"":1506,""adm1_name"":""Rajasthan""},{""adm1_code"":1508,""adm1_name"":""Tamil Nadu""},{""adm1_code"":70073,""adm1_name"":""Bihar""},{""adm1_code"":70075,""adm1_name"":""Chhattisgarh""},{""adm1_code"":70078,""adm1_name"":""Jharkhand""},{""adm1_code"":70079,""adm1_name"":""Madhya Pradesh""},{""adm1_code"":70081,""adm1_name"":""Uttar Pradesh""}]","[{""gid_1"":""IND.15_1"",""migration_date"":""2025-12-20"",""migration_method"":""jaccard1"",""name_1"":""Jharkhand""},{""gid_1"":""IND.19_1"",""migration_date"":""2025-12-20"",""migration_method"":""jaccard1"",""name_1"":""Madhya Pradesh""},{""gid_1"":""IND.20_1"",""migration_date"":""2025-12-20"",""migration_method"":""jaccard1"",""name_1"":""Maharashtra""},{""gid_1"":""IND.26_1"",""migration_date"":""2025-12-20"",""migration_method"":""jaccard1"",""name_1"":""Odisha""},{""gid_1"":""IND.29_1"",""migration_date"":""2025-12-20"",""migration_method"":""jaccard1"",""name_1"":""Rajasthan""},{""gid_1"":""IND.2_1"",""migration_date"":""2025-12-20"",""migration_method"":""puzzle1_1"",""name_1"":""Andhra Pradesh""},{""gid_1"":""IND.31_1"",""migration_date"":""2025-12-20"",""migration_method"":""jaccard1"",""name_1"":""Tamil Nadu""},{""gid_1"":""IND.32_1"",""migration_date"":""2025-12-20"",""migration_method"":""puzzle1_1"",""name_1"":""Telangana""},{""gid_1"":""IND.34_1"",""migration_date"":""2025-12-20"",""migration_method"":""jaccard1"",""name_1"":""Uttar Pradesh""},{""gid_1"":""IND.5_1"",""migration_date"":""2025-12-20"",""migration_method"":""jaccard1"",""name_1"":""Bihar""},{""gid_1"":""IND.7_1"",""migration_date"":""2025-12-20"",""migration_method"":""jaccard1"",""name_1"":""Chhattisgarh""}]",2006-03-08,2025-12-20
2003-0182-IND,No,nat-met-sto-tro,Natural,Meteorological,Storm,Tropical cyclone,,,IND,India,Southern Asia,Asia,"Chirakhawa, Chirakhawa Topopara, Peepulbari part 1, Peepulbari part 2, Bhurakata, Baliabeel, Bengerbhita, Baushkata areas (Dhuburi district, Assam province)",,Rain,No,No,No,,100,Kph,,,,2003,4,22,2003,4,22,45,4000,,600,4600,,,,,,,58.64355298,"[{""adm2_code"":17579,""adm2_name"":""Dhuburi""}]","[{""gid_2"":""IND.4.8_1"",""migration_date"":""2025-12-20"",""migration_method"":""jaccard2"",""name_2"":""Dhubri""}]",2004-03-10,2025-12-20
2003-0100-IND,No,nat-met-sto-tro,Natural,Meteorological,Storm,Tropical cyclone,,,IND,India,Southern Asia,Asia,Gujarat province,,,No,No,No,,,Kph,,,,2003,2,18,2003,2,18,5,,140,,140,,,,,,,58.64355298,"[{""adm1_code"":1491,""adm1_name"":""Gujarat""}]","[{""gid_1"":""IND.11_1"",""migration_date"":""2025-12-20"",""migration_method"":""jaccard1"",""name_1"":""Gujarat""}]",2003-09-05,2025-12-20
2002-0650-IND,No,nat-hyd-flo-riv,Natural,Hydrological,Flood,Riverine flood,,,IND,India,Southern Asia,Asia,"Kannur, Kasaragod, Kozhikode, Malappuram, Thiruvananthapuram districts (Kerala province)",Monsoonal rain,,No,No,No,,9750,Km2,,,,2002,10,10,2002,10,16,11,,,,,,,,,,,57.34184015,"[{""adm2_code"":17698,""adm2_name"":""Kannur""},{""adm2_code"":17701,""adm2_name"":""Kasaragod""},{""adm2_code"":17703,""adm2_name"":""Kozhikode""},{""adm2_code"":17704,""adm2_name"":""Malappuram""},{""adm2_code"":17709,""adm2_name"":""Thiruvananthapuram""}]","[{""gid_2"":""IND.17.12_1"",""migration_date"":""2025-12-20"",""migration_method"":""jaccard2"",""name_2"":""Thiruvananthapuram""},{""gid_2"":""IND.17.4_1"",""migration_date"":""2025-12-20"",""migration_method"":""jaccard2"",""name_2"":""Kannur""},{""gid_2"":""IND.17.5_1"",""migration_date"":""2025-12-20"",""migration_method"":""jaccard2"",""name_2"":""Kasaragod""},{""gid_2"":""IND.17.8_1"",""migration_date"":""2025-12-20"",""migration_method"":""jaccard2"",""name_2"":""Kozhikode""},{""gid_2"":""IND.17.9_1"",""migration_date"":""2025-12-20"",""migration_method"":""jaccard2"",""name_2"":""Malappuram""}]",2005-09-26,2025-12-20
2002-0490-IND,No,nat-hyd-flo-riv,Natural,Hydrological,Flood,Riverine flood,,,IND,India,Southern Asia,Asia,"Tehri Garhwal district (Uttaranchal province), Bihar, Assam, Manipur provinces",Heavy rain,,No,No,No,,6770,Km2,,,Jaikur and Indravati rivers.,2002,8,11,2002,8,13,33,50,,,50,,,,,20000,34879,57.34184015,"[{""adm1_code"":1487,""adm1_name"":""Assam""},{""adm1_code"":1500,""adm1_name"":""Manipur""},{""adm1_code"":70073,""adm1_name"":""Bihar""},{""adm2_code"":70287,""adm2_name"":""Tehri Garhwal""}]","[{""gid_1"":""IND.21_1"",""migration_date"":""2025-12-20"",""migration_method"":""jaccard1"",""name_1"":""Manipur""},{""gid_1"":""IND.4_1"",""migration_date"":""2025-12-20"",""migration_method"":""jaccard1"",""name_1"":""Assam""},{""gid_1"":""IND.5_1"",""migration_date"":""2025-12-20"",""migration_method"":""jaccard1"",""name_1"":""Bihar""},{""gid_2"":""IND.35.11_1"",""migration_date"":""2025-12-20"",""migration_method"":""jaccard2"",""name_2"":""Tehri Garhwal""}]",2005-09-23,2025-12-20
2001-0337-IND,No,nat-met-sto-lig,Natural,Meteorological,Storm,Lightning/Thunderstorms,,,IND,India,Southern Asia,Asia,Uttar Pradesh province,,,No,No,No,,,Kph,,,,2001,5,24,2001,5,24,21,,,,,,,,,,,56.44657635,"[{""adm1_code"":70081,""adm1_name"":""Uttar Pradesh""}]","[{""gid_1"":""IND.34_1"",""migration_date"":""2025-12-20"",""migration_method"":""jaccard1"",""name_1"":""Uttar Pradesh""}]",2003-07-01,2025-12-20
2001-0618-IND,No,nat-hyd-mmw-lan,Natural,Hydrological,Mass movement (wet),Landslide (wet),,,IND,India,Southern Asia,Asia,"Amboori village (Thiruvananthapuram district, Kerala province)",,,No,No,No,,,,,,,2001,11,9,2001,11,9,55,,,,,,,,,,,56.44657635,"[{""adm2_code"":17709,""adm2_name"":""Thiruvananthapuram""}]","[{""gid_2"":""IND.17.12_1"",""migration_date"":""2025-12-20"",""migration_method"":""jaccard2"",""name_2"":""Thiruvananthapuram""}]",2003-07-01,2025-12-20
2001-0515-IND,No,nat-hyd-flo-flo,Natural,Hydrological,Flood,Flood (General),,,IND,India,Southern Asia,Asia,"Gopalganj, Purba Champaran, Pashchim Champaran, Muzaffarpur, Vaishali, Saran districts (Bihar province)",,,No,No,No,,550,Km2,,,,2001,8,20,2001,8,20,158,,7000000,,7000000,,,,,26000,46061,56.44657635,"[{""adm2_code"":17604,""adm2_name"":""Gopalganj""},{""adm2_code"":17613,""adm2_name"":""Muzaffarpur""},{""adm2_code"":17618,""adm2_name"":""Pashchim Champaran""},{""adm2_code"":17620,""adm2_name"":""Purba Champaran""},{""adm2_code"":17628,""adm2_name"":""Saran""},{""adm2_code"":17632,""adm2_name"":""Vaishali""}]","[{""gid_2"":""IND.5.11_1"",""migration_date"":""2025-12-20"",""migration_method"":""jaccard2"",""name_2"":""Gopalganj""},{""gid_2"":""IND.5.22_1"",""migration_date"":""2025-12-20"",""migration_method"":""jaccard2"",""name_2"":""Muzaffarpur""},{""gid_2"":""IND.5.25_1"",""migration_date"":""2025-12-20"",""migration_method"":""jaccard2"",""name_2"":""Pashchim Champaran""},{""gid_2"":""IND.5.27_1"",""migration_date"":""2025-12-20"",""migration_method"":""jaccard2"",""name_2"":""Purba Champaran""},{""gid_2"":""IND.5.32_1"",""migration_date"":""2025-12-20"",""migration_method"":""jaccard2"",""name_2"":""Saran""},{""gid_2"":""IND.5.38_1"",""migration_date"":""2025-12-20"",""migration_method"":""jaccard2"",""name_2"":""Vaishali""}]",2003-07-01,2025-12-20
2001-0465-IND,No,nat-hyd-flo-riv,Natural,Hydrological,Flood,Riverine flood,,,IND,India,Southern Asia,Asia,"Aurangabad, Bhojpur, Gopalganj, Jehanabad, Muzaffarpur, Nalanda, Pashchim Champaran, Patna, Purba Champaran, Rohtas, Saran, Sitamarhi, Siwan, Vaishali districts (Bihar province)",,,No,No,No,,,Km2,,,,2001,8,,2001,8,,,,400000,,400000,,,,,,,56.44657635,"[{""adm2_code"":17594,""adm2_name"":""Aurangabad""},{""adm2_code"":17604,""adm2_name"":""Gopalganj""},{""adm2_code"":17607,""adm2_name"":""Jehanabad""},{""adm2_code"":17613,""adm2_name"":""Muzaffarpur""},{""adm2_code"":17615,""adm2_name"":""Nalanda""},{""adm2_code"":17618,""adm2_name"":""Pashchim Champaran""},{""adm2_code"":17619,""adm2_name"":""Patna""},{""adm2_code"":17620,""adm2_name"":""Purba Champaran""},{""adm2_code"":17623,""adm2_name"":""Rohtas""},{""adm2_code"":17628,""adm2_name"":""Saran""},{""adm2_code"":17630,""adm2_name"":""Sitamarhi""},{""adm2_code"":17631,""adm2_name"":""Siwan""},{""adm2_code"":17632,""adm2_name"":""Vaishali""},{""adm2_code"":70097,""adm2_name"":""Bhojpur""}]","[{""gid_2"":""IND.5.11_1"",""migration_date"":""2025-12-20"",""migration_method"":""jaccard2"",""name_2"":""Gopalganj""},{""gid_2"":""IND.5.13_1"",""migration_date"":""2025-12-20"",""migration_method"":""puzzle2_2"",""name_2"":""Jehanabad""},{""gid_2"":""IND.5.22_1"",""migration_date"":""2025-12-20"",""migration_method"":""jaccard2"",""name_2"":""Muzaffarpur""},{""gid_2"":""IND.5.23_1"",""migration_date"":""2025-12-20"",""migration_method"":""jaccard2"",""name_2"":""Nalanda""},{""gid_2"":""IND.5.25_1"",""migration_date"":""2025-12-20"",""migration_method"":""jaccard2"",""name_2"":""Pashchim Champaran""},{""gid_2"":""IND.5.26_1"",""migration_date"":""2025-12-20"",""migration_method"":""jaccard2"",""name_2"":""Patna""},{""gid_2"":""IND.5.27_1"",""migration_date"":""2025-12-20"",""migration_method"":""jaccard2"",""name_2"":""Purba Champaran""},{""gid_2"":""IND.5.29_1"",""migration_date"":""2025-12-20"",""migration_method"":""jaccard2"",""name_2"":""Rohtas""},{""gid_2"":""IND.5.2_1"",""migration_date"":""2025-12-20"",""migration_method"":""puzzle2_2"",""name_2"":""Arwal""},{""gid_2"":""IND.5.32_1"",""migration_date"":""2025-12-20"",""migration_method"":""jaccard2"",""name_2"":""Saran""},{""gid_2"":""IND.5.35_1"",""migration_date"":""2025-12-20"",""migration_method"":""jaccard2"",""name_2"":""Sitamarhi""},{""gid_2"":""IND.5.36_1"",""migration_date"":""2025-12-20"",""migration_method"":""jaccard2"",""name_2"":""Siwan""},{""gid_2"":""IND.5.38_1"",""migration_date"":""2025-12-20"",""migration_method"":""jaccard2"",""name_2"":""Vaishali""},{""gid_2"":""IND.5.3_1"",""migration_date"":""2025-12-20"",""migration_method"":""jaccard2"",""name_2"":""Aurangabad""},{""gid_2"":""IND.5.7_1"",""migration_date"":""2025-12-20"",""migration_method"":""jaccard2"",""name_2"":""Bhojpur""}]",2003-07-01,2025-12-20
2001-0332-IND,No,nat-hyd-flo-riv,Natural,Hydrological,Flood,Riverine flood,,,IND,India,Southern Asia,Asia,"Marshagal, Mahakalpada villages (Kendrapara district, Orissa province), Kakatpur, Astaranga, Kanas, Delanga villages (Puri district, Orissa province), Banki, Kantapada villages (Cuttack district, Orissa province), Balipatna villages (Khordha district, Orissa province), Atharmalik villages (Angul district, Orissa province), Jajpur, Jagatsinghpur, Kalahandi, Koraput, Bolangir, Nayagarh, Baleshwar, Bhadrak districts (Orissa province), Dhamtari, Raipur, Mahasamund, Janjgir-Champa, Raigarh districts (Chhattisgarh province)",Monsoonal rain,,Yes,No,No,6430,105100,Km2,,,,2001,7,8,2001,7,10,100,,9670000,,9670000,,,,,90000,159443,56.44657635,"[{""adm2_code"":17809,""adm2_name"":""Cuttack""},{""adm2_code"":17812,""adm2_name"":""Kalahandi""},{""adm2_code"":17814,""adm2_name"":""Koraput""},{""adm2_code"":17818,""adm2_name"":""Puri""},{""adm2_code"":70206,""adm2_name"":""Angul""},{""adm2_code"":70207,""adm2_name"":""Baleshwar""},{""adm2_code"":70209,""adm2_name"":""Bhadrak""},{""adm2_code"":70210,""adm2_name"":""Bolangir""},{""adm2_code"":70214,""adm2_name"":""Jagatsinghpur""},{""adm2_code"":70215,""adm2_name"":""Jajpur""},{""adm2_code"":70218,""adm2_name"":""Kendrapara""},{""adm2_code"":70219,""adm2_name"":""Khordha""},{""adm2_code"":70222,""adm2_name"":""Nayagarh""},{""adm2_code"":70108,""adm2_name"":""Dhamtari""},{""adm2_code"":70109,""adm2_name"":""Janjgir-Champa""},{""adm2_code"":70115,""adm2_name"":""Mahasamund""},{""adm2_code"":70116,""adm2_name"":""Raipur""},{""adm2_code"":70297,""adm2_name"":""Raigarh""}]","[{""gid_2"":""IND.26.12_1"",""migration_date"":""2025-12-20"",""migration_method"":""jaccard2"",""name_2"":""Jagatsinghapur""},{""gid_2"":""IND.26.13_1"",""migration_date"":""2025-12-20"",""migration_method"":""jaccard2"",""name_2"":""Jajapur""},{""gid_2"":""IND.26.15_1"",""migration_date"":""2025-12-20"",""migration_method"":""jaccard2"",""name_2"":""Kalahandi""},{""gid_2"":""IND.26.17_1"",""migration_date"":""2025-12-20"",""migration_method"":""jaccard2"",""name_2"":""Kendrapara""},{""gid_2"":""IND.26.19_1"",""migration_date"":""2025-12-20"",""migration_method"":""jaccard2"",""name_2"":""Khordha""},{""gid_2"":""IND.26.1_1"",""migration_date"":""2025-12-20"",""migration_method"":""jaccard2"",""name_2"":""Anugul""},{""gid_2"":""IND.26.20_1"",""migration_date"":""2025-12-20"",""migration_method"":""jaccard2"",""name_2"":""Koraput""},{""gid_2"":""IND.26.24_1"",""migration_date"":""2025-12-20"",""migration_method"":""jaccard2"",""name_2"":""Nayagarh""},{""gid_2"":""IND.26.26_1"",""migration_date"":""2025-12-20"",""migration_method"":""jaccard2"",""name_2"":""Puri""},{""gid_2"":""IND.26.2_1"",""migration_date"":""2025-12-20"",""migration_method"":""jaccard2"",""name_2"":""Balangir""},{""gid_2"":""IND.26.3_1"",""migration_date"":""2025-12-20"",""migration_method"":""jaccard2"",""name_2"":""Baleshwar""},{""gid_2"":""IND.26.6_1"",""migration_date"":""2025-12-20"",""migration_method"":""jaccard2"",""name_2"":""Bhadrak""},{""gid_2"":""IND.26.7_1"",""migration_date"":""2025-12-20"",""migration_method"":""jaccard2"",""name_2"":""Cuttack""},{""gid_2"":""IND.7.11_1"",""migration_date"":""2025-12-20"",""migration_method"":""puzzle2_2"",""name_2"":""Gariaband""},{""gid_2"":""IND.7.12_1"",""migration_date"":""2025-12-20"",""migration_method"":""jaccard2"",""name_2"":""Janjgir-Champa""},{""gid_2"":""IND.7.18_1"",""migration_date"":""2025-12-20"",""migration_method"":""jaccard2"",""name_2"":""Mahasamund""},{""gid_2"":""IND.7.1_1"",""migration_date"":""2025-12-20"",""migration_method"":""puzzle2_2"",""name_2"":""Baloda Bazar""},{""gid_2"":""IND.7.21_1"",""migration_date"":""2025-12-20"",""migration_method"":""jaccard2"",""name_2"":""Raigarh""},{""gid_2"":""IND.7.22_1"",""migration_date"":""2025-12-20"",""migration_method"":""puzzle2_2"",""name_2"":""Raipur""},{""gid_2"":""IND.7.9_1"",""migration_date"":""2025-12-20"",""migration_method"":""jaccard2"",""name_2"":""Dhamtari""}]",2005-09-20,2025-12-20
2001-0243-IND,No,nat-hyd-flo-riv,Natural,Hydrological,Flood,Riverine flood,,,IND,India,Southern Asia,Asia,"Silchar city (Cachar district, Assam province), Patharkandi village (Karimganj district, Assam province), West Tripura district (Tripura province)",Moosonal rain,,No,No,No,,,Km2,,,,2001,6,5,2001,6,22,5,,700000,,700000,,,,,,,56.44657635,"[{""adm2_code"":17577,""adm2_name"":""Cachar""},{""adm2_code"":17585,""adm2_name"":""Karimganj""},{""adm2_code"":17887,""adm2_name"":""West Tripura""}]","[{""gid_2"":""IND.33.3_1"",""migration_date"":""2025-12-20"",""migration_method"":""puzzle2_2"",""name_2"":""Khowai""},{""gid_2"":""IND.33.5_1"",""migration_date"":""2025-12-20"",""migration_method"":""puzzle2_2"",""name_2"":""Sipahijala""},{""gid_2"":""IND.33.8_1"",""migration_date"":""2025-12-20"",""migration_method"":""puzzle2_2"",""name_2"":""West Tripura""},{""gid_2"":""IND.4.18_1"",""migration_date"":""2025-12-20"",""migration_method"":""jaccard2"",""name_2"":""Karimganj""},{""gid_2"":""IND.4.4_1"",""migration_date"":""2025-12-20"",""migration_method"":""jaccard2"",""name_2"":""Cachar""}]",2005-09-19,2025-12-20
2001-0011-IND,No,nat-met-ext-col,Natural,Meteorological,Extreme temperature,Cold wave,,,IND,India,Southern Asia,Asia,"Uttar Pradesh, Bihar, Punjab provinces",,,No,No,No,,-22,°C,,,,2001,1,,2001,1,,125,,,,,,,,,,,56.44657635,"[{""adm1_code"":1505,""adm1_name"":""Punjab""},{""adm1_code"":70073,""adm1_name"":""Bihar""},{""adm1_code"":70081,""adm1_name"":""Uttar Pradesh""}]","[{""gid_1"":""IND.28_1"",""migration_date"":""2025-12-20"",""migration_method"":""jaccard1"",""name_1"":""Punjab""},{""gid_1"":""IND.34_1"",""migration_date"":""2025-12-20"",""migration_method"":""jaccard1"",""name_1"":""Uttar Pradesh""},{""gid_1"":""IND.5_1"",""migration_date"":""2025-12-20"",""migration_method"":""jaccard1"",""name_1"":""Bihar""}]",2003-07-01,2025-12-20
2000-0738-IND,No,nat-hyd-flo-flo,Natural,Hydrological,Flood,Flood (General),,,IND,India,Southern Asia,Asia,North 24 Parganas district (West Bengal province),,,No,No,No,,309,Km2,,,,2000,10,19,2000,10,19,6,,534035,,534035,,,,,,,54.89515197,"[{""adm2_code"":70293,""adm2_name"":""North 24 Parganas""}]","[{""gid_2"":""IND.36.15_1"",""migration_date"":""2025-12-20"",""migration_method"":""jaccard2"",""name_2"":""North 24 Parganas""}]",2003-07-01,2025-12-20
2000-0445-IND,No,nat-hyd-flo-riv,Natural,Hydrological,Flood,Riverine flood,,,IND,India,Southern Asia,Asia,"Katihar, Sitamarhi districts (Bihar province), Kinnaur district (Himachal Pradesh province), Bankura, Barddhaman, Birbhum, Haora, Hugli, Maldah, Murshidabad, Nadia, North 24 Parganas, West Midnapore districts (West Bengal province), Pithoragarh, Naini Tal districts (Uttarakhand province), Ahmadabad district (Gujarat province), Andhra Pradesh, Assam, Arunachal Pradesh, Madhya Pradesh, Punjab, Uttar Pradesh, Maharashtra, Rajasthan, Chandigarh, Kerala",Monsoonal rain,,Yes,No,No,7087,300000,Km2,,,"Brahmaputra and its tributaries, Bagmati, Kosi, Gandak, Murigandak, Kamlabalan, Mahananada, Adhwara, Ganges, Bhagra, Ganga, Burhi Gandak, Bagmati and Punpun",2000,8,2,2000,8,30,867,,22000000,,22000000,,,,,43000,78331,54.89515197,"[{""adm1_code"":1485,""adm1_name"":""Andhra Pradesh""},{""adm1_code"":1487,""adm1_name"":""Assam""},{""adm1_code"":1495,""adm1_name"":""Kerala""},{""adm1_code"":1498,""adm1_name"":""Maharashtra""},{""adm1_code"":1505,""adm1_name"":""Punjab""},{""adm1_code"":1506,""adm1_name"":""Rajasthan""},{""adm1_code"":70036,""adm1_name"":""Administrative unit not available""},{""adm1_code"":70037,""adm1_name"":""Administrative unit not available""},{""adm1_code"":70072,""adm1_name"":""Arunachal Pradesh""},{""adm1_code"":70074,""adm1_name"":""Chandigarh""},{""adm1_code"":70079,""adm1_name"":""Madhya Pradesh""},{""adm1_code"":70081,""adm1_name"":""Uttar Pradesh""},{""adm2_code"":17635,""adm2_name"":""Ahmadabad""},{""adm2_code"":17670,""adm2_name"":""Kinnaur""},{""adm2_code"":17945,""adm2_name"":""Bankura""},{""adm2_code"":17946,""adm2_name"":""Barddhaman""},{""adm2_code"":17947,""adm2_name"":""Birbhum""},{""adm2_code"":17949,""adm2_name"":""Haora""},{""adm2_code"":17950,""adm2_name"":""Hugli""},{""adm2_code"":17953,""adm2_name"":""Maldah""},{""adm2_code"":17955,""adm2_name"":""Murshidabad""},{""adm2_code"":17956,""adm2_name"":""Nadia""},{""adm2_code"":70293,""adm2_name"":""North 24 Parganas""},{""adm2_code"":70296,""adm2_name"":""West Midnapore""},{""adm2_code"":17608,""adm2_name"":""Katihar""},{""adm2_code"":17630,""adm2_name"":""Sitamarhi""},{""adm2_code"":17932,""adm2_name"":""Pithoragarh""},{""adm2_code"":70285,""adm2_name"":""Naini Tal""}]","[{""gid_1"":""IND.17_1"",""migration_date"":""2025-12-20"",""migration_method"":""jaccard1"",""name_1"":""Kerala""},{""gid_1"":""IND.19_1"",""migration_date"":""2025-12-20"",""migration_method"":""jaccard1"",""name_1"":""Madhya Pradesh""},{""gid_1"":""IND.20_1"",""migration_date"":""2025-12-20"",""migration_method"":""jaccard1"",""name_1"":""Maharashtra""},{""gid_1"":""IND.28_1"",""migration_date"":""2025-12-20"",""migration_method"":""jaccard1"",""name_1"":""Punjab""},{""gid_1"":""IND.29_1"",""migration_date"":""2025-12-20"",""migration_method"":""jaccard1"",""name_1"":""Rajasthan""},{""gid_1"":""IND.2_1"",""migration_date"":""2025-12-20"",""migration_method"":""puzzle1_1"",""name_1"":""Andhra Pradesh""},{""gid_1"":""IND.32_1"",""migration_date"":""2025-12-20"",""migration_method"":""puzzle1_1"",""name_1"":""Telangana""},{""gid_1"":""IND.34_1"",""migration_date"":""2025-12-20"",""migration_method"":""jaccard1"",""name_1"":""Uttar Pradesh""},{""gid_1"":""IND.3_1"",""migration_date"":""2025-12-20"",""migration_method"":""jaccard1"",""name_1"":""Arunachal Pradesh""},{""gid_1"":""IND.4_1"",""migration_date"":""2025-12-20"",""migration_method"":""jaccard1"",""name_1"":""Assam""},{""gid_1"":""IND.6_1"",""migration_date"":""2025-12-20"",""migration_method"":""jaccard1"",""name_1"":""Chandigarh""},{""gid_1"":""Z07.3_1"",""migration_date"":""2025-12-20"",""migration_method"":""jaccard1"",""name_1"":""Arunachal Pradesh""},{""gid_2"":""IND.11.1_1"",""migration_date"":""2025-12-20"",""migration_method"":""jaccard2"",""name_2"":""Ahmadabad""},{""gid_2"":""IND.13.5_1"",""migration_date"":""2025-12-20"",""migration_method"":""jaccard2"",""name_2"":""Kinnaur""},{""gid_2"":""IND.35.8_1"",""migration_date"":""2025-12-20"",""migration_method"":""jaccard2"",""name_2"":""Nainital""},{""gid_2"":""IND.35.9_1"",""migration_date"":""2025-12-20"",""migration_method"":""jaccard2"",""name_2"":""Pithoragarh""},{""gid_2"":""IND.36.12_1"",""migration_date"":""2025-12-20"",""migration_method"":""jaccard2"",""name_2"":""Maldah""},{""gid_2"":""IND.36.13_1"",""migration_date"":""2025-12-20"",""migration_method"":""jaccard2"",""name_2"":""Murshidabad""},{""gid_2"":""IND.36.14_1"",""migration_date"":""2025-12-20"",""migration_method"":""jaccard2"",""name_2"":""Nadia""},{""gid_2"":""IND.36.15_1"",""migration_date"":""2025-12-20"",""migration_method"":""jaccard2"",""name_2"":""North 24 Parganas""},{""gid_2"":""IND.36.16_1"",""migration_date"":""2025-12-20"",""migration_method"":""jaccard2"",""name_2"":""Pashchim Medinipur""},{""gid_2"":""IND.36.2_1"",""migration_date"":""2025-12-20"",""migration_method"":""jaccard2"",""name_2"":""Bankura""},{""gid_2"":""IND.36.3_1"",""migration_date"":""2025-12-20"",""migration_method"":""jaccard2"",""name_2"":""Barddhaman""},{""gid_2"":""IND.36.4_1"",""migration_date"":""2025-12-20"",""migration_method"":""jaccard2"",""name_2"":""Birbhum""},{""gid_2"":""IND.36.7_1"",""migration_date"":""2025-12-20"",""migration_method"":""jaccard2"",""name_2"":""Haora""},{""gid_2"":""IND.36.8_1"",""migration_date"":""2025-12-20"",""migration_method"":""jaccard2"",""name_2"":""Hugli""},{""gid_2"":""IND.5.15_1"",""migration_date"":""2025-12-20"",""migration_method"":""jaccard2"",""name_2"":""Katihar""},{""gid_2"":""IND.5.35_1"",""migration_date"":""2025-12-20"",""migration_method"":""jaccard2"",""name_2"":""Sitamarhi""}]",2008-01-03,2025-12-20